date,facility_id,facility_name,day_of_week,is_weekend,is_holiday,hour,time_slot,capacity,capacity_per_slot_base,booked,occupancy_rate,overload_probability,wait_time_minutes,is_busy,alert_threshold
2026-06-12,1,VaxCare Phú Nhuận,4,0,0,13,13:00:00,17,15,4,0.235,0.2016,12,0,50
2026-06-06,1,VaxCare Phú Nhuận,5,1,0,10,10:00:00,20,15,7,0.35,0.2212,17,0,50
2026-05-07,1,VaxCare Phú Nhuận,3,0,0,15,15:00:00,16,15,9,0.562,0.3495,19,0,50
2026-05-25,1,VaxCare Phú Nhuận,0,0,0,15,15:00:00,19,15,11,0.579,0.5083,17,0,50
2026-06-26,1,VaxCare Phú Nhuận,4,0,0,14,14:00:00,19,15,19,1.0,0.9243,68,1,50
2026-05-09,1,VaxCare Phú Nhuận,5,1,0,9,09:00:00,18,15,7,0.389,0.3703,28,0,50
2026-05-08,1,VaxCare Phú Nhuận,4,0,0,16,16:00:00,17,15,12,0.706,0.6184,37,0,50
2026-05-19,1,VaxCare Phú Nhuận,1,0,0,9,09:00:00,17,15,10,0.588,0.5847,20,0,50
2026-06-06,1,VaxCare Phú Nhuận,5,1,0,13,13:00:00,17,15,0,0.0,0.0361,5,0,50
2026-06-18,1,VaxCare Phú Nhuận,3,0,0,15,15:00:00,17,15,7,0.412,0.3924,18,0,50
2026-07-28,1,VaxCare Phú Nhuận,1,0,0,10,10:00:00,20,15,2,0.1,0.092,10,0,50
2026-06-26,1,VaxCare Phú Nhuận,4,0,0,8,08:00:00,20,15,11,0.55,0.5239,28,0,50
2026-05-05,1,VaxCare Phú Nhuận,1,0,0,16,16:00:00,18,15,8,0.444,0.3183,15,0,50
2026-05-13,1,VaxCare Phú Nhuận,2,0,0,14,14:00:00,17,15,11,0.647,0.6111,18,0,50
2026-06-23,1,VaxCare Phú Nhuận,1,0,0,15,15:00:00,19,15,8,0.421,0.3143,21,0,50
2026-06-11,1,VaxCare Phú Nhuận,3,0,0,8,08:00:00,19,15,0,0.0,0.01,12,0,50
2026-05-11,1,VaxCare Phú Nhuận,0,0,0,15,15:00:00,20,15,17,0.85,0.779,53,1,50
2026-07-18,1,VaxCare Phú Nhuận,5,1,0,11,11:00:00,17,15,8,0.471,0.441,18,0,50
2026-06-02,1,VaxCare Phú Nhuận,1,0,0,11,11:00:00,18,15,0,0.0,0.01,9,0,50
2026-05-27,1,VaxCare Phú Nhuận,2,0,0,14,14:00:00,17,15,10,0.588,0.6318,13,0,50
2026-06-25,1,VaxCare Phú Nhuận,3,0,0,15,15:00:00,17,15,8,0.471,0.4501,17,0,50
2026-06-15,1,VaxCare Phú Nhuận,0,0,0,16,16:00:00,18,15,6,0.333,0.3304,5,0,50
2026-05-05,1,VaxCare Phú Nhuận,1,0,0,9,09:00:00,20,15,17,0.85,0.7339,73,1,50
2026-07-25,1,VaxCare Phú Nhuận,5,1,0,15,15:00:00,17,15,3,0.176,0.2009,3,0,50
2026-06-29,1,VaxCare Phú Nhuận,0,0,0,15,15:00:00,20,15,19,0.95,0.7599,82,1,50
2026-06-10,1,VaxCare Phú Nhuận,2,0,0,11,11:00:00,18,15,7,0.389,0.2591,12,0,50
2026-06-01,1,VaxCare Phú Nhuận,0,0,0,15,15:00:00,20,15,5,0.25,0.1118,9,0,50
2026-05-27,1,VaxCare Phú Nhuận,2,0,0,10,10:00:00,17,15,5,0.294,0.1598,8,0,50
2026-05-16,1,VaxCare Phú Nhuận,5,1,0,8,08:00:00,18,15,2,0.111,0.0761,10,0,50
2026-05-17,1,VaxCare Phú Nhuận,6,1,0,14,14:00:00,18,15,9,0.5,0.3692,7,0,50
2026-06-22,1,VaxCare Phú Nhuận,0,0,0,9,09:00:00,18,15,15,0.833,0.6362,33,1,50
2026-06-15,1,VaxCare Phú Nhuận,0,0,0,11,11:00:00,19,15,4,0.211,0.2587,9,0,50
2026-06-12,1,VaxCare Phú Nhuận,4,0,0,8,08:00:00,18,15,5,0.278,0.3467,10,0,50
2026-06-16,1,VaxCare Phú Nhuận,1,0,0,16,16:00:00,20,15,6,0.3,0.1316,3,0,50
2026-07-11,1,VaxCare Phú Nhuận,5,1,0,11,11:00:00,19,15,4,0.211,0.162,8,0,50
2026-07-19,1,VaxCare Phú Nhuận,6,1,0,13,13:00:00,18,15,4,0.222,0.2379,7,0,50
2026-07-29,1,VaxCare Phú Nhuận,2,0,0,13,13:00:00,19,15,2,0.105,0.0446,14,0,50
2026-07-11,1,VaxCare Phú Nhuận,5,1,0,9,09:00:00,18,15,6,0.333,0.1744,5,0,50
2026-07-12,1,VaxCare Phú Nhuận,6,1,0,16,16:00:00,18,15,3,0.167,0.0457,8,0,50
2026-07-01,1,VaxCare Phú Nhuận,2,0,0,14,14:00:00,18,15,18,1.0,0.9695,47,1,50
2026-06-07,1,VaxCare Phú Nhuận,6,1,0,13,13:00:00,19,15,2,0.105,0.01,4,0,50
2026-05-17,1,VaxCare Phú Nhuận,6,1,0,16,16:00:00,18,15,6,0.333,0.2435,3,0,50
2026-05-07,1,VaxCare Phú Nhuận,3,0,0,9,09:00:00,20,15,19,0.95,0.7377,40,1,50
2026-07-29,1,VaxCare Phú Nhuận,2,0,0,8,08:00:00,20,15,7,0.35,0.3862,29,0,50
2026-06-22,1,VaxCare Phú Nhuận,0,0,0,8,08:00:00,19,15,13,0.684,0.6676,39,0,50
2026-05-10,1,VaxCare Phú Nhuận,6,1,0,8,08:00:00,20,15,14,0.7,0.4626,32,0,50
2026-06-12,1,VaxCare Phú Nhuận,4,0,0,15,15:00:00,20,15,7,0.35,0.2505,21,0,50
2026-07-14,1,VaxCare Phú Nhuận,1,0,0,14,14:00:00,18,15,14,0.778,0.6377,21,1,50
2026-07-21,1,VaxCare Phú Nhuận,1,0,1,11,11:00:00,19,15,1,0.053,0.0608,8,0,50
2026-05-10,1,VaxCare Phú Nhuận,6,1,0,14,14:00:00,18,15,9,0.5,0.3992,24,0,50
2026-07-05,1,VaxCare Phú Nhuận,6,1,0,10,10:00:00,17,15,10,0.588,0.4697,17,0,50
2026-07-24,1,VaxCare Phú Nhuận,4,0,0,8,08:00:00,18,15,2,0.111,0.1059,17,0,50
2026-06-24,1,VaxCare Phú Nhuận,2,0,0,14,14:00:00,17,15,11,0.647,0.6214,16,0,50
2026-07-13,1,VaxCare Phú Nhuận,0,0,0,16,16:00:00,19,15,10,0.526,0.4301,21,0,50
2026-05-17,1,VaxCare Phú Nhuận,6,1,0,11,11:00:00,16,15,8,0.5,0.4418,28,0,50
2026-06-14,1,VaxCare Phú Nhuận,6,1,0,8,08:00:00,18,15,5,0.278,0.2161,6,0,50
2026-05-27,1,VaxCare Phú Nhuận,2,0,0,11,11:00:00,18,15,7,0.389,0.4024,20,0,50
2026-05-27,1,VaxCare Phú Nhuận,2,0,0,16,16:00:00,18,15,11,0.611,0.5383,28,0,50
2026-05-11,1,VaxCare Phú Nhuận,0,0,0,13,13:00:00,18,15,12,0.667,0.4996,27,0,50
2026-06-11,1,VaxCare Phú Nhuận,3,0,0,9,09:00:00,17,15,5,0.294,0.066,3,0,50
2026-07-06,1,VaxCare Phú Nhuận,0,0,0,13,13:00:00,19,15,14,0.737,0.567,40,0,50
2026-05-02,1,VaxCare Phú Nhuận,5,1,0,10,10:00:00,16,15,5,0.312,0.3013,8,0,50
2026-05-10,1,VaxCare Phú Nhuận,6,1,0,15,15:00:00,17,15,8,0.471,0.3947,30,0,50
2026-06-19,1,VaxCare Phú Nhuận,4,0,0,9,09:00:00,17,15,13,0.765,0.5754,50,1,50
2026-06-01,1,VaxCare Phú Nhuận,0,0,0,10,10:00:00,17,15,3,0.176,0.1302,11,0,50
2026-05-13,1,VaxCare Phú Nhuận,2,0,0,9,09:00:00,18,15,18,1.0,0.7618,79,1,50
2026-07-21,1,VaxCare Phú Nhuận,1,0,1,15,15:00:00,17,15,3,0.176,0.4027,9,0,50
2026-05-20,1,VaxCare Phú Nhuận,2,0,0,11,11:00:00,17,15,13,0.765,0.7113,46,1,50
2026-07-05,1,VaxCare Phú Nhuận,6,1,0,16,16:00:00,18,15,10,0.556,0.4968,11,0,50
2026-07-14,1,VaxCare Phú Nhuận,1,0,0,13,13:00:00,20,15,7,0.35,0.3684,17,0,50
2026-07-23,1,VaxCare Phú Nhuận,3,0,0,13,13:00:00,17,15,7,0.412,0.3643,11,0,50
2026-06-21,1,VaxCare Phú Nhuận,6,1,0,8,08:00:00,18,15,6,0.333,0.3399,9,0,50
2026-05-11,1,VaxCare Phú Nhuận,0,0,0,9,09:00:00,19,15,19,1.0,0.7986,57,1,50
2026-06-17,1,VaxCare Phú Nhuận,2,0,0,15,15:00:00,19,15,8,0.421,0.1635,13,0,50
2026-05-19,1,VaxCare Phú Nhuận,1,0,0,13,13:00:00,19,15,16,0.842,0.6493,40,1,50
2026-07-07,1,VaxCare Phú Nhuận,1,0,0,8,08:00:00,17,15,12,0.706,0.7434,33,0,50
2026-07-12,1,VaxCare Phú Nhuận,6,1,0,14,14:00:00,18,15,9,0.5,0.4393,13,0,50
2026-06-13,1,VaxCare Phú Nhuận,5,1,0,8,08:00:00,17,15,5,0.294,0.1945,9,0,50
2026-07-29,1,VaxCare Phú Nhuận,2,0,0,10,10:00:00,18,15,7,0.389,0.3947,25,0,50
2026-06-01,1,VaxCare Phú Nhuận,0,0,0,8,08:00:00,20,15,3,0.15,0.2253,6,0,50
2026-07-06,1,VaxCare Phú Nhuận,0,0,0,14,14:00:00,20,15,18,0.9,0.6909,36,1,50
2026-06-08,1,VaxCare Phú Nhuận,0,0,0,10,10:00:00,19,15,7,0.368,0.2674,19,0,50
2026-05-25,1,VaxCare Phú Nhuận,0,0,0,8,08:00:00,18,15,8,0.444,0.3057,25,0,50
2026-06-07,1,VaxCare Phú Nhuận,6,1,0,11,11:00:00,19,15,1,0.053,0.0203,7,0,50
2026-05-04,1,VaxCare Phú Nhuận,0,0,0,16,16:00:00,20,15,10,0.5,0.3863,20,0,50
2026-07-02,1,VaxCare Phú Nhuận,3,0,0,16,16:00:00,18,15,15,0.833,0.7616,38,1,50
2026-07-08,1,VaxCare Phú Nhuận,2,0,0,14,14:00:00,17,15,17,1.0,0.8143,62,1,50
2026-05-29,1,VaxCare Phú Nhuận,4,0,0,16,16:00:00,20,15,7,0.35,0.3282,23,0,50
2026-06-27,1,VaxCare Phú Nhuận,5,1,0,9,09:00:00,19,15,7,0.368,0.3998,16,0,50
2026-07-22,1,VaxCare Phú Nhuận,2,0,0,13,13:00:00,17,15,3,0.176,0.1992,8,0,50
2026-05-30,1,VaxCare Phú Nhuận,5,1,0,10,10:00:00,20,15,1,0.05,0.1013,3,0,50
2026-05-07,1,VaxCare Phú Nhuận,3,0,0,16,16:00:00,20,15,10,0.5,0.5072,21,0,50
2026-05-27,1,VaxCare Phú Nhuận,2,0,0,9,09:00:00,18,15,11,0.611,0.3618,14,0,50
2026-06-12,1,VaxCare Phú Nhuận,4,0,0,10,10:00:00,17,15,14,0.824,0.6297,24,1,50
2026-05-22,1,VaxCare Phú Nhuận,4,0,0,15,15:00:00,19,15,10,0.526,0.4383,19,0,50
2026-06-13,1,VaxCare Phú Nhuận,5,1,0,15,15:00:00,19,15,3,0.158,0.1822,8,0,50
2026-05-10,1,VaxCare Phú Nhuận,6,1,0,13,13:00:00,17,15,7,0.412,0.3558,20,0,50
2026-05-01,1,VaxCare Phú Nhuận,4,0,0,10,10:00:00,17,15,9,0.529,0.4124,12,0,50
2026-07-08,1,VaxCare Phú Nhuận,2,0,0,13,13:00:00,20,15,12,0.6,0.5694,17,0,50
2026-05-14,1,VaxCare Phú Nhuận,3,0,0,14,14:00:00,17,15,15,0.882,0.6133,55,1,50
2026-06-06,1,VaxCare Phú Nhuận,5,1,0,11,11:00:00,20,15,1,0.05,0.01,5,0,50
2026-07-29,1,VaxCare Phú Nhuận,2,0,0,11,11:00:00,18,15,3,0.167,0.1097,5,0,50
2026-06-08,1,VaxCare Phú Nhuận,0,0,0,16,16:00:00,18,15,4,0.222,0.1111,10,0,50
2026-06-13,1,VaxCare Phú Nhuận,5,1,0,16,16:00:00,19,15,2,0.105,0.0749,3,0,50
2026-05-27,1,VaxCare Phú Nhuận,2,0,0,8,08:00:00,17,15,7,0.412,0.4444,25,0,50
2026-06-14,1,VaxCare Phú Nhuận,6,1,0,14,14:00:00,18,15,4,0.222,0.2576,7,0,50
2026-05-23,1,VaxCare Phú Nhuận,5,1,0,14,14:00:00,18,15,6,0.333,0.2892,15,0,50
2026-05-30,1,VaxCare Phú Nhuận,5,1,0,11,11:00:00,16,15,0,0.0,0.01,3,0,50
2026-05-29,1,VaxCare Phú Nhuận,4,0,0,11,11:00:00,17,15,2,0.118,0.0458,15,0,50
2026-07-22,1,VaxCare Phú Nhuận,2,0,0,9,09:00:00,19,15,8,0.421,0.3874,25,0,50
2026-05-15,1,VaxCare Phú Nhuận,4,0,0,15,15:00:00,17,15,11,0.647,0.6326,4,0,50
2026-06-26,1,VaxCare Phú Nhuận,4,0,0,10,10:00:00,20,15,20,1.0,0.873,71,1,50
2026-07-17,1,VaxCare Phú Nhuận,4,0,0,16,16:00:00,17,15,7,0.412,0.4411,16,0,50
2026-05-12,1,VaxCare Phú Nhuận,1,0,0,10,10:00:00,18,15,17,0.944,0.7152,59,1,50
2026-07-04,1,VaxCare Phú Nhuận,5,1,0,10,10:00:00,18,15,12,0.667,0.5652,49,0,50
2026-06-10,1,VaxCare Phú Nhuận,2,0,0,16,16:00:00,19,15,5,0.263,0.2147,4,0,50
2026-06-17,1,VaxCare Phú Nhuận,2,0,0,9,09:00:00,18,15,13,0.722,0.5724,27,0,50
2026-05-08,1,VaxCare Phú Nhuận,4,0,0,13,13:00:00,16,15,11,0.688,0.4629,30,0,50
2026-07-12,1,VaxCare Phú Nhuận,6,1,0,11,11:00:00,20,15,6,0.3,0.1938,16,0,50
2026-05-04,1,VaxCare Phú Nhuận,0,0,0,15,15:00:00,17,15,13,0.765,0.7849,27,1,50
2026-05-09,1,VaxCare Phú Nhuận,5,1,0,14,14:00:00,19,15,6,0.316,0.3061,12,0,50
2026-06-19,1,VaxCare Phú Nhuận,4,0,0,15,15:00:00,20,15,11,0.55,0.5819,16,0,50
2026-07-17,1,VaxCare Phú Nhuận,4,0,0,15,15:00:00,19,15,10,0.526,0.4202,18,0,50
2026-05-06,1,VaxCare Phú Nhuận,2,0,0,13,13:00:00,17,15,7,0.412,0.3812,18,0,50
2026-06-06,1,VaxCare Phú Nhuận,5,1,0,15,15:00:00,17,15,1,0.059,0.01,9,0,50
2026-05-09,1,VaxCare Phú Nhuận,5,1,0,15,15:00:00,18,15,3,0.167,0.1953,9,0,50
2026-06-18,1,VaxCare Phú Nhuận,3,0,0,13,13:00:00,17,15,9,0.529,0.4275,20,0,50
2026-07-21,1,VaxCare Phú Nhuận,1,0,1,13,13:00:00,17,15,4,0.235,0.0303,6,0,50
2026-07-13,1,VaxCare Phú Nhuận,0,0,0,13,13:00:00,19,15,16,0.842,0.6609,29,1,50
2026-06-27,1,VaxCare Phú Nhuận,5,1,0,15,15:00:00,18,15,5,0.278,0.5679,7,0,50
2026-07-24,1,VaxCare Phú Nhuận,4,0,0,9,09:00:00,19,15,6,0.316,0.1321,3,0,50
2026-06-22,1,VaxCare Phú Nhuận,0,0,0,13,13:00:00,17,15,8,0.471,0.3565,24,0,50
2026-05-28,1,VaxCare Phú Nhuận,3,0,0,13,13:00:00,19,15,8,0.421,0.4247,18,0,50
2026-07-09,1,VaxCare Phú Nhuận,3,0,0,8,08:00:00,18,15,16,0.889,0.7128,40,1,50
2026-06-11,1,VaxCare Phú Nhuận,3,0,0,16,16:00:00,19,15,5,0.263,0.2472,9,0,50
2026-07-28,1,VaxCare Phú Nhuận,1,0,0,15,15:00:00,18,15,5,0.278,0.1298,8,0,50
2026-05-18,1,VaxCare Phú Nhuận,0,0,0,8,08:00:00,19,15,12,0.632,0.5113,12,0,50
2026-05-01,1,VaxCare Phú Nhuận,4,0,0,15,15:00:00,17,15,8,0.471,0.3079,17,0,50
2026-05-28,1,VaxCare Phú Nhuận,3,0,0,16,16:00:00,20,15,12,0.6,0.5077,19,0,50
2026-05-21,1,VaxCare Phú Nhuận,3,0,0,13,13:00:00,18,15,14,0.778,0.6003,32,1,50
2026-05-21,1,VaxCare Phú Nhuận,3,0,0,14,14:00:00,20,15,16,0.8,0.6908,43,1,50
2026-05-25,1,VaxCare Phú Nhuận,0,0,0,16,16:00:00,18,15,8,0.444,0.4504,25,0,50
2026-05-17,1,VaxCare Phú Nhuận,6,1,0,13,13:00:00,18,15,8,0.444,0.5042,15,0,50
2026-07-02,1,VaxCare Phú Nhuận,3,0,0,14,14:00:00,19,15,19,1.0,0.7034,37,1,50
2026-06-19,1,VaxCare Phú Nhuận,4,0,0,11,11:00:00,18,15,8,0.444,0.4033,22,0,50
2026-05-06,1,VaxCare Phú Nhuận,2,0,0,9,09:00:00,19,15,17,0.895,0.8214,48,1,50
2026-05-14,1,VaxCare Phú Nhuận,3,0,0,13,13:00:00,18,15,16,0.889,0.7934,55,1,50
2026-07-20,1,VaxCare Phú Nhuận,0,0,0,13,13:00:00,17,15,8,0.471,0.4379,22,0,50
2026-05-08,1,VaxCare Phú Nhuận,4,0,0,8,08:00:00,19,15,14,0.737,0.6615,40,0,50
2026-05-20,1,VaxCare Phú Nhuận,2,0,0,15,15:00:00,18,15,8,0.444,0.3879,6,0,50
2026-06-28,1,VaxCare Phú Nhuận,6,1,0,8,08:00:00,18,15,11,0.611,0.6064,22,0,50
2026-06-10,1,VaxCare Phú Nhuận,2,0,0,13,13:00:00,18,15,4,0.222,0.1281,7,0,50
2026-07-06,1,VaxCare Phú Nhuận,0,0,0,11,11:00:00,20,15,13,0.65,0.4783,30,0,50
2026-05-04,1,VaxCare Phú Nhuận,0,0,0,8,08:00:00,19,15,9,0.474,0.4183,22,0,50
2026-07-07,1,VaxCare Phú Nhuận,1,0,0,14,14:00:00,19,15,18,0.947,0.871,48,1,50
2026-06-02,1,VaxCare Phú Nhuận,1,0,0,13,13:00:00,20,15,10,0.5,0.4434,18,0,50
2026-07-08,1,VaxCare Phú Nhuận,2,0,0,15,15:00:00,17,15,10,0.588,0.3748,22,0,50
2026-06-07,1,VaxCare Phú Nhuận,6,1,0,15,15:00:00,19,15,1,0.053,0.01,11,0,50
2026-06-23,1,VaxCare Phú Nhuận,1,0,0,16,16:00:00,18,15,11,0.611,0.5383,19,0,50
2026-05-14,1,VaxCare Phú Nhuận,3,0,0,15,15:00:00,17,15,10,0.588,0.5259,23,0,50
2026-05-11,1,VaxCare Phú Nhuận,0,0,0,10,10:00:00,20,15,17,0.85,0.6624,58,1,50
2026-05-07,1,VaxCare Phú Nhuận,3,0,0,11,11:00:00,18,15,11,0.611,0.5822,22,0,50
2026-07-24,1,VaxCare Phú Nhuận,4,0,0,16,16:00:00,20,15,7,0.35,0.2653,20,0,50
2026-07-12,1,VaxCare Phú Nhuận,6,1,0,8,08:00:00,19,15,4,0.211,0.0513,6,0,50
2026-07-13,1,VaxCare Phú Nhuận,0,0,0,14,14:00:00,19,15,15,0.789,0.5757,36,1,50
2026-06-05,1,VaxCare Phú Nhuận,4,0,0,9,09:00:00,18,15,7,0.389,0.2443,19,0,50
2026-06-02,1,VaxCare Phú Nhuận,1,0,0,9,09:00:00,18,15,6,0.333,0.3311,5,0,50
2026-07-19,1,VaxCare Phú Nhuận,6,1,0,16,16:00:00,17,15,3,0.176,0.117,3,0,50
2026-06-09,1,VaxCare Phú Nhuận,1,0,0,15,15:00:00,20,15,3,0.15,0.2025,3,0,50
2026-05-03,1,VaxCare Phú Nhuận,6,1,0,10,10:00:00,17,15,7,0.412,0.2803,12,0,50
2026-05-31,1,VaxCare Phú Nhuận,6,1,0,13,13:00:00,20,15,2,0.1,0.0172,12,0,50
2026-06-19,1,VaxCare Phú Nhuận,4,0,0,10,10:00:00,18,15,9,0.5,0.3807,10,0,50
2026-07-15,1,VaxCare Phú Nhuận,2,0,0,11,11:00:00,20,15,9,0.45,0.407,22,0,50
2026-07-02,1,VaxCare Phú Nhuận,3,0,0,11,11:00:00,17,15,14,0.824,0.6088,30,1,50
2026-05-08,1,VaxCare Phú Nhuận,4,0,0,14,14:00:00,18,15,15,0.833,0.8557,44,1,50
2026-05-23,1,VaxCare Phú Nhuận,5,1,0,15,15:00:00,18,15,9,0.5,0.4514,28,0,50
2026-07-03,1,VaxCare Phú Nhuận,4,0,0,10,10:00:00,17,15,17,1.0,0.8426,82,1,50
2026-05-04,1,VaxCare Phú Nhuận,0,0,0,14,14:00:00,16,15,14,0.875,0.7009,63,1,50
2026-05-26,1,VaxCare Phú Nhuận,1,0,0,13,13:00:00,18,15,7,0.389,0.341,24,0,50
2026-07-27,1,VaxCare Phú Nhuận,0,0,0,14,14:00:00,19,15,5,0.263,0.1868,8,0,50
2026-06-03,1,VaxCare Phú Nhuận,2,0,0,9,09:00:00,18,15,9,0.5,0.4762,18,0,50
2026-06-14,1,VaxCare Phú Nhuận,6,1,0,13,13:00:00,20,15,2,0.1,0.015,3,0,50
2026-06-28,1,VaxCare Phú Nhuận,6,1,0,14,14:00:00,17,15,15,0.882,0.8124,62,1,50
2026-07-23,1,VaxCare Phú Nhuận,3,0,0,11,11:00:00,18,15,1,0.056,0.1695,12,0,50
2026-06-26,1,VaxCare Phú Nhuận,4,0,0,9,09:00:00,19,15,17,0.895,0.8022,53,1,50
2026-06-24,1,VaxCare Phú Nhuận,2,0,0,8,08:00:00,18,15,8,0.444,0.3507,20,0,50
2026-07-17,1,VaxCare Phú Nhuận,4,0,0,11,11:00:00,20,15,11,0.55,0.6205,20,0,50
2026-06-02,1,VaxCare Phú Nhuận,1,0,0,8,08:00:00,18,15,9,0.5,0.3335,23,0,50
2026-06-14,1,VaxCare Phú Nhuận,6,1,0,9,09:00:00,19,15,9,0.474,0.4117,11,0,50
2026-06-24,1,VaxCare Phú Nhuận,2,0,0,16,16:00:00,20,15,11,0.55,0.5761,11,0,50
2026-05-23,1,VaxCare Phú Nhuận,5,1,0,8,08:00:00,18,15,9,0.5,0.4005,20,0,50
2026-05-30,1,VaxCare Phú Nhuận,5,1,0,16,16:00:00,17,15,2,0.118,0.2314,8,0,50
2026-06-23,1,VaxCare Phú Nhuận,1,0,0,10,10:00:00,19,15,13,0.684,0.6524,20,0,50
2026-05-18,1,VaxCare Phú Nhuận,0,0,0,9,09:00:00,18,15,18,1.0,0.8576,44,1,50
2026-05-25,1,VaxCare Phú Nhuận,0,0,0,13,13:00:00,18,15,9,0.5,0.4896,32,0,50
2026-07-24,1,VaxCare Phú Nhuận,4,0,0,10,10:00:00,17,15,6,0.353,0.4121,22,0,50
2026-05-21,1,VaxCare Phú Nhuận,3,0,0,11,11:00:00,19,15,9,0.474,0.3707,31,0,50
2026-06-14,1,VaxCare Phú Nhuận,6,1,0,11,11:00:00,19,15,6,0.316,0.3373,14,0,50
2026-07-18,1,VaxCare Phú Nhuận,5,1,0,16,16:00:00,19,15,4,0.211,0.1331,11,0,50
2026-06-28,1,VaxCare Phú Nhuận,6,1,0,15,15:00:00,19,15,9,0.474,0.424,17,0,50
2026-07-12,1,VaxCare Phú Nhuận,6,1,0,10,10:00:00,18,15,5,0.278,0.3401,7,0,50
2026-06-28,1,VaxCare Phú Nhuận,6,1,0,13,13:00:00,18,15,9,0.5,0.415,21,0,50
2026-06-09,1,VaxCare Phú Nhuận,1,0,0,16,16:00:00,17,15,0,0.0,0.066,3,0,50
2026-07-06,1,VaxCare Phú Nhuận,0,0,0,15,15:00:00,19,15,14,0.737,0.6694,21,0,50
2026-05-14,1,VaxCare Phú Nhuận,3,0,0,8,08:00:00,17,15,9,0.529,0.4624,13,0,50
2026-05-15,1,VaxCare Phú Nhuận,4,0,0,10,10:00:00,20,15,19,0.95,0.7522,52,1,50
2026-07-24,1,VaxCare Phú Nhuận,4,0,0,11,11:00:00,18,15,3,0.167,0.1599,14,0,50
2026-05-27,1,VaxCare Phú Nhuận,2,0,0,13,13:00:00,17,15,6,0.353,0.2084,12,0,50
2026-07-20,1,VaxCare Phú Nhuận,0,0,0,14,14:00:00,17,15,10,0.588,0.5066,22,0,50
2026-06-17,1,VaxCare Phú Nhuận,2,0,0,14,14:00:00,18,15,12,0.667,0.3819,45,0,50
2026-05-12,1,VaxCare Phú Nhuận,1,0,0,13,13:00:00,19,15,15,0.789,0.7534,39,1,50
2026-05-01,1,VaxCare Phú Nhuận,4,0,0,16,16:00:00,18,15,10,0.556,0.5618,9,0,50
2026-05-12,1,VaxCare Phú Nhuận,1,0,0,9,09:00:00,20,15,20,1.0,0.7652,61,1,50
2026-07-08,1,VaxCare Phú Nhuận,2,0,0,9,09:00:00,18,15,18,1.0,0.8045,46,1,50
2026-07-26,1,VaxCare Phú Nhuận,6,1,0,8,08:00:00,18,15,0,0.0,0.01,7,0,50
2026-07-07,1,VaxCare Phú Nhuận,1,0,0,10,10:00:00,18,15,14,0.778,0.5521,36,1,50
2026-07-08,1,VaxCare Phú Nhuận,2,0,0,16,16:00:00,20,15,17,0.85,0.7743,49,1,50
2026-07-14,1,VaxCare Phú Nhuận,1,0,0,15,15:00:00,18,15,9,0.5,0.2338,12,0,50
2026-07-27,1,VaxCare Phú Nhuận,0,0,0,9,09:00:00,20,15,7,0.35,0.1964,10,0,50
2026-05-18,1,VaxCare Phú Nhuận,0,0,0,13,13:00:00,18,15,16,0.889,0.6902,50,1,50
2026-05-04,1,VaxCare Phú Nhuận,0,0,0,13,13:00:00,18,15,6,0.333,0.3148,10,0,50
2026-05-06,1,VaxCare Phú Nhuận,2,0,0,11,11:00:00,19,15,10,0.526,0.4836,17,0,50
2026-05-06,1,VaxCare Phú Nhuận,2,0,0,10,10:00:00,18,15,15,0.833,0.7355,25,1,50
2026-05-10,1,VaxCare Phú Nhuận,6,1,0,9,09:00:00,19,15,8,0.421,0.3334,11,0,50
2026-05-21,1,VaxCare Phú Nhuận,3,0,0,16,16:00:00,20,15,16,0.8,0.6264,35,1,50
2026-07-09,1,VaxCare Phú Nhuận,3,0,0,14,14:00:00,18,15,18,1.0,0.7607,69,1,50
2026-07-18,1,VaxCare Phú Nhuận,5,1,0,14,14:00:00,18,15,0,0.0,0.068,5,0,50
2026-05-09,1,VaxCare Phú Nhuận,5,1,0,10,10:00:00,17,15,9,0.529,0.374,23,0,50
2026-05-02,1,VaxCare Phú Nhuận,5,1,0,11,11:00:00,19,15,1,0.053,0.01,12,0,50
2026-06-10,1,VaxCare Phú Nhuận,2,0,0,15,15:00:00,18,15,1,0.056,0.01,10,0,50
2026-07-13,1,VaxCare Phú Nhuận,0,0,0,10,10:00:00,19,15,15,0.789,0.7046,27,1,50
2026-05-23,1,VaxCare Phú Nhuận,5,1,0,10,10:00:00,17,15,7,0.412,0.4019,22,0,50
2026-06-05,1,VaxCare Phú Nhuận,4,0,0,15,15:00:00,18,15,4,0.222,0.0796,11,0,50
2026-07-08,1,VaxCare Phú Nhuận,2,0,0,11,11:00:00,20,15,9,0.45,0.4224,23,0,50
2026-06-24,1,VaxCare Phú Nhuận,2,0,0,10,10:00:00,18,15,13,0.722,0.7498,41,0,50
2026-07-25,1,VaxCare Phú Nhuận,5,1,0,13,13:00:00,20,15,0,0.0,0.01,3,0,50
2026-06-26,1,VaxCare Phú Nhuận,4,0,0,11,11:00:00,20,15,12,0.6,0.4651,18,0,50
2026-05-23,1,VaxCare Phú Nhuận,5,1,0,9,09:00:00,19,15,4,0.211,0.1606,3,0,50
2026-07-04,1,VaxCare Phú Nhuận,5,1,0,9,09:00:00,19,15,15,0.789,0.5764,35,1,50
2026-07-21,1,VaxCare Phú Nhuận,1,0,1,9,09:00:00,17,15,2,0.118,0.2373,4,0,50
2026-05-11,1,VaxCare Phú Nhuận,0,0,0,11,11:00:00,18,15,12,0.667,0.6047,39,0,50
2026-05-28,1,VaxCare Phú Nhuận,3,0,0,10,10:00:00,17,15,8,0.471,0.3985,29,0,50
2026-06-30,1,VaxCare Phú Nhuận,1,0,0,14,14:00:00,17,15,17,1.0,0.8311,44,1,50
2026-07-03,1,VaxCare Phú Nhuận,4,0,0,11,11:00:00,20,15,13,0.65,0.5877,29,0,50
2026-06-28,1,VaxCare Phú Nhuận,6,1,0,11,11:00:00,19,15,8,0.421,0.2195,30,0,50
2026-07-17,1,VaxCare Phú Nhuận,4,0,0,14,14:00:00,17,15,16,0.941,0.8905,82,1,50
2026-07-19,1,VaxCare Phú Nhuận,6,1,0,9,09:00:00,19,15,4,0.211,0.068,5,0,50
2026-06-22,1,VaxCare Phú Nhuận,0,0,0,15,15:00:00,18,15,7,0.389,0.2902,21,0,50
2026-05-10,1,VaxCare Phú Nhuận,6,1,0,16,16:00:00,17,15,8,0.471,0.3626,26,0,50
2026-05-03,1,VaxCare Phú Nhuận,6,1,0,16,16:00:00,20,15,7,0.35,0.2353,13,0,50
2026-05-02,1,VaxCare Phú Nhuận,5,1,0,16,16:00:00,19,15,0,0.0,0.0617,12,0,50
2026-06-21,1,VaxCare Phú Nhuận,6,1,0,11,11:00:00,17,15,7,0.412,0.415,14,0,50
2026-06-25,1,VaxCare Phú Nhuận,3,0,0,14,14:00:00,18,15,18,1.0,0.8911,66,1,50
2026-06-04,1,VaxCare Phú Nhuận,3,0,0,11,11:00:00,18,15,0,0.0,0.01,3,0,50
2026-05-31,1,VaxCare Phú Nhuận,6,1,0,16,16:00:00,18,15,5,0.278,0.2912,5,0,50
2026-06-07,1,VaxCare Phú Nhuận,6,1,0,8,08:00:00,18,15,4,0.222,0.2692,17,0,50
2026-07-06,1,VaxCare Phú Nhuận,0,0,0,9,09:00:00,20,15,18,0.9,0.7664,81,1,50
2026-06-30,1,VaxCare Phú Nhuận,1,0,0,16,16:00:00,17,15,8,0.471,0.3847,21,0,50
2026-06-03,1,VaxCare Phú Nhuận,2,0,0,8,08:00:00,17,15,3,0.176,0.1303,3,0,50
2026-06-17,1,VaxCare Phú Nhuận,2,0,0,13,13:00:00,18,15,1,0.056,0.01,5,0,50
2026-06-11,1,VaxCare Phú Nhuận,3,0,0,11,11:00:00,17,15,3,0.176,0.1006,3,0,50
2026-06-11,1,VaxCare Phú Nhuận,3,0,0,15,15:00:00,18,15,4,0.222,0.115,5,0,50
2026-06-23,1,VaxCare Phú Nhuận,1,0,0,9,09:00:00,17,15,15,0.882,0.6931,80,1,50
2026-05-02,1,VaxCare Phú Nhuận,5,1,0,9,09:00:00,20,15,13,0.65,0.5119,30,0,50
2026-06-01,1,VaxCare Phú Nhuận,0,0,0,9,09:00:00,17,15,3,0.176,0.0898,9,0,50
2026-05-03,1,VaxCare Phú Nhuận,6,1,0,15,15:00:00,20,15,0,0.0,0.01,4,0,50
2026-05-28,1,VaxCare Phú Nhuận,3,0,0,14,14:00:00,18,15,9,0.5,0.2898,12,0,50
2026-07-18,1,VaxCare Phú Nhuận,5,1,0,13,13:00:00,19,15,3,0.158,0.0152,10,0,50
2026-07-28,1,VaxCare Phú Nhuận,1,0,0,8,08:00:00,18,15,7,0.389,0.3627,20,0,50
2026-06-15,1,VaxCare Phú Nhuận,0,0,0,10,10:00:00,17,15,10,0.588,0.5631,25,0,50
2026-07-15,1,VaxCare Phú Nhuận,2,0,0,9,09:00:00,17,15,12,0.706,0.6451,48,0,50
2026-05-26,1,VaxCare Phú Nhuận,1,0,0,11,11:00:00,20,15,12,0.6,0.444,19,0,50
2026-06-23,1,VaxCare Phú Nhuận,1,0,0,14,14:00:00,19,15,17,0.895,0.7695,71,1,50
2026-05-12,1,VaxCare Phú Nhuận,1,0,0,14,14:00:00,17,15,17,1.0,0.9565,48,1,50
2026-07-09,1,VaxCare Phú Nhuận,3,0,0,16,16:00:00,17,15,12,0.706,0.4381,32,0,50
2026-06-05,1,VaxCare Phú Nhuận,4,0,0,13,13:00:00,17,15,7,0.412,0.274,25,0,50
2026-06-20,1,VaxCare Phú Nhuận,5,1,0,14,14:00:00,18,15,6,0.333,0.3274,9,0,50
2026-05-24,1,VaxCare Phú Nhuận,6,1,0,8,08:00:00,17,15,13,0.765,0.6383,37,1,50
2026-07-12,1,VaxCare Phú Nhuận,6,1,0,13,13:00:00,19,15,7,0.368,0.3097,20,0,50
2026-06-09,1,VaxCare Phú Nhuận,1,0,0,10,10:00:00,17,15,3,0.176,0.0841,3,0,50
2026-05-20,1,VaxCare Phú Nhuận,2,0,0,9,09:00:00,20,15,15,0.75,0.4812,31,1,50
2026-05-10,1,VaxCare Phú Nhuận,6,1,0,11,11:00:00,20,15,8,0.4,0.3754,18,0,50
2026-06-15,1,VaxCare Phú Nhuận,0,0,0,8,08:00:00,18,15,7,0.389,0.4212,18,0,50
2026-06-04,1,VaxCare Phú Nhuận,3,0,0,14,14:00:00,20,15,8,0.4,0.3171,25,0,50
2026-05-09,1,VaxCare Phú Nhuận,5,1,0,13,13:00:00,18,15,5,0.278,0.2641,4,0,50
2026-06-21,1,VaxCare Phú Nhuận,6,1,0,9,09:00:00,19,15,11,0.579,0.439,21,0,50
2026-05-24,1,VaxCare Phú Nhuận,6,1,0,13,13:00:00,17,15,9,0.529,0.6584,18,0,50
2026-06-03,1,VaxCare Phú Nhuận,2,0,0,16,16:00:00,19,15,6,0.316,0.2924,3,0,50
2026-05-30,1,VaxCare Phú Nhuận,5,1,0,13,13:00:00,18,15,8,0.444,0.4677,29,0,50
2026-05-12,1,VaxCare Phú Nhuận,1,0,0,8,08:00:00,18,15,11,0.611,0.6971,21,0,50
2026-07-16,1,VaxCare Phú Nhuận,3,0,0,9,09:00:00,18,15,12,0.667,0.6205,33,0,50
2026-05-15,1,VaxCare Phú Nhuận,4,0,0,14,14:00:00,19,15,14,0.737,0.575,19,0,50
2026-05-16,1,VaxCare Phú Nhuận,5,1,0,14,14:00:00,19,15,10,0.526,0.4051,28,0,50
2026-07-13,1,VaxCare Phú Nhuận,0,0,0,15,15:00:00,19,15,11,0.579,0.6078,7,0,50
2026-06-06,1,VaxCare Phú Nhuận,5,1,0,9,09:00:00,20,15,0,0.0,0.01,7,0,50
2026-05-30,1,VaxCare Phú Nhuận,5,1,0,15,15:00:00,19,15,6,0.316,0.3846,10,0,50
2026-05-01,1,VaxCare Phú Nhuận,4,0,0,8,08:00:00,16,15,9,0.562,0.516,21,0,50
2026-07-28,1,VaxCare Phú Nhuận,1,0,0,16,16:00:00,17,15,6,0.353,0.3056,16,0,50
2026-06-11,1,VaxCare Phú Nhuận,3,0,0,13,13:00:00,19,15,2,0.105,0.1374,6,0,50
2026-07-04,1,VaxCare Phú Nhuận,5,1,0,13,13:00:00,19,15,9,0.474,0.5005,21,0,50
2026-06-12,2,VaxCare Thủ Đức - Bình Chiểu,4,0,0,13,13:00:00,12,12,2,0.167,0.14,18,0,40
2026-06-06,2,VaxCare Thủ Đức - Bình Chiểu,5,1,0,10,10:00:00,12,12,6,0.5,0.3098,12,0,40
2026-05-07,2,VaxCare Thủ Đức - Bình Chiểu,3,0,0,15,15:00:00,11,12,5,0.455,0.2939,20,0,40
2026-05-25,2,VaxCare Thủ Đức - Bình Chiểu,0,0,0,15,15:00:00,11,12,6,0.545,0.5718,19,0,40
2026-06-26,2,VaxCare Thủ Đức - Bình Chiểu,4,0,0,14,14:00:00,12,12,10,0.833,0.7833,43,1,40
2026-05-09,2,VaxCare Thủ Đức - Bình Chiểu,5,1,0,9,09:00:00,13,12,8,0.615,0.5078,20,0,40
2026-05-08,2,VaxCare Thủ Đức - Bình Chiểu,4,0,0,16,16:00:00,12,12,5,0.417,0.4459,17,0,40
2026-05-19,2,VaxCare Thủ Đức - Bình Chiểu,1,0,0,9,09:00:00,11,12,8,0.727,0.7006,39,0,40
2026-06-06,2,VaxCare Thủ Đức - Bình Chiểu,5,1,0,13,13:00:00,11,12,0,0.0,0.01,10,0,40
2026-06-18,2,VaxCare Thủ Đức - Bình Chiểu,3,0,0,15,15:00:00,11,12,5,0.455,0.4638,24,0,40
2026-07-28,2,VaxCare Thủ Đức - Bình Chiểu,1,0,0,10,10:00:00,11,12,5,0.455,0.4544,20,0,40
2026-06-26,2,VaxCare Thủ Đức - Bình Chiểu,4,0,0,8,08:00:00,11,12,7,0.636,0.6617,6,0,40
2026-05-05,2,VaxCare Thủ Đức - Bình Chiểu,1,0,0,16,16:00:00,12,12,8,0.667,0.462,30,0,40
2026-05-13,2,VaxCare Thủ Đức - Bình Chiểu,2,0,0,14,14:00:00,12,12,11,0.917,0.6667,81,1,40
2026-06-23,2,VaxCare Thủ Đức - Bình Chiểu,1,0,0,15,15:00:00,11,12,7,0.636,0.489,25,0,40
2026-06-11,2,VaxCare Thủ Đức - Bình Chiểu,3,0,0,8,08:00:00,11,12,3,0.273,0.2362,3,0,40
2026-05-11,2,VaxCare Thủ Đức - Bình Chiểu,0,0,0,15,15:00:00,12,12,7,0.583,0.4181,22,0,40
2026-07-18,2,VaxCare Thủ Đức - Bình Chiểu,5,1,0,11,11:00:00,12,12,1,0.083,0.0949,3,0,40
2026-06-02,2,VaxCare Thủ Đức - Bình Chiểu,1,0,0,11,11:00:00,12,12,7,0.583,0.5155,18,0,40
2026-05-27,2,VaxCare Thủ Đức - Bình Chiểu,2,0,0,14,14:00:00,10,12,7,0.7,0.6327,35,0,40
2026-06-25,2,VaxCare Thủ Đức - Bình Chiểu,3,0,0,15,15:00:00,12,12,9,0.75,0.5586,53,1,40
2026-06-15,2,VaxCare Thủ Đức - Bình Chiểu,0,0,0,16,16:00:00,12,12,8,0.667,0.6323,41,0,40
2026-05-05,2,VaxCare Thủ Đức - Bình Chiểu,1,0,0,9,09:00:00,12,12,11,0.917,0.8583,75,1,40
2026-07-25,2,VaxCare Thủ Đức - Bình Chiểu,5,1,0,15,15:00:00,10,12,0,0.0,0.0704,11,0,40
2026-06-29,2,VaxCare Thủ Đức - Bình Chiểu,0,0,0,15,15:00:00,12,12,5,0.417,0.4248,20,0,40
2026-06-10,2,VaxCare Thủ Đức - Bình Chiểu,2,0,0,11,11:00:00,11,12,2,0.182,0.2074,10,0,40
2026-06-01,2,VaxCare Thủ Đức - Bình Chiểu,0,0,0,15,15:00:00,12,12,5,0.417,0.2786,22,0,40
2026-05-27,2,VaxCare Thủ Đức - Bình Chiểu,2,0,0,10,10:00:00,11,12,7,0.636,0.5809,24,0,40
2026-05-16,2,VaxCare Thủ Đức - Bình Chiểu,5,1,0,8,08:00:00,11,12,4,0.364,0.4913,29,0,40
2026-05-17,2,VaxCare Thủ Đức - Bình Chiểu,6,1,0,14,14:00:00,12,12,8,0.667,0.5951,45,0,40
2026-06-22,2,VaxCare Thủ Đức - Bình Chiểu,0,0,0,9,09:00:00,12,12,8,0.667,0.5107,36,0,40
2026-06-15,2,VaxCare Thủ Đức - Bình Chiểu,0,0,0,11,11:00:00,12,12,3,0.25,0.1465,14,0,40
2026-06-12,2,VaxCare Thủ Đức - Bình Chiểu,4,0,0,8,08:00:00,12,12,3,0.25,0.3424,7,0,40
2026-06-16,2,VaxCare Thủ Đức - Bình Chiểu,1,0,0,16,16:00:00,11,12,3,0.273,0.2976,18,0,40
2026-07-11,2,VaxCare Thủ Đức - Bình Chiểu,5,1,0,11,11:00:00,11,12,5,0.455,0.248,24,0,40
2026-07-19,2,VaxCare Thủ Đức - Bình Chiểu,6,1,0,13,13:00:00,12,12,3,0.25,0.0579,10,0,40
2026-07-29,2,VaxCare Thủ Đức - Bình Chiểu,2,0,0,13,13:00:00,12,12,3,0.25,0.1753,13,0,40
2026-07-11,2,VaxCare Thủ Đức - Bình Chiểu,5,1,0,9,09:00:00,11,12,5,0.455,0.3438,8,0,40
2026-07-12,2,VaxCare Thủ Đức - Bình Chiểu,6,1,0,16,16:00:00,11,12,0,0.0,0.01,10,0,40
2026-07-01,2,VaxCare Thủ Đức - Bình Chiểu,2,0,0,14,14:00:00,11,12,11,1.0,0.7622,58,1,40
2026-06-07,2,VaxCare Thủ Đức - Bình Chiểu,6,1,0,13,13:00:00,12,12,0,0.0,0.01,7,0,40
2026-05-17,2,VaxCare Thủ Đức - Bình Chiểu,6,1,0,16,16:00:00,12,12,6,0.5,0.4341,22,0,40
2026-05-07,2,VaxCare Thủ Đức - Bình Chiểu,3,0,0,9,09:00:00,11,12,11,1.0,0.7509,80,1,40
2026-07-29,2,VaxCare Thủ Đức - Bình Chiểu,2,0,0,8,08:00:00,10,12,2,0.2,0.082,5,0,40
2026-06-22,2,VaxCare Thủ Đức - Bình Chiểu,0,0,0,8,08:00:00,11,12,7,0.636,0.5166,21,0,40
2026-05-10,2,VaxCare Thủ Đức - Bình Chiểu,6,1,0,8,08:00:00,10,12,2,0.2,0.2566,5,0,40
2026-06-12,2,VaxCare Thủ Đức - Bình Chiểu,4,0,0,15,15:00:00,11,12,2,0.182,0.1824,4,0,40
2026-07-14,2,VaxCare Thủ Đức - Bình Chiểu,1,0,0,14,14:00:00,11,12,10,0.909,0.6471,81,1,40
2026-07-21,2,VaxCare Thủ Đức - Bình Chiểu,1,0,1,11,11:00:00,10,12,2,0.2,0.1665,4,0,40
2026-05-10,2,VaxCare Thủ Đức - Bình Chiểu,6,1,0,14,14:00:00,11,12,8,0.727,0.5654,37,0,40
2026-07-05,2,VaxCare Thủ Đức - Bình Chiểu,6,1,0,10,10:00:00,11,12,5,0.455,0.4051,35,0,40
2026-07-24,2,VaxCare Thủ Đức - Bình Chiểu,4,0,0,8,08:00:00,12,12,5,0.417,0.43,19,0,40
2026-06-24,2,VaxCare Thủ Đức - Bình Chiểu,2,0,0,14,14:00:00,10,12,7,0.7,0.6673,42,0,40
2026-07-13,2,VaxCare Thủ Đức - Bình Chiểu,0,0,0,16,16:00:00,12,12,8,0.667,0.615,47,0,40
2026-05-17,2,VaxCare Thủ Đức - Bình Chiểu,6,1,0,11,11:00:00,13,12,6,0.462,0.5263,15,0,40
2026-06-14,2,VaxCare Thủ Đức - Bình Chiểu,6,1,0,8,08:00:00,11,12,1,0.091,0.0835,3,0,40
2026-05-27,2,VaxCare Thủ Đức - Bình Chiểu,2,0,0,11,11:00:00,11,12,6,0.545,0.5328,9,0,40
2026-05-27,2,VaxCare Thủ Đức - Bình Chiểu,2,0,0,16,16:00:00,12,12,5,0.417,0.3703,19,0,40
2026-05-11,2,VaxCare Thủ Đức - Bình Chiểu,0,0,0,13,13:00:00,11,12,4,0.364,0.2982,21,0,40
2026-06-11,2,VaxCare Thủ Đức - Bình Chiểu,3,0,0,9,09:00:00,11,12,2,0.182,0.1776,12,0,40
2026-07-06,2,VaxCare Thủ Đức - Bình Chiểu,0,0,0,13,13:00:00,11,12,8,0.727,0.6216,41,0,40
2026-05-02,2,VaxCare Thủ Đức - Bình Chiểu,5,1,0,10,10:00:00,11,12,5,0.455,0.3302,11,0,40
2026-05-10,2,VaxCare Thủ Đức - Bình Chiểu,6,1,0,15,15:00:00,11,12,4,0.364,0.3069,9,0,40
2026-06-19,2,VaxCare Thủ Đức - Bình Chiểu,4,0,0,9,09:00:00,12,12,5,0.417,0.543,14,0,40
2026-06-01,2,VaxCare Thủ Đức - Bình Chiểu,0,0,0,10,10:00:00,11,12,4,0.364,0.2042,29,0,40
2026-05-13,2,VaxCare Thủ Đức - Bình Chiểu,2,0,0,9,09:00:00,10,12,9,0.9,0.7939,51,1,40
2026-07-21,2,VaxCare Thủ Đức - Bình Chiểu,1,0,1,15,15:00:00,12,12,1,0.083,0.04,3,0,40
2026-05-20,2,VaxCare Thủ Đức - Bình Chiểu,2,0,0,11,11:00:00,12,12,5,0.417,0.3163,15,0,40
2026-07-05,2,VaxCare Thủ Đức - Bình Chiểu,6,1,0,16,16:00:00,11,12,4,0.364,0.3435,27,0,40
2026-07-14,2,VaxCare Thủ Đức - Bình Chiểu,1,0,0,13,13:00:00,12,12,6,0.5,0.287,13,0,40
2026-07-23,2,VaxCare Thủ Đức - Bình Chiểu,3,0,0,13,13:00:00,11,12,6,0.545,0.4422,20,0,40
2026-06-21,2,VaxCare Thủ Đức - Bình Chiểu,6,1,0,8,08:00:00,12,12,7,0.583,0.5062,12,0,40
2026-05-11,2,VaxCare Thủ Đức - Bình Chiểu,0,0,0,9,09:00:00,11,12,8,0.727,0.6381,51,0,40
2026-06-17,2,VaxCare Thủ Đức - Bình Chiểu,2,0,0,15,15:00:00,11,12,5,0.455,0.2754,20,0,40
2026-05-19,2,VaxCare Thủ Đức - Bình Chiểu,1,0,0,13,13:00:00,12,12,4,0.333,0.3292,3,0,40
2026-07-07,2,VaxCare Thủ Đức - Bình Chiểu,1,0,0,8,08:00:00,11,12,6,0.545,0.3751,15,0,40
2026-07-12,2,VaxCare Thủ Đức - Bình Chiểu,6,1,0,14,14:00:00,12,12,4,0.333,0.3978,10,0,40
2026-06-13,2,VaxCare Thủ Đức - Bình Chiểu,5,1,0,8,08:00:00,12,12,3,0.25,0.2348,11,0,40
2026-07-29,2,VaxCare Thủ Đức - Bình Chiểu,2,0,0,10,10:00:00,12,12,3,0.25,0.2125,7,0,40
2026-06-01,2,VaxCare Thủ Đức - Bình Chiểu,0,0,0,8,08:00:00,12,12,2,0.167,0.1056,13,0,40
2026-07-06,2,VaxCare Thủ Đức - Bình Chiểu,0,0,0,14,14:00:00,12,12,11,0.917,0.7588,65,1,40
2026-06-08,2,VaxCare Thủ Đức - Bình Chiểu,0,0,0,10,10:00:00,10,12,1,0.1,0.1069,11,0,40
2026-05-25,2,VaxCare Thủ Đức - Bình Chiểu,0,0,0,8,08:00:00,11,12,4,0.364,0.4959,23,0,40
2026-06-07,2,VaxCare Thủ Đức - Bình Chiểu,6,1,0,11,11:00:00,11,12,1,0.091,0.0411,3,0,40
2026-05-04,2,VaxCare Thủ Đức - Bình Chiểu,0,0,0,16,16:00:00,12,12,4,0.333,0.354,9,0,40
2026-07-02,2,VaxCare Thủ Đức - Bình Chiểu,3,0,0,16,16:00:00,11,12,5,0.455,0.387,20,0,40
2026-07-08,2,VaxCare Thủ Đức - Bình Chiểu,2,0,0,14,14:00:00,12,12,12,1.0,0.97,45,1,40
2026-05-29,2,VaxCare Thủ Đức - Bình Chiểu,4,0,0,16,16:00:00,12,12,7,0.583,0.2868,9,0,40
2026-06-27,2,VaxCare Thủ Đức - Bình Chiểu,5,1,0,9,09:00:00,11,12,7,0.636,0.501,10,0,40
2026-07-22,2,VaxCare Thủ Đức - Bình Chiểu,2,0,0,13,13:00:00,11,12,4,0.364,0.2737,15,0,40
2026-05-30,2,VaxCare Thủ Đức - Bình Chiểu,5,1,0,10,10:00:00,11,12,3,0.273,0.0984,6,0,40
2026-05-07,2,VaxCare Thủ Đức - Bình Chiểu,3,0,0,16,16:00:00,10,12,6,0.6,0.6346,15,0,40
2026-05-27,2,VaxCare Thủ Đức - Bình Chiểu,2,0,0,9,09:00:00,12,12,8,0.667,0.6922,34,0,40
2026-06-12,2,VaxCare Thủ Đức - Bình Chiểu,4,0,0,10,10:00:00,12,12,5,0.417,0.3534,15,0,40
2026-05-22,2,VaxCare Thủ Đức - Bình Chiểu,4,0,0,15,15:00:00,13,12,5,0.385,0.2947,23,0,40
2026-06-13,2,VaxCare Thủ Đức - Bình Chiểu,5,1,0,15,15:00:00,11,12,3,0.273,0.2713,11,0,40
2026-05-10,2,VaxCare Thủ Đức - Bình Chiểu,6,1,0,13,13:00:00,11,12,4,0.364,0.2762,24,0,40
2026-05-01,2,VaxCare Thủ Đức - Bình Chiểu,4,0,0,10,10:00:00,12,12,7,0.583,0.3896,23,0,40
2026-07-08,2,VaxCare Thủ Đức - Bình Chiểu,2,0,0,13,13:00:00,12,12,9,0.75,0.5778,31,1,40
2026-05-14,2,VaxCare Thủ Đức - Bình Chiểu,3,0,0,14,14:00:00,11,12,11,1.0,0.9105,58,1,40
2026-06-06,2,VaxCare Thủ Đức - Bình Chiểu,5,1,0,11,11:00:00,11,12,0,0.0,0.01,5,0,40
2026-07-29,2,VaxCare Thủ Đức - Bình Chiểu,2,0,0,11,11:00:00,11,12,4,0.364,0.2652,20,0,40
2026-06-08,2,VaxCare Thủ Đức - Bình Chiểu,0,0,0,16,16:00:00,11,12,5,0.455,0.4272,23,0,40
2026-06-13,2,VaxCare Thủ Đức - Bình Chiểu,5,1,0,16,16:00:00,13,12,3,0.231,0.272,7,0,40
2026-05-27,2,VaxCare Thủ Đức - Bình Chiểu,2,0,0,8,08:00:00,12,12,3,0.25,0.0869,7,0,40
2026-06-14,2,VaxCare Thủ Đức - Bình Chiểu,6,1,0,14,14:00:00,12,12,2,0.167,0.2359,10,0,40
2026-05-23,2,VaxCare Thủ Đức - Bình Chiểu,5,1,0,14,14:00:00,12,12,9,0.75,0.6004,44,1,40
2026-05-30,2,VaxCare Thủ Đức - Bình Chiểu,5,1,0,11,11:00:00,10,12,1,0.1,0.1231,12,0,40
2026-05-29,2,VaxCare Thủ Đức - Bình Chiểu,4,0,0,11,11:00:00,13,12,4,0.308,0.3688,9,0,40
2026-07-22,2,VaxCare Thủ Đức - Bình Chiểu,2,0,0,9,09:00:00,13,12,7,0.538,0.4089,25,0,40
2026-05-15,2,VaxCare Thủ Đức - Bình Chiểu,4,0,0,15,15:00:00,10,12,6,0.6,0.5151,25,0,40
2026-06-26,2,VaxCare Thủ Đức - Bình Chiểu,4,0,0,10,10:00:00,12,12,7,0.583,0.5275,32,0,40
2026-07-17,2,VaxCare Thủ Đức - Bình Chiểu,4,0,0,16,16:00:00,13,12,3,0.231,0.1139,3,0,40
2026-05-12,2,VaxCare Thủ Đức - Bình Chiểu,1,0,0,10,10:00:00,12,12,12,1.0,0.8878,77,1,40
2026-07-04,2,VaxCare Thủ Đức - Bình Chiểu,5,1,0,10,10:00:00,12,12,10,0.833,0.7951,20,1,40
2026-06-10,2,VaxCare Thủ Đức - Bình Chiểu,2,0,0,16,16:00:00,13,12,1,0.077,0.1047,6,0,40
2026-06-17,2,VaxCare Thủ Đức - Bình Chiểu,2,0,0,9,09:00:00,11,12,7,0.636,0.6334,23,0,40
2026-05-08,2,VaxCare Thủ Đức - Bình Chiểu,4,0,0,13,13:00:00,12,12,10,0.833,0.7891,18,1,40
2026-07-12,2,VaxCare Thủ Đức - Bình Chiểu,6,1,0,11,11:00:00,12,12,3,0.25,0.2025,7,0,40
2026-05-04,2,VaxCare Thủ Đức - Bình Chiểu,0,0,0,15,15:00:00,11,12,3,0.273,0.3573,16,0,40
2026-05-09,2,VaxCare Thủ Đức - Bình Chiểu,5,1,0,14,14:00:00,13,12,9,0.692,0.4705,38,0,40
2026-06-19,2,VaxCare Thủ Đức - Bình Chiểu,4,0,0,15,15:00:00,12,12,5,0.417,0.4445,16,0,40
2026-07-17,2,VaxCare Thủ Đức - Bình Chiểu,4,0,0,15,15:00:00,12,12,3,0.25,0.3036,3,0,40
2026-05-06,2,VaxCare Thủ Đức - Bình Chiểu,2,0,0,13,13:00:00,11,12,7,0.636,0.4194,13,0,40
2026-06-06,2,VaxCare Thủ Đức - Bình Chiểu,5,1,0,15,15:00:00,12,12,0,0.0,0.072,14,0,40
2026-05-09,2,VaxCare Thủ Đức - Bình Chiểu,5,1,0,15,15:00:00,12,12,5,0.417,0.4957,11,0,40
2026-06-18,2,VaxCare Thủ Đức - Bình Chiểu,3,0,0,13,13:00:00,11,12,7,0.636,0.5791,21,0,40
2026-07-21,2,VaxCare Thủ Đức - Bình Chiểu,1,0,1,13,13:00:00,12,12,1,0.083,0.01,9,0,40
2026-07-13,2,VaxCare Thủ Đức - Bình Chiểu,0,0,0,13,13:00:00,12,12,4,0.333,0.1719,3,0,40
2026-06-27,2,VaxCare Thủ Đức - Bình Chiểu,5,1,0,15,15:00:00,10,12,4,0.4,0.1843,13,0,40
2026-07-24,2,VaxCare Thủ Đức - Bình Chiểu,4,0,0,9,09:00:00,11,12,3,0.273,0.3216,3,0,40
2026-06-22,2,VaxCare Thủ Đức - Bình Chiểu,0,0,0,13,13:00:00,11,12,7,0.636,0.5625,18,0,40
2026-05-28,2,VaxCare Thủ Đức - Bình Chiểu,3,0,0,13,13:00:00,11,12,8,0.727,0.7457,44,0,40
2026-07-09,2,VaxCare Thủ Đức - Bình Chiểu,3,0,0,8,08:00:00,10,12,6,0.6,0.5395,12,0,40
2026-06-11,2,VaxCare Thủ Đức - Bình Chiểu,3,0,0,16,16:00:00,11,12,5,0.455,0.3538,20,0,40
2026-07-28,2,VaxCare Thủ Đức - Bình Chiểu,1,0,0,15,15:00:00,12,12,0,0.0,0.0186,6,0,40
2026-05-18,2,VaxCare Thủ Đức - Bình Chiểu,0,0,0,8,08:00:00,13,12,8,0.615,0.3847,11,0,40
2026-05-01,2,VaxCare Thủ Đức - Bình Chiểu,4,0,0,15,15:00:00,12,12,6,0.5,0.4509,25,0,40
2026-05-28,2,VaxCare Thủ Đức - Bình Chiểu,3,0,0,16,16:00:00,13,12,5,0.385,0.4037,16,0,40
2026-05-21,2,VaxCare Thủ Đức - Bình Chiểu,3,0,0,13,13:00:00,12,12,9,0.75,0.605,49,1,40
2026-05-21,2,VaxCare Thủ Đức - Bình Chiểu,3,0,0,14,14:00:00,12,12,7,0.583,0.5039,23,0,40
2026-05-25,2,VaxCare Thủ Đức - Bình Chiểu,0,0,0,16,16:00:00,11,12,5,0.455,0.3411,3,0,40
2026-05-17,2,VaxCare Thủ Đức - Bình Chiểu,6,1,0,13,13:00:00,12,12,4,0.333,0.16,3,0,40
2026-07-02,2,VaxCare Thủ Đức - Bình Chiểu,3,0,0,14,14:00:00,11,12,9,0.818,0.7304,29,1,40
2026-06-19,2,VaxCare Thủ Đức - Bình Chiểu,4,0,0,11,11:00:00,12,12,7,0.583,0.4932,21,0,40
2026-05-06,2,VaxCare Thủ Đức - Bình Chiểu,2,0,0,9,09:00:00,12,12,8,0.667,0.6461,44,0,40
2026-05-14,2,VaxCare Thủ Đức - Bình Chiểu,3,0,0,13,13:00:00,11,12,6,0.545,0.6124,18,0,40
2026-07-20,2,VaxCare Thủ Đức - Bình Chiểu,0,0,0,13,13:00:00,12,12,4,0.333,0.3704,7,0,40
2026-05-08,2,VaxCare Thủ Đức - Bình Chiểu,4,0,0,8,08:00:00,11,12,9,0.818,0.7256,31,1,40
2026-05-20,2,VaxCare Thủ Đức - Bình Chiểu,2,0,0,15,15:00:00,12,12,8,0.667,0.4926,36,0,40
2026-06-28,2,VaxCare Thủ Đức - Bình Chiểu,6,1,0,8,08:00:00,11,12,2,0.182,0.1811,4,0,40
2026-06-10,2,VaxCare Thủ Đức - Bình Chiểu,2,0,0,13,13:00:00,12,12,7,0.583,0.458,15,0,40
2026-07-06,2,VaxCare Thủ Đức - Bình Chiểu,0,0,0,11,11:00:00,13,12,7,0.538,0.3977,13,0,40
2026-05-04,2,VaxCare Thủ Đức - Bình Chiểu,0,0,0,8,08:00:00,12,12,6,0.5,0.5587,19,0,40
2026-07-07,2,VaxCare Thủ Đức - Bình Chiểu,1,0,0,14,14:00:00,11,12,9,0.818,0.7663,35,1,40
2026-06-02,2,VaxCare Thủ Đức - Bình Chiểu,1,0,0,13,13:00:00,12,12,5,0.417,0.3274,6,0,40
2026-07-08,2,VaxCare Thủ Đức - Bình Chiểu,2,0,0,15,15:00:00,12,12,8,0.667,0.6089,37,0,40
2026-06-07,2,VaxCare Thủ Đức - Bình Chiểu,6,1,0,15,15:00:00,11,12,3,0.273,0.1498,10,0,40
2026-06-23,2,VaxCare Thủ Đức - Bình Chiểu,1,0,0,16,16:00:00,11,12,8,0.727,0.4531,30,0,40
2026-05-14,2,VaxCare Thủ Đức - Bình Chiểu,3,0,0,15,15:00:00,11,12,7,0.636,0.4535,31,0,40
2026-05-11,2,VaxCare Thủ Đức - Bình Chiểu,0,0,0,10,10:00:00,12,12,12,1.0,0.8387,57,1,40
2026-05-07,2,VaxCare Thủ Đức - Bình Chiểu,3,0,0,11,11:00:00,11,12,7,0.636,0.5734,14,0,40
2026-07-24,2,VaxCare Thủ Đức - Bình Chiểu,4,0,0,16,16:00:00,12,12,5,0.417,0.2723,26,0,40
2026-07-12,2,VaxCare Thủ Đức - Bình Chiểu,6,1,0,8,08:00:00,11,12,0,0.0,0.01,9,0,40
2026-07-13,2,VaxCare Thủ Đức - Bình Chiểu,0,0,0,14,14:00:00,12,12,8,0.667,0.5641,25,0,40
2026-06-05,2,VaxCare Thủ Đức - Bình Chiểu,4,0,0,9,09:00:00,11,12,3,0.273,0.0858,18,0,40
2026-06-02,2,VaxCare Thủ Đức - Bình Chiểu,1,0,0,9,09:00:00,11,12,6,0.545,0.5228,22,0,40
2026-07-19,2,VaxCare Thủ Đức - Bình Chiểu,6,1,0,16,16:00:00,12,12,1,0.083,0.0647,11,0,40
2026-06-09,2,VaxCare Thủ Đức - Bình Chiểu,1,0,0,15,15:00:00,12,12,3,0.25,0.227,9,0,40
2026-05-03,2,VaxCare Thủ Đức - Bình Chiểu,6,1,0,10,10:00:00,11,12,5,0.455,0.3978,13,0,40
2026-05-31,2,VaxCare Thủ Đức - Bình Chiểu,6,1,0,13,13:00:00,12,12,2,0.167,0.01,12,0,40
2026-06-19,2,VaxCare Thủ Đức - Bình Chiểu,4,0,0,10,10:00:00,12,12,11,0.917,0.8326,80,1,40
2026-07-15,2,VaxCare Thủ Đức - Bình Chiểu,2,0,0,11,11:00:00,13,12,6,0.462,0.2854,20,0,40
2026-07-02,2,VaxCare Thủ Đức - Bình Chiểu,3,0,0,11,11:00:00,12,12,8,0.667,0.5731,37,0,40
2026-05-08,2,VaxCare Thủ Đức - Bình Chiểu,4,0,0,14,14:00:00,13,12,11,0.846,0.5826,26,1,40
2026-05-23,2,VaxCare Thủ Đức - Bình Chiểu,5,1,0,15,15:00:00,11,12,5,0.455,0.3833,18,0,40
2026-07-03,2,VaxCare Thủ Đức - Bình Chiểu,4,0,0,10,10:00:00,10,12,10,1.0,0.9117,39,1,40
2026-05-04,2,VaxCare Thủ Đức - Bình Chiểu,0,0,0,14,14:00:00,11,12,8,0.727,0.5461,40,0,40
2026-05-26,2,VaxCare Thủ Đức - Bình Chiểu,1,0,0,13,13:00:00,12,12,5,0.417,0.4121,4,0,40
2026-07-27,2,VaxCare Thủ Đức - Bình Chiểu,0,0,0,14,14:00:00,13,12,6,0.462,0.2573,7,0,40
2026-06-03,2,VaxCare Thủ Đức - Bình Chiểu,2,0,0,9,09:00:00,10,12,5,0.5,0.505,26,0,40
2026-06-14,2,VaxCare Thủ Đức - Bình Chiểu,6,1,0,13,13:00:00,12,12,4,0.333,0.3146,3,0,40
2026-06-28,2,VaxCare Thủ Đức - Bình Chiểu,6,1,0,14,14:00:00,11,12,5,0.455,0.3961,27,0,40
2026-07-23,2,VaxCare Thủ Đức - Bình Chiểu,3,0,0,11,11:00:00,12,12,1,0.083,0.01,6,0,40
2026-06-26,2,VaxCare Thủ Đức - Bình Chiểu,4,0,0,9,09:00:00,12,12,8,0.667,0.4933,42,0,40
2026-06-24,2,VaxCare Thủ Đức - Bình Chiểu,2,0,0,8,08:00:00,11,12,3,0.273,0.1875,10,0,40
2026-07-17,2,VaxCare Thủ Đức - Bình Chiểu,4,0,0,11,11:00:00,10,12,6,0.6,0.5326,17,0,40
2026-06-02,2,VaxCare Thủ Đức - Bình Chiểu,1,0,0,8,08:00:00,11,12,2,0.182,0.2026,12,0,40
2026-06-14,2,VaxCare Thủ Đức - Bình Chiểu,6,1,0,9,09:00:00,11,12,2,0.182,0.1034,7,0,40
2026-06-24,2,VaxCare Thủ Đức - Bình Chiểu,2,0,0,16,16:00:00,12,12,6,0.5,0.3058,28,0,40
2026-05-23,2,VaxCare Thủ Đức - Bình Chiểu,5,1,0,8,08:00:00,11,12,4,0.364,0.2023,18,0,40
2026-05-30,2,VaxCare Thủ Đức - Bình Chiểu,5,1,0,16,16:00:00,12,12,2,0.167,0.061,6,0,40
2026-06-23,2,VaxCare Thủ Đức - Bình Chiểu,1,0,0,10,10:00:00,12,12,8,0.667,0.6895,45,0,40
2026-05-18,2,VaxCare Thủ Đức - Bình Chiểu,0,0,0,9,09:00:00,12,12,12,1.0,0.99,49,1,40
2026-05-25,2,VaxCare Thủ Đức - Bình Chiểu,0,0,0,13,13:00:00,11,12,5,0.455,0.379,17,0,40
2026-07-24,2,VaxCare Thủ Đức - Bình Chiểu,4,0,0,10,10:00:00,11,12,8,0.727,0.6669,34,0,40
2026-05-21,2,VaxCare Thủ Đức - Bình Chiểu,3,0,0,11,11:00:00,12,12,10,0.833,0.6445,27,1,40
2026-06-14,2,VaxCare Thủ Đức - Bình Chiểu,6,1,0,11,11:00:00,11,12,3,0.273,0.2571,3,0,40
2026-07-18,2,VaxCare Thủ Đức - Bình Chiểu,5,1,0,16,16:00:00,12,12,1,0.083,0.0422,3,0,40
2026-06-28,2,VaxCare Thủ Đức - Bình Chiểu,6,1,0,15,15:00:00,11,12,5,0.455,0.4249,26,0,40
2026-07-12,2,VaxCare Thủ Đức - Bình Chiểu,6,1,0,10,10:00:00,12,12,8,0.667,0.6019,46,0,40
2026-06-28,2,VaxCare Thủ Đức - Bình Chiểu,6,1,0,13,13:00:00,13,12,6,0.462,0.3629,18,0,40
2026-06-09,2,VaxCare Thủ Đức - Bình Chiểu,1,0,0,16,16:00:00,12,12,6,0.5,0.4353,24,0,40
2026-07-06,2,VaxCare Thủ Đức - Bình Chiểu,0,0,0,15,15:00:00,11,12,7,0.636,0.5125,29,0,40
2026-05-14,2,VaxCare Thủ Đức - Bình Chiểu,3,0,0,8,08:00:00,11,12,8,0.727,0.5259,43,0,40
2026-05-15,2,VaxCare Thủ Đức - Bình Chiểu,4,0,0,10,10:00:00,13,12,12,0.923,0.6829,70,1,40
2026-07-24,2,VaxCare Thủ Đức - Bình Chiểu,4,0,0,11,11:00:00,12,12,1,0.083,0.0238,7,0,40
2026-05-27,2,VaxCare Thủ Đức - Bình Chiểu,2,0,0,13,13:00:00,12,12,8,0.667,0.4317,50,0,40
2026-07-20,2,VaxCare Thủ Đức - Bình Chiểu,0,0,0,14,14:00:00,13,12,3,0.231,0.1639,15,0,40
2026-06-17,2,VaxCare Thủ Đức - Bình Chiểu,2,0,0,14,14:00:00,13,12,5,0.385,0.471,17,0,40
2026-05-12,2,VaxCare Thủ Đức - Bình Chiểu,1,0,0,13,13:00:00,11,12,5,0.455,0.4716,16,0,40
2026-05-01,2,VaxCare Thủ Đức - Bình Chiểu,4,0,0,16,16:00:00,11,12,4,0.364,0.2871,11,0,40
2026-05-12,2,VaxCare Thủ Đức - Bình Chiểu,1,0,0,9,09:00:00,12,12,12,1.0,0.8379,61,1,40
2026-07-08,2,VaxCare Thủ Đức - Bình Chiểu,2,0,0,9,09:00:00,11,12,9,0.818,0.7625,47,1,40
2026-07-26,2,VaxCare Thủ Đức - Bình Chiểu,6,1,0,8,08:00:00,12,12,1,0.083,0.1371,3,0,40
2026-07-07,2,VaxCare Thủ Đức - Bình Chiểu,1,0,0,10,10:00:00,12,12,11,0.917,0.7667,73,1,40
2026-07-08,2,VaxCare Thủ Đức - Bình Chiểu,2,0,0,16,16:00:00,13,12,8,0.615,0.6339,15,0,40
2026-07-14,2,VaxCare Thủ Đức - Bình Chiểu,1,0,0,15,15:00:00,11,12,8,0.727,0.6236,26,0,40
2026-07-27,2,VaxCare Thủ Đức - Bình Chiểu,0,0,0,9,09:00:00,12,12,7,0.583,0.5769,28,0,40
2026-05-18,2,VaxCare Thủ Đức - Bình Chiểu,0,0,0,13,13:00:00,11,12,7,0.636,0.5213,20,0,40
2026-05-04,2,VaxCare Thủ Đức - Bình Chiểu,0,0,0,13,13:00:00,11,12,4,0.364,0.3964,16,0,40
2026-05-06,2,VaxCare Thủ Đức - Bình Chiểu,2,0,0,11,11:00:00,11,12,6,0.545,0.4974,15,0,40
2026-05-06,2,VaxCare Thủ Đức - Bình Chiểu,2,0,0,10,10:00:00,11,12,10,0.909,0.7536,61,1,40
2026-05-10,2,VaxCare Thủ Đức - Bình Chiểu,6,1,0,9,09:00:00,12,12,6,0.5,0.4586,10,0,40
2026-05-21,2,VaxCare Thủ Đức - Bình Chiểu,3,0,0,16,16:00:00,11,12,5,0.455,0.2992,14,0,40
2026-07-09,2,VaxCare Thủ Đức - Bình Chiểu,3,0,0,14,14:00:00,12,12,9,0.75,0.5773,28,1,40
2026-07-18,2,VaxCare Thủ Đức - Bình Chiểu,5,1,0,14,14:00:00,11,12,5,0.455,0.4078,34,0,40
2026-05-09,2,VaxCare Thủ Đức - Bình Chiểu,5,1,0,10,10:00:00,11,12,3,0.273,0.329,10,0,40
2026-05-02,2,VaxCare Thủ Đức - Bình Chiểu,5,1,0,11,11:00:00,13,12,2,0.154,0.2761,8,0,40
2026-06-10,2,VaxCare Thủ Đức - Bình Chiểu,2,0,0,15,15:00:00,11,12,3,0.273,0.2343,10,0,40
2026-07-13,2,VaxCare Thủ Đức - Bình Chiểu,0,0,0,10,10:00:00,12,12,7,0.583,0.4589,28,0,40
2026-05-23,2,VaxCare Thủ Đức - Bình Chiểu,5,1,0,10,10:00:00,12,12,6,0.5,0.5228,20,0,40
2026-06-05,2,VaxCare Thủ Đức - Bình Chiểu,4,0,0,15,15:00:00,12,12,3,0.25,0.3538,10,0,40
2026-07-08,2,VaxCare Thủ Đức - Bình Chiểu,2,0,0,11,11:00:00,11,12,5,0.455,0.4193,23,0,40
2026-06-24,2,VaxCare Thủ Đức - Bình Chiểu,2,0,0,10,10:00:00,11,12,8,0.727,0.6664,35,0,40
2026-07-25,2,VaxCare Thủ Đức - Bình Chiểu,5,1,0,13,13:00:00,12,12,0,0.0,0.01,6,0,40
2026-06-26,2,VaxCare Thủ Đức - Bình Chiểu,4,0,0,11,11:00:00,12,12,8,0.667,0.5057,38,0,40
2026-05-23,2,VaxCare Thủ Đức - Bình Chiểu,5,1,0,9,09:00:00,12,12,7,0.583,0.434,14,0,40
2026-07-04,2,VaxCare Thủ Đức - Bình Chiểu,5,1,0,9,09:00:00,12,12,1,0.083,0.0645,13,0,40
2026-07-21,2,VaxCare Thủ Đức - Bình Chiểu,1,0,1,9,09:00:00,13,12,3,0.231,0.3452,10,0,40
2026-05-11,2,VaxCare Thủ Đức - Bình Chiểu,0,0,0,11,11:00:00,11,12,10,0.909,0.7745,66,1,40
2026-05-28,2,VaxCare Thủ Đức - Bình Chiểu,3,0,0,10,10:00:00,12,12,9,0.75,0.6526,34,1,40
2026-06-30,2,VaxCare Thủ Đức - Bình Chiểu,1,0,0,14,14:00:00,11,12,9,0.818,0.7709,36,1,40
2026-07-03,2,VaxCare Thủ Đức - Bình Chiểu,4,0,0,11,11:00:00,11,12,10,0.909,0.694,76,1,40
2026-06-28,2,VaxCare Thủ Đức - Bình Chiểu,6,1,0,11,11:00:00,12,12,6,0.5,0.543,18,0,40
2026-07-17,2,VaxCare Thủ Đức - Bình Chiểu,4,0,0,14,14:00:00,12,12,8,0.667,0.5993,29,0,40
2026-07-19,2,VaxCare Thủ Đức - Bình Chiểu,6,1,0,9,09:00:00,12,12,2,0.167,0.1467,12,0,40
2026-06-22,2,VaxCare Thủ Đức - Bình Chiểu,0,0,0,15,15:00:00,11,12,3,0.273,0.2068,8,0,40
2026-05-10,2,VaxCare Thủ Đức - Bình Chiểu,6,1,0,16,16:00:00,12,12,4,0.333,0.184,10,0,40
2026-05-03,2,VaxCare Thủ Đức - Bình Chiểu,6,1,0,16,16:00:00,11,12,3,0.273,0.3722,3,0,40
2026-05-02,2,VaxCare Thủ Đức - Bình Chiểu,5,1,0,16,16:00:00,11,12,0,0.0,0.029,3,0,40
2026-06-21,2,VaxCare Thủ Đức - Bình Chiểu,6,1,0,11,11:00:00,10,12,3,0.3,0.1718,4,0,40
2026-06-25,2,VaxCare Thủ Đức - Bình Chiểu,3,0,0,14,14:00:00,12,12,12,1.0,0.8918,53,1,40
2026-06-04,2,VaxCare Thủ Đức - Bình Chiểu,3,0,0,11,11:00:00,12,12,5,0.417,0.3789,17,0,40
2026-05-31,2,VaxCare Thủ Đức - Bình Chiểu,6,1,0,16,16:00:00,11,12,4,0.364,0.3976,22,0,40
2026-06-07,2,VaxCare Thủ Đức - Bình Chiểu,6,1,0,8,08:00:00,12,12,4,0.333,0.2726,9,0,40
2026-07-06,2,VaxCare Thủ Đức - Bình Chiểu,0,0,0,9,09:00:00,12,12,12,1.0,0.7729,51,1,40
2026-06-30,2,VaxCare Thủ Đức - Bình Chiểu,1,0,0,16,16:00:00,12,12,6,0.5,0.5547,18,0,40
2026-06-03,2,VaxCare Thủ Đức - Bình Chiểu,2,0,0,8,08:00:00,12,12,3,0.25,0.1068,11,0,40
2026-06-17,2,VaxCare Thủ Đức - Bình Chiểu,2,0,0,13,13:00:00,11,12,6,0.545,0.4363,22,0,40
2026-06-11,2,VaxCare Thủ Đức - Bình Chiểu,3,0,0,11,11:00:00,11,12,1,0.091,0.1401,6,0,40
2026-06-11,2,VaxCare Thủ Đức - Bình Chiểu,3,0,0,15,15:00:00,11,12,1,0.091,0.0871,9,0,40
2026-06-23,2,VaxCare Thủ Đức - Bình Chiểu,1,0,0,9,09:00:00,12,12,8,0.667,0.6396,44,0,40
2026-05-02,2,VaxCare Thủ Đức - Bình Chiểu,5,1,0,9,09:00:00,11,12,4,0.364,0.3101,12,0,40
2026-06-01,2,VaxCare Thủ Đức - Bình Chiểu,0,0,0,9,09:00:00,12,12,2,0.167,0.1197,12,0,40
2026-05-03,2,VaxCare Thủ Đức - Bình Chiểu,6,1,0,15,15:00:00,13,12,1,0.077,0.039,3,0,40
2026-05-28,2,VaxCare Thủ Đức - Bình Chiểu,3,0,0,14,14:00:00,12,12,10,0.833,0.5401,24,1,40
2026-07-18,2,VaxCare Thủ Đức - Bình Chiểu,5,1,0,13,13:00:00,11,12,3,0.273,0.2106,7,0,40
2026-07-28,2,VaxCare Thủ Đức - Bình Chiểu,1,0,0,8,08:00:00,11,12,3,0.273,0.1785,9,0,40
2026-06-15,2,VaxCare Thủ Đức - Bình Chiểu,0,0,0,10,10:00:00,12,12,9,0.75,0.6901,37,1,40
2026-07-15,2,VaxCare Thủ Đức - Bình Chiểu,2,0,0,9,09:00:00,13,12,8,0.615,0.5375,13,0,40
2026-05-26,2,VaxCare Thủ Đức - Bình Chiểu,1,0,0,11,11:00:00,10,12,6,0.6,0.4434,22,0,40
2026-06-23,2,VaxCare Thủ Đức - Bình Chiểu,1,0,0,14,14:00:00,12,12,11,0.917,0.8349,57,1,40
2026-05-12,2,VaxCare Thủ Đức - Bình Chiểu,1,0,0,14,14:00:00,11,12,11,1.0,0.966,50,1,40
2026-07-09,2,VaxCare Thủ Đức - Bình Chiểu,3,0,0,16,16:00:00,11,12,8,0.727,0.7403,31,0,40
2026-06-05,2,VaxCare Thủ Đức - Bình Chiểu,4,0,0,13,13:00:00,12,12,6,0.5,0.4989,20,0,40
2026-06-20,2,VaxCare Thủ Đức - Bình Chiểu,5,1,0,14,14:00:00,11,12,4,0.364,0.1783,23,0,40
2026-05-24,2,VaxCare Thủ Đức - Bình Chiểu,6,1,0,8,08:00:00,12,12,3,0.25,0.3002,9,0,40
2026-07-12,2,VaxCare Thủ Đức - Bình Chiểu,6,1,0,13,13:00:00,12,12,4,0.333,0.4451,5,0,40
2026-06-09,2,VaxCare Thủ Đức - Bình Chiểu,1,0,0,10,10:00:00,12,12,2,0.167,0.118,3,0,40
2026-05-20,2,VaxCare Thủ Đức - Bình Chiểu,2,0,0,9,09:00:00,12,12,12,1.0,0.8077,56,1,40
2026-05-10,2,VaxCare Thủ Đức - Bình Chiểu,6,1,0,11,11:00:00,12,12,3,0.25,0.2793,9,0,40
2026-06-15,2,VaxCare Thủ Đức - Bình Chiểu,0,0,0,8,08:00:00,11,12,5,0.455,0.4031,9,0,40
2026-06-04,2,VaxCare Thủ Đức - Bình Chiểu,3,0,0,14,14:00:00,12,12,7,0.583,0.5689,25,0,40
2026-05-09,2,VaxCare Thủ Đức - Bình Chiểu,5,1,0,13,13:00:00,11,12,4,0.364,0.4701,16,0,40
2026-06-21,2,VaxCare Thủ Đức - Bình Chiểu,6,1,0,9,09:00:00,11,12,5,0.455,0.3957,16,0,40
2026-05-24,2,VaxCare Thủ Đức - Bình Chiểu,6,1,0,13,13:00:00,11,12,1,0.091,0.01,7,0,40
2026-06-03,2,VaxCare Thủ Đức - Bình Chiểu,2,0,0,16,16:00:00,11,12,0,0.0,0.01,11,0,40
2026-05-30,2,VaxCare Thủ Đức - Bình Chiểu,5,1,0,13,13:00:00,12,12,0,0.0,0.01,3,0,40
2026-05-12,2,VaxCare Thủ Đức - Bình Chiểu,1,0,0,8,08:00:00,12,12,10,0.833,0.5692,33,1,40
2026-07-16,2,VaxCare Thủ Đức - Bình Chiểu,3,0,0,9,09:00:00,13,12,11,0.846,0.67,40,1,40
2026-05-15,2,VaxCare Thủ Đức - Bình Chiểu,4,0,0,14,14:00:00,11,12,9,0.818,0.6454,47,1,40
2026-05-16,2,VaxCare Thủ Đức - Bình Chiểu,5,1,0,14,14:00:00,11,12,7,0.636,0.6375,14,0,40
2026-07-13,2,VaxCare Thủ Đức - Bình Chiểu,0,0,0,15,15:00:00,10,12,3,0.3,0.2126,15,0,40
2026-06-06,2,VaxCare Thủ Đức - Bình Chiểu,5,1,0,9,09:00:00,11,12,1,0.091,0.114,11,0,40
2026-05-30,2,VaxCare Thủ Đức - Bình Chiểu,5,1,0,15,15:00:00,11,12,0,0.0,0.045,6,0,40
2026-05-01,2,VaxCare Thủ Đức - Bình Chiểu,4,0,0,8,08:00:00,10,12,6,0.6,0.4673,18,0,40
2026-07-28,2,VaxCare Thủ Đức - Bình Chiểu,1,0,0,16,16:00:00,11,12,4,0.364,0.237,5,0,40
2026-06-11,2,VaxCare Thủ Đức - Bình Chiểu,3,0,0,13,13:00:00,12,12,0,0.0,0.01,8,0,40
2026-07-04,2,VaxCare Thủ Đức - Bình Chiểu,5,1,0,13,13:00:00,12,12,3,0.25,0.1248,7,0,40
2026-06-12,3,VaxCare Nowzone,4,0,0,13,13:00:00,22,18,3,0.136,0.1769,8,0,60
2026-06-06,3,VaxCare Nowzone,5,1,0,10,10:00:00,20,18,2,0.1,0.01,3,0,60
2026-05-07,3,VaxCare Nowzone,3,0,0,15,15:00:00,23,18,15,0.652,0.5491,42,0,60
2026-05-25,3,VaxCare Nowzone,0,0,0,15,15:00:00,21,18,14,0.667,0.6323,46,0,60
2026-06-26,3,VaxCare Nowzone,4,0,0,14,14:00:00,22,18,13,0.591,0.3839,11,0,60
2026-05-09,3,VaxCare Nowzone,5,1,0,9,09:00:00,21,18,5,0.238,0.0938,3,0,60
2026-05-08,3,VaxCare Nowzone,4,0,0,16,16:00:00,20,18,14,0.7,0.6099,46,0,60
2026-05-19,3,VaxCare Nowzone,1,0,0,9,09:00:00,21,18,16,0.762,0.6006,26,1,60
2026-06-06,3,VaxCare Nowzone,5,1,0,13,13:00:00,23,18,0,0.0,0.01,13,0,60
2026-06-18,3,VaxCare Nowzone,3,0,0,15,15:00:00,21,18,12,0.571,0.4183,16,0,60
2026-07-28,3,VaxCare Nowzone,1,0,0,10,10:00:00,22,18,4,0.182,0.1352,11,0,60
2026-06-26,3,VaxCare Nowzone,4,0,0,8,08:00:00,22,18,12,0.545,0.4081,24,0,60
2026-05-05,3,VaxCare Nowzone,1,0,0,16,16:00:00,23,18,11,0.478,0.4005,11,0,60
2026-05-13,3,VaxCare Nowzone,2,0,0,14,14:00:00,24,18,21,0.875,0.726,57,1,60
2026-06-23,3,VaxCare Nowzone,1,0,0,15,15:00:00,22,18,16,0.727,0.6217,23,0,60
2026-06-11,3,VaxCare Nowzone,3,0,0,8,08:00:00,20,18,7,0.35,0.3535,15,0,60
2026-05-11,3,VaxCare Nowzone,0,0,0,15,15:00:00,22,18,14,0.636,0.58,10,0,60
2026-07-18,3,VaxCare Nowzone,5,1,0,11,11:00:00,21,18,6,0.286,0.2955,11,0,60
2026-06-02,3,VaxCare Nowzone,1,0,0,11,11:00:00,21,18,4,0.19,0.1548,9,0,60
2026-05-27,3,VaxCare Nowzone,2,0,0,14,14:00:00,24,18,17,0.708,0.657,47,0,60
2026-06-25,3,VaxCare Nowzone,3,0,0,15,15:00:00,22,18,8,0.364,0.4347,20,0,60
2026-06-15,3,VaxCare Nowzone,0,0,0,16,16:00:00,23,18,8,0.348,0.3124,7,0,60
2026-05-05,3,VaxCare Nowzone,1,0,0,9,09:00:00,20,18,16,0.8,0.5809,46,1,60
2026-07-25,3,VaxCare Nowzone,5,1,0,15,15:00:00,23,18,8,0.348,0.1804,10,0,60
2026-06-29,3,VaxCare Nowzone,0,0,0,15,15:00:00,21,18,15,0.714,0.5692,46,0,60
2026-06-10,3,VaxCare Nowzone,2,0,0,11,11:00:00,22,18,8,0.364,0.3903,19,0,60
2026-06-01,3,VaxCare Nowzone,0,0,0,15,15:00:00,21,18,4,0.19,0.1714,8,0,60
2026-05-27,3,VaxCare Nowzone,2,0,0,10,10:00:00,24,18,11,0.458,0.4116,20,0,60
2026-05-16,3,VaxCare Nowzone,5,1,0,8,08:00:00,22,18,15,0.682,0.5535,33,0,60
2026-05-17,3,VaxCare Nowzone,6,1,0,14,14:00:00,21,18,12,0.571,0.5473,21,0,60
2026-06-22,3,VaxCare Nowzone,0,0,0,9,09:00:00,23,18,22,0.957,0.7883,84,1,60
2026-06-15,3,VaxCare Nowzone,0,0,0,11,11:00:00,21,18,5,0.238,0.1583,9,0,60
2026-06-12,3,VaxCare Nowzone,4,0,0,8,08:00:00,23,18,7,0.304,0.3373,9,0,60
2026-06-16,3,VaxCare Nowzone,1,0,0,16,16:00:00,21,18,8,0.381,0.3345,29,0,60
2026-07-11,3,VaxCare Nowzone,5,1,0,11,11:00:00,22,18,9,0.409,0.3897,24,0,60
2026-07-19,3,VaxCare Nowzone,6,1,0,13,13:00:00,21,18,2,0.095,0.1228,12,0,60
2026-07-29,3,VaxCare Nowzone,2,0,0,13,13:00:00,20,18,10,0.5,0.4154,16,0,60
2026-07-11,3,VaxCare Nowzone,5,1,0,9,09:00:00,23,18,15,0.652,0.4924,16,0,60
2026-07-12,3,VaxCare Nowzone,6,1,0,16,16:00:00,20,18,5,0.25,0.1556,3,0,60
2026-07-01,3,VaxCare Nowzone,2,0,0,14,14:00:00,20,18,14,0.7,0.522,32,0,60
2026-06-07,3,VaxCare Nowzone,6,1,0,13,13:00:00,23,18,5,0.217,0.01,3,0,60
2026-05-17,3,VaxCare Nowzone,6,1,0,16,16:00:00,23,18,15,0.652,0.6379,38,0,60
2026-05-07,3,VaxCare Nowzone,3,0,0,9,09:00:00,20,18,20,1.0,0.8007,72,1,60
2026-07-29,3,VaxCare Nowzone,2,0,0,8,08:00:00,24,18,8,0.333,0.302,3,0,60
2026-06-22,3,VaxCare Nowzone,0,0,0,8,08:00:00,24,18,14,0.583,0.6946,25,0,60
2026-05-10,3,VaxCare Nowzone,6,1,0,8,08:00:00,23,18,3,0.13,0.0835,8,0,60
2026-06-12,3,VaxCare Nowzone,4,0,0,15,15:00:00,21,18,7,0.333,0.3643,3,0,60
2026-07-14,3,VaxCare Nowzone,1,0,0,14,14:00:00,24,18,18,0.75,0.6757,43,1,60
2026-07-21,3,VaxCare Nowzone,1,0,1,11,11:00:00,22,18,0,0.0,0.1269,7,0,60
2026-05-10,3,VaxCare Nowzone,6,1,0,14,14:00:00,21,18,9,0.429,0.5207,33,0,60
2026-07-05,3,VaxCare Nowzone,6,1,0,10,10:00:00,21,18,17,0.81,0.7017,31,1,60
2026-07-24,3,VaxCare Nowzone,4,0,0,8,08:00:00,22,18,10,0.455,0.1671,32,0,60
2026-06-24,3,VaxCare Nowzone,2,0,0,14,14:00:00,22,18,21,0.955,0.9249,54,1,60
2026-07-13,3,VaxCare Nowzone,0,0,0,16,16:00:00,23,18,11,0.478,0.3174,18,0,60
2026-05-17,3,VaxCare Nowzone,6,1,0,11,11:00:00,22,18,9,0.409,0.3525,17,0,60
2026-06-14,3,VaxCare Nowzone,6,1,0,8,08:00:00,20,18,5,0.25,0.155,8,0,60
2026-05-27,3,VaxCare Nowzone,2,0,0,11,11:00:00,22,18,8,0.364,0.2621,29,0,60
2026-05-27,3,VaxCare Nowzone,2,0,0,16,16:00:00,23,18,9,0.391,0.4632,14,0,60
2026-05-11,3,VaxCare Nowzone,0,0,0,13,13:00:00,20,18,11,0.55,0.3802,22,0,60
2026-06-11,3,VaxCare Nowzone,3,0,0,9,09:00:00,22,18,13,0.591,0.4545,19,0,60
2026-07-06,3,VaxCare Nowzone,0,0,0,13,13:00:00,24,18,18,0.75,0.7874,48,1,60
2026-05-02,3,VaxCare Nowzone,5,1,0,10,10:00:00,21,18,13,0.619,0.4769,25,0,60
2026-05-10,3,VaxCare Nowzone,6,1,0,15,15:00:00,22,18,6,0.273,0.2017,6,0,60
2026-06-19,3,VaxCare Nowzone,4,0,0,9,09:00:00,24,18,15,0.625,0.5356,14,0,60
2026-06-01,3,VaxCare Nowzone,0,0,0,10,10:00:00,21,18,14,0.667,0.5029,32,0,60
2026-05-13,3,VaxCare Nowzone,2,0,0,9,09:00:00,20,18,20,1.0,0.7602,52,1,60
2026-07-21,3,VaxCare Nowzone,1,0,1,15,15:00:00,23,18,7,0.304,0.2505,9,0,60
2026-05-20,3,VaxCare Nowzone,2,0,0,11,11:00:00,23,18,17,0.739,0.6008,38,0,60
2026-07-05,3,VaxCare Nowzone,6,1,0,16,16:00:00,21,18,5,0.238,0.2407,7,0,60
2026-07-14,3,VaxCare Nowzone,1,0,0,13,13:00:00,22,18,17,0.773,0.5377,43,1,60
2026-07-23,3,VaxCare Nowzone,3,0,0,13,13:00:00,24,18,9,0.375,0.3027,15,0,60
2026-06-21,3,VaxCare Nowzone,6,1,0,8,08:00:00,23,18,3,0.13,0.1329,8,0,60
2026-05-11,3,VaxCare Nowzone,0,0,0,9,09:00:00,23,18,23,1.0,0.8213,78,1,60
2026-06-17,3,VaxCare Nowzone,2,0,0,15,15:00:00,23,18,17,0.739,0.6887,46,0,60
2026-05-19,3,VaxCare Nowzone,1,0,0,13,13:00:00,24,18,16,0.667,0.6323,35,0,60
2026-07-07,3,VaxCare Nowzone,1,0,0,8,08:00:00,24,18,13,0.542,0.5076,14,0,60
2026-07-12,3,VaxCare Nowzone,6,1,0,14,14:00:00,23,18,11,0.478,0.4947,13,0,60
2026-06-13,3,VaxCare Nowzone,5,1,0,8,08:00:00,24,18,0,0.0,0.01,3,0,60
2026-07-29,3,VaxCare Nowzone,2,0,0,10,10:00:00,23,18,9,0.391,0.3405,27,0,60
2026-06-01,3,VaxCare Nowzone,0,0,0,8,08:00:00,20,18,9,0.45,0.3012,15,0,60
2026-07-06,3,VaxCare Nowzone,0,0,0,14,14:00:00,21,18,21,1.0,0.9026,48,1,60
2026-06-08,3,VaxCare Nowzone,0,0,0,10,10:00:00,21,18,3,0.143,0.2045,9,0,60
2026-05-25,3,VaxCare Nowzone,0,0,0,8,08:00:00,24,18,5,0.208,0.1684,7,0,60
2026-06-07,3,VaxCare Nowzone,6,1,0,11,11:00:00,22,18,8,0.364,0.2812,20,0,60
2026-05-04,3,VaxCare Nowzone,0,0,0,16,16:00:00,24,18,12,0.5,0.3684,20,0,60
2026-07-02,3,VaxCare Nowzone,3,0,0,16,16:00:00,20,18,16,0.8,0.7732,33,1,60
2026-07-08,3,VaxCare Nowzone,2,0,0,14,14:00:00,23,18,23,1.0,0.9351,73,1,60
2026-05-29,3,VaxCare Nowzone,4,0,0,16,16:00:00,22,18,15,0.682,0.6395,27,0,60
2026-06-27,3,VaxCare Nowzone,5,1,0,9,09:00:00,23,18,20,0.87,0.8748,73,1,60
2026-07-22,3,VaxCare Nowzone,2,0,0,13,13:00:00,20,18,2,0.1,0.1504,7,0,60
2026-05-30,3,VaxCare Nowzone,5,1,0,10,10:00:00,23,18,6,0.261,0.1902,14,0,60
2026-05-07,3,VaxCare Nowzone,3,0,0,16,16:00:00,22,18,21,0.955,0.8442,68,1,60
2026-05-27,3,VaxCare Nowzone,2,0,0,9,09:00:00,20,18,12,0.6,0.4185,3,0,60
2026-06-12,3,VaxCare Nowzone,4,0,0,10,10:00:00,21,18,8,0.381,0.2834,17,0,60
2026-05-22,3,VaxCare Nowzone,4,0,0,15,15:00:00,22,18,19,0.864,0.8229,62,1,60
2026-06-13,3,VaxCare Nowzone,5,1,0,15,15:00:00,21,18,1,0.048,0.1266,5,0,60
2026-05-10,3,VaxCare Nowzone,6,1,0,13,13:00:00,21,18,11,0.524,0.4222,12,0,60
2026-05-01,3,VaxCare Nowzone,4,0,0,10,10:00:00,20,18,14,0.7,0.5815,33,0,60
2026-07-08,3,VaxCare Nowzone,2,0,0,13,13:00:00,23,18,19,0.826,0.7417,30,1,60
2026-05-14,3,VaxCare Nowzone,3,0,0,14,14:00:00,21,18,19,0.905,0.7884,67,1,60
2026-06-06,3,VaxCare Nowzone,5,1,0,11,11:00:00,22,18,6,0.273,0.2853,18,0,60
2026-07-29,3,VaxCare Nowzone,2,0,0,11,11:00:00,24,18,10,0.417,0.3165,21,0,60
2026-06-08,3,VaxCare Nowzone,0,0,0,16,16:00:00,23,18,10,0.435,0.4078,15,0,60
2026-06-13,3,VaxCare Nowzone,5,1,0,16,16:00:00,22,18,3,0.136,0.3088,13,0,60
2026-05-27,3,VaxCare Nowzone,2,0,0,8,08:00:00,22,18,12,0.545,0.4751,12,0,60
2026-06-14,3,VaxCare Nowzone,6,1,0,14,14:00:00,23,18,1,0.043,0.0436,3,0,60
2026-05-23,3,VaxCare Nowzone,5,1,0,14,14:00:00,22,18,9,0.409,0.4676,18,0,60
2026-05-30,3,VaxCare Nowzone,5,1,0,11,11:00:00,22,18,0,0.0,0.01,11,0,60
2026-05-29,3,VaxCare Nowzone,4,0,0,11,11:00:00,21,18,9,0.429,0.4087,11,0,60
2026-07-22,3,VaxCare Nowzone,2,0,0,9,09:00:00,23,18,7,0.304,0.229,9,0,60
2026-05-15,3,VaxCare Nowzone,4,0,0,15,15:00:00,24,18,17,0.708,0.6254,34,0,60
2026-06-26,3,VaxCare Nowzone,4,0,0,10,10:00:00,23,18,23,1.0,0.8749,81,1,60
2026-07-17,3,VaxCare Nowzone,4,0,0,16,16:00:00,23,18,8,0.348,0.2209,14,0,60
2026-05-12,3,VaxCare Nowzone,1,0,0,10,10:00:00,22,18,12,0.545,0.3394,14,0,60
2026-07-04,3,VaxCare Nowzone,5,1,0,10,10:00:00,21,18,10,0.476,0.3766,19,0,60
2026-06-10,3,VaxCare Nowzone,2,0,0,16,16:00:00,20,18,0,0.0,0.01,12,0,60
2026-06-17,3,VaxCare Nowzone,2,0,0,9,09:00:00,24,18,9,0.375,0.3655,14,0,60
2026-05-08,3,VaxCare Nowzone,4,0,0,13,13:00:00,23,18,13,0.565,0.4167,28,0,60
2026-07-12,3,VaxCare Nowzone,6,1,0,11,11:00:00,20,18,4,0.2,0.1588,8,0,60
2026-05-04,3,VaxCare Nowzone,0,0,0,15,15:00:00,23,18,12,0.522,0.5272,15,0,60
2026-05-09,3,VaxCare Nowzone,5,1,0,14,14:00:00,22,18,17,0.773,0.6852,40,1,60
2026-06-19,3,VaxCare Nowzone,4,0,0,15,15:00:00,23,18,4,0.174,0.0554,7,0,60
2026-07-17,3,VaxCare Nowzone,4,0,0,15,15:00:00,22,18,6,0.273,0.3704,9,0,60
2026-05-06,3,VaxCare Nowzone,2,0,0,13,13:00:00,20,18,8,0.4,0.1662,13,0,60
2026-06-06,3,VaxCare Nowzone,5,1,0,15,15:00:00,22,18,4,0.182,0.1251,9,0,60
2026-05-09,3,VaxCare Nowzone,5,1,0,15,15:00:00,23,18,8,0.348,0.2638,16,0,60
2026-06-18,3,VaxCare Nowzone,3,0,0,13,13:00:00,20,18,7,0.35,0.3344,14,0,60
2026-07-21,3,VaxCare Nowzone,1,0,1,13,13:00:00,23,18,0,0.0,0.01,7,0,60
2026-07-13,3,VaxCare Nowzone,0,0,0,13,13:00:00,24,18,12,0.5,0.5018,15,0,60
2026-06-27,3,VaxCare Nowzone,5,1,0,15,15:00:00,22,18,8,0.364,0.4112,14,0,60
2026-07-24,3,VaxCare Nowzone,4,0,0,9,09:00:00,21,18,16,0.762,0.7007,37,1,60
2026-06-22,3,VaxCare Nowzone,0,0,0,13,13:00:00,22,18,20,0.909,0.872,64,1,60
2026-05-28,3,VaxCare Nowzone,3,0,0,13,13:00:00,20,18,9,0.45,0.2429,7,0,60
2026-07-09,3,VaxCare Nowzone,3,0,0,8,08:00:00,21,18,13,0.619,0.5689,16,0,60
2026-06-11,3,VaxCare Nowzone,3,0,0,16,16:00:00,22,18,9,0.409,0.3467,23,0,60
2026-07-28,3,VaxCare Nowzone,1,0,0,15,15:00:00,21,18,3,0.143,0.2054,7,0,60
2026-05-18,3,VaxCare Nowzone,0,0,0,8,08:00:00,23,18,13,0.565,0.4921,22,0,60
2026-05-01,3,VaxCare Nowzone,4,0,0,15,15:00:00,20,18,11,0.55,0.4183,32,0,60
2026-05-28,3,VaxCare Nowzone,3,0,0,16,16:00:00,22,18,5,0.227,0.263,3,0,60
2026-05-21,3,VaxCare Nowzone,3,0,0,13,13:00:00,20,18,13,0.65,0.5335,32,0,60
2026-05-21,3,VaxCare Nowzone,3,0,0,14,14:00:00,20,18,19,0.95,0.8878,59,1,60
2026-05-25,3,VaxCare Nowzone,0,0,0,16,16:00:00,22,18,8,0.364,0.2375,19,0,60
2026-05-17,3,VaxCare Nowzone,6,1,0,13,13:00:00,23,18,14,0.609,0.5531,24,0,60
2026-07-02,3,VaxCare Nowzone,3,0,0,14,14:00:00,22,18,22,1.0,0.7771,47,1,60
2026-06-19,3,VaxCare Nowzone,4,0,0,11,11:00:00,20,18,6,0.3,0.1401,8,0,60
2026-05-06,3,VaxCare Nowzone,2,0,0,9,09:00:00,22,18,19,0.864,0.7485,62,1,60
2026-05-14,3,VaxCare Nowzone,3,0,0,13,13:00:00,23,18,16,0.696,0.6173,41,0,60
2026-07-20,3,VaxCare Nowzone,0,0,0,13,13:00:00,22,18,10,0.455,0.4013,15,0,60
2026-05-08,3,VaxCare Nowzone,4,0,0,8,08:00:00,23,18,11,0.478,0.4444,16,0,60
2026-05-20,3,VaxCare Nowzone,2,0,0,15,15:00:00,21,18,11,0.524,0.465,15,0,60
2026-06-28,3,VaxCare Nowzone,6,1,0,8,08:00:00,20,18,8,0.4,0.4332,15,0,60
2026-06-10,3,VaxCare Nowzone,2,0,0,13,13:00:00,21,18,5,0.238,0.2149,5,0,60
2026-07-06,3,VaxCare Nowzone,0,0,0,11,11:00:00,22,18,11,0.5,0.3951,11,0,60
2026-05-04,3,VaxCare Nowzone,0,0,0,8,08:00:00,23,18,15,0.652,0.4522,39,0,60
2026-07-07,3,VaxCare Nowzone,1,0,0,14,14:00:00,20,18,17,0.85,0.6966,47,1,60
2026-06-02,3,VaxCare Nowzone,1,0,0,13,13:00:00,22,18,9,0.409,0.3253,11,0,60
2026-07-08,3,VaxCare Nowzone,2,0,0,15,15:00:00,24,18,14,0.583,0.4517,19,0,60
2026-06-07,3,VaxCare Nowzone,6,1,0,15,15:00:00,20,18,5,0.25,0.3567,11,0,60
2026-06-23,3,VaxCare Nowzone,1,0,0,16,16:00:00,21,18,12,0.571,0.5455,12,0,60
2026-05-14,3,VaxCare Nowzone,3,0,0,15,15:00:00,23,18,11,0.478,0.4322,9,0,60
2026-05-11,3,VaxCare Nowzone,0,0,0,10,10:00:00,20,18,17,0.85,0.661,67,1,60
2026-05-07,3,VaxCare Nowzone,3,0,0,11,11:00:00,22,18,18,0.818,0.7074,34,1,60
2026-07-24,3,VaxCare Nowzone,4,0,0,16,16:00:00,23,18,8,0.348,0.3654,12,0,60
2026-07-12,3,VaxCare Nowzone,6,1,0,8,08:00:00,22,18,4,0.182,0.1379,11,0,60
2026-07-13,3,VaxCare Nowzone,0,0,0,14,14:00:00,21,18,15,0.714,0.6665,42,0,60
2026-06-05,3,VaxCare Nowzone,4,0,0,9,09:00:00,22,18,12,0.545,0.4584,16,0,60
2026-06-02,3,VaxCare Nowzone,1,0,0,9,09:00:00,21,18,9,0.429,0.2145,24,0,60
2026-07-19,3,VaxCare Nowzone,6,1,0,16,16:00:00,23,18,7,0.304,0.1469,7,0,60
2026-06-09,3,VaxCare Nowzone,1,0,0,15,15:00:00,23,18,11,0.478,0.3413,20,0,60
2026-05-03,3,VaxCare Nowzone,6,1,0,10,10:00:00,22,18,9,0.409,0.4838,19,0,60
2026-05-31,3,VaxCare Nowzone,6,1,0,13,13:00:00,21,18,9,0.429,0.3422,13,0,60
2026-06-19,3,VaxCare Nowzone,4,0,0,10,10:00:00,23,18,17,0.739,0.7534,26,0,60
2026-07-15,3,VaxCare Nowzone,2,0,0,11,11:00:00,21,18,5,0.238,0.2167,7,0,60
2026-07-02,3,VaxCare Nowzone,3,0,0,11,11:00:00,22,18,13,0.591,0.553,3,0,60
2026-05-08,3,VaxCare Nowzone,4,0,0,14,14:00:00,24,18,22,0.917,0.6632,41,1,60
2026-05-23,3,VaxCare Nowzone,5,1,0,15,15:00:00,23,18,10,0.435,0.503,11,0,60
2026-07-03,3,VaxCare Nowzone,4,0,0,10,10:00:00,22,18,16,0.727,0.6019,40,0,60
2026-05-04,3,VaxCare Nowzone,0,0,0,14,14:00:00,20,18,19,0.95,0.6683,82,1,60
2026-05-26,3,VaxCare Nowzone,1,0,0,13,13:00:00,22,18,6,0.273,0.279,6,0,60
2026-07-27,3,VaxCare Nowzone,0,0,0,14,14:00:00,24,18,9,0.375,0.4563,7,0,60
2026-06-03,3,VaxCare Nowzone,2,0,0,9,09:00:00,21,18,5,0.238,0.01,9,0,60
2026-06-14,3,VaxCare Nowzone,6,1,0,13,13:00:00,21,18,2,0.095,0.0449,10,0,60
2026-06-28,3,VaxCare Nowzone,6,1,0,14,14:00:00,23,18,13,0.565,0.4011,28,0,60
2026-07-23,3,VaxCare Nowzone,3,0,0,11,11:00:00,24,18,6,0.25,0.172,14,0,60
2026-06-26,3,VaxCare Nowzone,4,0,0,9,09:00:00,24,18,18,0.75,0.5336,27,1,60
2026-06-24,3,VaxCare Nowzone,2,0,0,8,08:00:00,21,18,9,0.429,0.3054,13,0,60
2026-07-17,3,VaxCare Nowzone,4,0,0,11,11:00:00,22,18,11,0.5,0.3651,20,0,60
2026-06-02,3,VaxCare Nowzone,1,0,0,8,08:00:00,20,18,4,0.2,0.0868,8,0,60
2026-06-14,3,VaxCare Nowzone,6,1,0,9,09:00:00,21,18,4,0.19,0.1521,15,0,60
2026-06-24,3,VaxCare Nowzone,2,0,0,16,16:00:00,21,18,14,0.667,0.5098,50,0,60
2026-05-23,3,VaxCare Nowzone,5,1,0,8,08:00:00,22,18,4,0.182,0.2261,3,0,60
2026-05-30,3,VaxCare Nowzone,5,1,0,16,16:00:00,20,18,4,0.2,0.1828,9,0,60
2026-06-23,3,VaxCare Nowzone,1,0,0,10,10:00:00,22,18,16,0.727,0.6446,31,0,60
2026-05-18,3,VaxCare Nowzone,0,0,0,9,09:00:00,22,18,22,1.0,0.8588,53,1,60
2026-05-25,3,VaxCare Nowzone,0,0,0,13,13:00:00,21,18,16,0.762,0.6446,22,1,60
2026-07-24,3,VaxCare Nowzone,4,0,0,10,10:00:00,24,18,10,0.417,0.5457,10,0,60
2026-05-21,3,VaxCare Nowzone,3,0,0,11,11:00:00,21,18,13,0.619,0.611,26,0,60
2026-06-14,3,VaxCare Nowzone,6,1,0,11,11:00:00,21,18,0,0.0,0.1181,3,0,60
2026-07-18,3,VaxCare Nowzone,5,1,0,16,16:00:00,20,18,0,0.0,0.01,9,0,60
2026-06-28,3,VaxCare Nowzone,6,1,0,15,15:00:00,23,18,7,0.304,0.3027,5,0,60
2026-07-12,3,VaxCare Nowzone,6,1,0,10,10:00:00,21,18,8,0.381,0.3284,28,0,60
2026-06-28,3,VaxCare Nowzone,6,1,0,13,13:00:00,21,18,13,0.619,0.6562,19,0,60
2026-06-09,3,VaxCare Nowzone,1,0,0,16,16:00:00,24,18,9,0.375,0.2784,15,0,60
2026-07-06,3,VaxCare Nowzone,0,0,0,15,15:00:00,20,18,14,0.7,0.5394,43,0,60
2026-05-14,3,VaxCare Nowzone,3,0,0,8,08:00:00,23,18,23,1.0,0.7724,46,1,60
2026-05-15,3,VaxCare Nowzone,4,0,0,10,10:00:00,24,18,24,1.0,0.8598,72,1,60
2026-07-24,3,VaxCare Nowzone,4,0,0,11,11:00:00,20,18,6,0.3,0.186,11,0,60
2026-05-27,3,VaxCare Nowzone,2,0,0,13,13:00:00,20,18,4,0.2,0.1443,9,0,60
2026-07-20,3,VaxCare Nowzone,0,0,0,14,14:00:00,22,18,12,0.545,0.449,22,0,60
2026-06-17,3,VaxCare Nowzone,2,0,0,14,14:00:00,22,18,13,0.591,0.4403,14,0,60
2026-05-12,3,VaxCare Nowzone,1,0,0,13,13:00:00,21,18,12,0.571,0.5544,28,0,60
2026-05-01,3,VaxCare Nowzone,4,0,0,16,16:00:00,24,18,13,0.542,0.5438,17,0,60
2026-05-12,3,VaxCare Nowzone,1,0,0,9,09:00:00,20,18,20,1.0,0.7989,76,1,60
2026-07-08,3,VaxCare Nowzone,2,0,0,9,09:00:00,22,18,20,0.909,0.8483,63,1,60
2026-07-26,3,VaxCare Nowzone,6,1,0,8,08:00:00,20,18,6,0.3,0.1923,5,0,60
2026-07-07,3,VaxCare Nowzone,1,0,0,10,10:00:00,23,18,23,1.0,0.891,45,1,60
2026-07-08,3,VaxCare Nowzone,2,0,0,16,16:00:00,20,18,14,0.7,0.5347,28,0,60
2026-07-14,3,VaxCare Nowzone,1,0,0,15,15:00:00,21,18,5,0.238,0.1112,5,0,60
2026-07-27,3,VaxCare Nowzone,0,0,0,9,09:00:00,22,18,11,0.5,0.5658,18,0,60
2026-05-18,3,VaxCare Nowzone,0,0,0,13,13:00:00,22,18,8,0.364,0.3066,18,0,60
2026-05-04,3,VaxCare Nowzone,0,0,0,13,13:00:00,21,18,11,0.524,0.4327,14,0,60
2026-05-06,3,VaxCare Nowzone,2,0,0,11,11:00:00,23,18,15,0.652,0.4633,45,0,60
2026-05-06,3,VaxCare Nowzone,2,0,0,10,10:00:00,20,18,18,0.9,0.8337,75,1,60
2026-05-10,3,VaxCare Nowzone,6,1,0,9,09:00:00,22,18,13,0.591,0.3735,27,0,60
2026-05-21,3,VaxCare Nowzone,3,0,0,16,16:00:00,23,18,17,0.739,0.528,28,0,60
2026-07-09,3,VaxCare Nowzone,3,0,0,14,14:00:00,21,18,21,1.0,0.8905,48,1,60
2026-07-18,3,VaxCare Nowzone,5,1,0,14,14:00:00,20,18,0,0.0,0.01,7,0,60
2026-05-09,3,VaxCare Nowzone,5,1,0,10,10:00:00,23,18,17,0.739,0.6836,33,0,60
2026-05-02,3,VaxCare Nowzone,5,1,0,11,11:00:00,23,18,12,0.522,0.4658,23,0,60
2026-06-10,3,VaxCare Nowzone,2,0,0,15,15:00:00,22,18,7,0.318,0.2354,7,0,60
2026-07-13,3,VaxCare Nowzone,0,0,0,10,10:00:00,24,18,19,0.792,0.5763,39,1,60
2026-05-23,3,VaxCare Nowzone,5,1,0,10,10:00:00,20,18,7,0.35,0.3212,19,0,60
2026-06-05,3,VaxCare Nowzone,4,0,0,15,15:00:00,24,18,3,0.125,0.0958,7,0,60
2026-07-08,3,VaxCare Nowzone,2,0,0,11,11:00:00,20,18,14,0.7,0.6489,26,0,60
2026-06-24,3,VaxCare Nowzone,2,0,0,10,10:00:00,24,18,18,0.75,0.5407,38,1,60
2026-07-25,3,VaxCare Nowzone,5,1,0,13,13:00:00,21,18,4,0.19,0.0783,7,0,60
2026-06-26,3,VaxCare Nowzone,4,0,0,11,11:00:00,24,18,20,0.833,0.6309,51,1,60
2026-05-23,3,VaxCare Nowzone,5,1,0,9,09:00:00,20,18,10,0.5,0.3234,24,0,60
2026-07-04,3,VaxCare Nowzone,5,1,0,9,09:00:00,23,18,11,0.478,0.4507,18,0,60
2026-07-21,3,VaxCare Nowzone,1,0,1,9,09:00:00,21,18,7,0.333,0.2383,8,0,60
2026-05-11,3,VaxCare Nowzone,0,0,0,11,11:00:00,22,18,14,0.636,0.4958,23,0,60
2026-05-28,3,VaxCare Nowzone,3,0,0,10,10:00:00,20,18,18,0.9,0.7424,47,1,60
2026-06-30,3,VaxCare Nowzone,1,0,0,14,14:00:00,21,18,15,0.714,0.5985,37,0,60
2026-07-03,3,VaxCare Nowzone,4,0,0,11,11:00:00,21,18,19,0.905,0.7903,77,1,60
2026-06-28,3,VaxCare Nowzone,6,1,0,11,11:00:00,22,18,10,0.455,0.3616,12,0,60
2026-07-17,3,VaxCare Nowzone,4,0,0,14,14:00:00,20,18,16,0.8,0.6719,47,1,60
2026-07-19,3,VaxCare Nowzone,6,1,0,9,09:00:00,22,18,2,0.091,0.01,6,0,60
2026-06-22,3,VaxCare Nowzone,0,0,0,15,15:00:00,24,18,11,0.458,0.284,15,0,60
2026-05-10,3,VaxCare Nowzone,6,1,0,16,16:00:00,21,18,7,0.333,0.1619,7,0,60
2026-05-03,3,VaxCare Nowzone,6,1,0,16,16:00:00,20,18,9,0.45,0.5663,22,0,60
2026-05-02,3,VaxCare Nowzone,5,1,0,16,16:00:00,22,18,4,0.182,0.1974,3,0,60
2026-06-21,3,VaxCare Nowzone,6,1,0,11,11:00:00,21,18,6,0.286,0.2901,10,0,60
2026-06-25,3,VaxCare Nowzone,3,0,0,14,14:00:00,21,18,21,1.0,0.8249,79,1,60
2026-06-04,3,VaxCare Nowzone,3,0,0,11,11:00:00,22,18,6,0.273,0.223,7,0,60
2026-05-31,3,VaxCare Nowzone,6,1,0,16,16:00:00,24,18,3,0.125,0.2032,8,0,60
2026-06-07,3,VaxCare Nowzone,6,1,0,8,08:00:00,24,18,1,0.042,0.0392,3,0,60
2026-07-06,3,VaxCare Nowzone,0,0,0,9,09:00:00,21,18,21,1.0,0.7626,57,1,60
2026-06-30,3,VaxCare Nowzone,1,0,0,16,16:00:00,22,18,17,0.773,0.7279,37,1,60
2026-06-03,3,VaxCare Nowzone,2,0,0,8,08:00:00,21,18,5,0.238,0.3114,3,0,60
2026-06-17,3,VaxCare Nowzone,2,0,0,13,13:00:00,23,18,0,0.0,0.0494,11,0,60
2026-06-11,3,VaxCare Nowzone,3,0,0,11,11:00:00,20,18,7,0.35,0.2479,30,0,60
2026-06-11,3,VaxCare Nowzone,3,0,0,15,15:00:00,20,18,3,0.15,0.193,6,0,60
2026-06-23,3,VaxCare Nowzone,1,0,0,9,09:00:00,24,18,20,0.833,0.702,44,1,60
2026-05-02,3,VaxCare Nowzone,5,1,0,9,09:00:00,24,18,13,0.542,0.6069,10,0,60
2026-06-01,3,VaxCare Nowzone,0,0,0,9,09:00:00,21,18,12,0.571,0.58,28,0,60
2026-05-03,3,VaxCare Nowzone,6,1,0,15,15:00:00,23,18,15,0.652,0.5748,38,0,60
2026-05-28,3,VaxCare Nowzone,3,0,0,14,14:00:00,20,18,10,0.5,0.4403,8,0,60
2026-07-18,3,VaxCare Nowzone,5,1,0,13,13:00:00,22,18,2,0.091,0.01,6,0,60
2026-07-28,3,VaxCare Nowzone,1,0,0,8,08:00:00,24,18,3,0.125,0.0333,3,0,60
2026-06-15,3,VaxCare Nowzone,0,0,0,10,10:00:00,21,18,15,0.714,0.6955,47,0,60
2026-07-15,3,VaxCare Nowzone,2,0,0,9,09:00:00,23,18,21,0.913,0.8249,46,1,60
2026-05-26,3,VaxCare Nowzone,1,0,0,11,11:00:00,23,18,15,0.652,0.5018,26,0,60
2026-06-23,3,VaxCare Nowzone,1,0,0,14,14:00:00,23,18,14,0.609,0.6325,23,0,60
2026-05-12,3,VaxCare Nowzone,1,0,0,14,14:00:00,20,18,17,0.85,0.7862,64,1,60
2026-07-09,3,VaxCare Nowzone,3,0,0,16,16:00:00,22,18,13,0.591,0.4102,16,0,60
2026-06-05,3,VaxCare Nowzone,4,0,0,13,13:00:00,21,18,5,0.238,0.1449,11,0,60
2026-06-20,3,VaxCare Nowzone,5,1,0,14,14:00:00,22,18,13,0.591,0.4287,19,0,60
2026-05-24,3,VaxCare Nowzone,6,1,0,8,08:00:00,20,18,9,0.45,0.345,28,0,60
2026-07-12,3,VaxCare Nowzone,6,1,0,13,13:00:00,23,18,10,0.435,0.504,17,0,60
2026-06-09,3,VaxCare Nowzone,1,0,0,10,10:00:00,22,18,9,0.409,0.2248,26,0,60
2026-05-20,3,VaxCare Nowzone,2,0,0,9,09:00:00,22,18,22,1.0,0.8105,35,1,60
2026-05-10,3,VaxCare Nowzone,6,1,0,11,11:00:00,24,18,14,0.583,0.4724,26,0,60
2026-06-15,3,VaxCare Nowzone,0,0,0,8,08:00:00,22,18,7,0.318,0.3177,8,0,60
2026-06-04,3,VaxCare Nowzone,3,0,0,14,14:00:00,20,18,7,0.35,0.405,16,0,60
2026-05-09,3,VaxCare Nowzone,5,1,0,13,13:00:00,24,18,7,0.292,0.3288,6,0,60
2026-06-21,3,VaxCare Nowzone,6,1,0,9,09:00:00,22,18,5,0.227,0.4777,5,0,60
2026-05-24,3,VaxCare Nowzone,6,1,0,13,13:00:00,20,18,8,0.4,0.2402,30,0,60
2026-06-03,3,VaxCare Nowzone,2,0,0,16,16:00:00,20,18,10,0.5,0.5042,14,0,60
2026-05-30,3,VaxCare Nowzone,5,1,0,13,13:00:00,21,18,3,0.143,0.0955,11,0,60
2026-05-12,3,VaxCare Nowzone,1,0,0,8,08:00:00,22,18,15,0.682,0.839,41,0,60
2026-07-16,3,VaxCare Nowzone,3,0,0,9,09:00:00,21,18,19,0.905,0.9072,71,1,60
2026-05-15,3,VaxCare Nowzone,4,0,0,14,14:00:00,24,18,24,1.0,0.7649,68,1,60
2026-05-16,3,VaxCare Nowzone,5,1,0,14,14:00:00,20,18,11,0.55,0.3978,20,0,60
2026-07-13,3,VaxCare Nowzone,0,0,0,15,15:00:00,20,18,12,0.6,0.5812,20,0,60
2026-06-06,3,VaxCare Nowzone,5,1,0,9,09:00:00,22,18,8,0.364,0.2441,10,0,60
2026-05-30,3,VaxCare Nowzone,5,1,0,15,15:00:00,20,18,7,0.35,0.4144,21,0,60
2026-05-01,3,VaxCare Nowzone,4,0,0,8,08:00:00,22,18,5,0.227,0.2398,6,0,60
2026-07-28,3,VaxCare Nowzone,1,0,0,16,16:00:00,20,18,11,0.55,0.4491,15,0,60
2026-06-11,3,VaxCare Nowzone,3,0,0,13,13:00:00,23,18,10,0.435,0.3985,18,0,60
2026-07-04,3,VaxCare Nowzone,5,1,0,13,13:00:00,21,18,12,0.571,0.4236,22,0,60
2026-06-12,4,VaxCare Củ Chi - Bình Mỹ,4,0,0,13,13:00:00,9,10,4,0.444,0.2795,24,0,30
2026-06-06,4,VaxCare Củ Chi - Bình Mỹ,5,1,0,10,10:00:00,8,10,2,0.25,0.3233,3,0,30
2026-05-07,4,VaxCare Củ Chi - Bình Mỹ,3,0,0,15,15:00:00,8,10,6,0.75,0.7152,33,1,30
2026-05-25,4,VaxCare Củ Chi - Bình Mỹ,0,0,0,15,15:00:00,7,10,3,0.429,0.2477,25,0,30
2026-06-26,4,VaxCare Củ Chi - Bình Mỹ,4,0,0,14,14:00:00,8,10,7,0.875,0.8377,58,1,30
2026-05-09,4,VaxCare Củ Chi - Bình Mỹ,5,1,0,9,09:00:00,8,10,5,0.625,0.4942,30,0,30
2026-05-08,4,VaxCare Củ Chi - Bình Mỹ,4,0,0,16,16:00:00,8,10,7,0.875,0.7325,67,1,30
2026-05-19,4,VaxCare Củ Chi - Bình Mỹ,1,0,0,9,09:00:00,8,10,8,1.0,0.99,54,1,30
2026-06-06,4,VaxCare Củ Chi - Bình Mỹ,5,1,0,13,13:00:00,8,10,2,0.25,0.1767,7,0,30
2026-06-18,4,VaxCare Củ Chi - Bình Mỹ,3,0,0,15,15:00:00,7,10,2,0.286,0.3068,14,0,30
2026-07-28,4,VaxCare Củ Chi - Bình Mỹ,1,0,0,10,10:00:00,8,10,3,0.375,0.2321,19,0,30
2026-06-26,4,VaxCare Củ Chi - Bình Mỹ,4,0,0,8,08:00:00,8,10,3,0.375,0.3787,22,0,30
2026-05-05,4,VaxCare Củ Chi - Bình Mỹ,1,0,0,16,16:00:00,8,10,3,0.375,0.3662,29,0,30
2026-05-13,4,VaxCare Củ Chi - Bình Mỹ,2,0,0,14,14:00:00,8,10,6,0.75,0.5761,31,1,30
2026-06-23,4,VaxCare Củ Chi - Bình Mỹ,1,0,0,15,15:00:00,8,10,6,0.75,0.6589,46,1,30
2026-06-11,4,VaxCare Củ Chi - Bình Mỹ,3,0,0,8,08:00:00,7,10,3,0.429,0.3997,16,0,30
2026-05-11,4,VaxCare Củ Chi - Bình Mỹ,0,0,0,15,15:00:00,8,10,8,1.0,0.8605,79,1,30
2026-07-18,4,VaxCare Củ Chi - Bình Mỹ,5,1,0,11,11:00:00,8,10,1,0.125,0.01,11,0,30
2026-06-02,4,VaxCare Củ Chi - Bình Mỹ,1,0,0,11,11:00:00,8,10,1,0.125,0.1662,10,0,30
2026-05-27,4,VaxCare Củ Chi - Bình Mỹ,2,0,0,14,14:00:00,8,10,5,0.625,0.5076,15,0,30
2026-06-25,4,VaxCare Củ Chi - Bình Mỹ,3,0,0,15,15:00:00,9,10,7,0.778,0.7955,40,1,30
2026-06-15,4,VaxCare Củ Chi - Bình Mỹ,0,0,0,16,16:00:00,8,10,2,0.25,0.2216,7,0,30
2026-05-05,4,VaxCare Củ Chi - Bình Mỹ,1,0,0,9,09:00:00,7,10,7,1.0,0.7974,79,1,30
2026-07-25,4,VaxCare Củ Chi - Bình Mỹ,5,1,0,15,15:00:00,9,10,0,0.0,0.0236,10,0,30
2026-06-29,4,VaxCare Củ Chi - Bình Mỹ,0,0,0,15,15:00:00,8,10,4,0.5,0.4574,25,0,30
2026-06-10,4,VaxCare Củ Chi - Bình Mỹ,2,0,0,11,11:00:00,9,10,2,0.222,0.105,11,0,30
2026-06-01,4,VaxCare Củ Chi - Bình Mỹ,0,0,0,15,15:00:00,8,10,0,0.0,0.01,3,0,30
2026-05-27,4,VaxCare Củ Chi - Bình Mỹ,2,0,0,10,10:00:00,7,10,4,0.571,0.4746,11,0,30
2026-05-16,4,VaxCare Củ Chi - Bình Mỹ,5,1,0,8,08:00:00,8,10,2,0.25,0.3519,8,0,30
2026-05-17,4,VaxCare Củ Chi - Bình Mỹ,6,1,0,14,14:00:00,7,10,2,0.286,0.1944,3,0,30
2026-06-22,4,VaxCare Củ Chi - Bình Mỹ,0,0,0,9,09:00:00,8,10,8,1.0,0.8635,71,1,30
2026-06-15,4,VaxCare Củ Chi - Bình Mỹ,0,0,0,11,11:00:00,8,10,6,0.75,0.6243,28,1,30
2026-06-12,4,VaxCare Củ Chi - Bình Mỹ,4,0,0,8,08:00:00,7,10,3,0.429,0.4296,16,0,30
2026-06-16,4,VaxCare Củ Chi - Bình Mỹ,1,0,0,16,16:00:00,8,10,3,0.375,0.265,24,0,30
2026-07-11,4,VaxCare Củ Chi - Bình Mỹ,5,1,0,11,11:00:00,9,10,2,0.222,0.2899,7,0,30
2026-07-19,4,VaxCare Củ Chi - Bình Mỹ,6,1,0,13,13:00:00,8,10,2,0.25,0.1358,10,0,30
2026-07-29,4,VaxCare Củ Chi - Bình Mỹ,2,0,0,13,13:00:00,7,10,2,0.286,0.3643,3,0,30
2026-07-11,4,VaxCare Củ Chi - Bình Mỹ,5,1,0,9,09:00:00,7,10,3,0.429,0.6794,24,0,30
2026-07-12,4,VaxCare Củ Chi - Bình Mỹ,6,1,0,16,16:00:00,8,10,3,0.375,0.3519,30,0,30
2026-07-01,4,VaxCare Củ Chi - Bình Mỹ,2,0,0,14,14:00:00,9,10,9,1.0,0.9153,51,1,30
2026-06-07,4,VaxCare Củ Chi - Bình Mỹ,6,1,0,13,13:00:00,8,10,0,0.0,0.01,9,0,30
2026-05-17,4,VaxCare Củ Chi - Bình Mỹ,6,1,0,16,16:00:00,7,10,3,0.429,0.2769,19,0,30
2026-05-07,4,VaxCare Củ Chi - Bình Mỹ,3,0,0,9,09:00:00,7,10,6,0.857,0.5893,68,1,30
2026-07-29,4,VaxCare Củ Chi - Bình Mỹ,2,0,0,8,08:00:00,7,10,1,0.143,0.2194,8,0,30
2026-06-22,4,VaxCare Củ Chi - Bình Mỹ,0,0,0,8,08:00:00,8,10,4,0.5,0.3812,28,0,30
2026-05-10,4,VaxCare Củ Chi - Bình Mỹ,6,1,0,8,08:00:00,8,10,2,0.25,0.3529,12,0,30
2026-06-12,4,VaxCare Củ Chi - Bình Mỹ,4,0,0,15,15:00:00,8,10,3,0.375,0.1157,26,0,30
2026-07-14,4,VaxCare Củ Chi - Bình Mỹ,1,0,0,14,14:00:00,9,10,5,0.556,0.5036,21,0,30
2026-07-21,4,VaxCare Củ Chi - Bình Mỹ,1,0,1,11,11:00:00,8,10,0,0.0,0.01,6,0,30
2026-05-10,4,VaxCare Củ Chi - Bình Mỹ,6,1,0,14,14:00:00,8,10,4,0.5,0.3952,18,0,30
2026-07-05,4,VaxCare Củ Chi - Bình Mỹ,6,1,0,10,10:00:00,8,10,5,0.625,0.6086,27,0,30
2026-07-24,4,VaxCare Củ Chi - Bình Mỹ,4,0,0,8,08:00:00,8,10,2,0.25,0.1097,8,0,30
2026-06-24,4,VaxCare Củ Chi - Bình Mỹ,2,0,0,14,14:00:00,8,10,7,0.875,0.811,59,1,30
2026-07-13,4,VaxCare Củ Chi - Bình Mỹ,0,0,0,16,16:00:00,7,10,2,0.286,0.3658,9,0,30
2026-05-17,4,VaxCare Củ Chi - Bình Mỹ,6,1,0,11,11:00:00,8,10,0,0.0,0.01,12,0,30
2026-06-14,4,VaxCare Củ Chi - Bình Mỹ,6,1,0,8,08:00:00,9,10,0,0.0,0.1193,13,0,30
2026-05-27,4,VaxCare Củ Chi - Bình Mỹ,2,0,0,11,11:00:00,9,10,3,0.333,0.1638,10,0,30
2026-05-27,4,VaxCare Củ Chi - Bình Mỹ,2,0,0,16,16:00:00,8,10,1,0.125,0.01,4,0,30
2026-05-11,4,VaxCare Củ Chi - Bình Mỹ,0,0,0,13,13:00:00,9,10,9,1.0,0.8819,78,1,30
2026-06-11,4,VaxCare Củ Chi - Bình Mỹ,3,0,0,9,09:00:00,8,10,1,0.125,0.1293,11,0,30
2026-07-06,4,VaxCare Củ Chi - Bình Mỹ,0,0,0,13,13:00:00,8,10,5,0.625,0.5746,14,0,30
2026-05-02,4,VaxCare Củ Chi - Bình Mỹ,5,1,0,10,10:00:00,7,10,5,0.714,0.5621,56,0,30
2026-05-10,4,VaxCare Củ Chi - Bình Mỹ,6,1,0,15,15:00:00,8,10,0,0.0,0.188,10,0,30
2026-06-19,4,VaxCare Củ Chi - Bình Mỹ,4,0,0,9,09:00:00,8,10,5,0.625,0.6101,10,0,30
2026-06-01,4,VaxCare Củ Chi - Bình Mỹ,0,0,0,10,10:00:00,8,10,5,0.625,0.4956,25,0,30
2026-05-13,4,VaxCare Củ Chi - Bình Mỹ,2,0,0,9,09:00:00,8,10,8,1.0,0.7194,62,1,30
2026-07-21,4,VaxCare Củ Chi - Bình Mỹ,1,0,1,15,15:00:00,8,10,0,0.0,0.01,15,0,30
2026-05-20,4,VaxCare Củ Chi - Bình Mỹ,2,0,0,11,11:00:00,9,10,3,0.333,0.2183,7,0,30
2026-07-05,4,VaxCare Củ Chi - Bình Mỹ,6,1,0,16,16:00:00,7,10,3,0.429,0.3935,19,0,30
2026-07-14,4,VaxCare Củ Chi - Bình Mỹ,1,0,0,13,13:00:00,8,10,2,0.25,0.2514,5,0,30
2026-07-23,4,VaxCare Củ Chi - Bình Mỹ,3,0,0,13,13:00:00,8,10,4,0.5,0.3355,15,0,30
2026-06-21,4,VaxCare Củ Chi - Bình Mỹ,6,1,0,8,08:00:00,8,10,2,0.25,0.1109,17,0,30
2026-05-11,4,VaxCare Củ Chi - Bình Mỹ,0,0,0,9,09:00:00,8,10,8,1.0,0.8011,53,1,30
2026-06-17,4,VaxCare Củ Chi - Bình Mỹ,2,0,0,15,15:00:00,8,10,1,0.125,0.1918,9,0,30
2026-05-19,4,VaxCare Củ Chi - Bình Mỹ,1,0,0,13,13:00:00,9,10,5,0.556,0.3303,33,0,30
2026-07-07,4,VaxCare Củ Chi - Bình Mỹ,1,0,0,8,08:00:00,8,10,8,1.0,0.8173,50,1,30
2026-07-12,4,VaxCare Củ Chi - Bình Mỹ,6,1,0,14,14:00:00,8,10,5,0.625,0.5739,27,0,30
2026-06-13,4,VaxCare Củ Chi - Bình Mỹ,5,1,0,8,08:00:00,7,10,1,0.143,0.1968,6,0,30
2026-07-29,4,VaxCare Củ Chi - Bình Mỹ,2,0,0,10,10:00:00,8,10,0,0.0,0.0118,3,0,30
2026-06-01,4,VaxCare Củ Chi - Bình Mỹ,0,0,0,8,08:00:00,8,10,4,0.5,0.3266,26,0,30
2026-07-06,4,VaxCare Củ Chi - Bình Mỹ,0,0,0,14,14:00:00,9,10,8,0.889,0.7095,50,1,30
2026-06-08,4,VaxCare Củ Chi - Bình Mỹ,0,0,0,10,10:00:00,8,10,3,0.375,0.3141,12,0,30
2026-05-25,4,VaxCare Củ Chi - Bình Mỹ,0,0,0,8,08:00:00,8,10,3,0.375,0.388,18,0,30
2026-06-07,4,VaxCare Củ Chi - Bình Mỹ,6,1,0,11,11:00:00,8,10,0,0.0,0.01,3,0,30
2026-05-04,4,VaxCare Củ Chi - Bình Mỹ,0,0,0,16,16:00:00,9,10,6,0.667,0.6025,28,0,30
2026-07-02,4,VaxCare Củ Chi - Bình Mỹ,3,0,0,16,16:00:00,9,10,5,0.556,0.5129,22,0,30
2026-07-08,4,VaxCare Củ Chi - Bình Mỹ,2,0,0,14,14:00:00,9,10,9,1.0,0.8957,64,1,30
2026-05-29,4,VaxCare Củ Chi - Bình Mỹ,4,0,0,16,16:00:00,7,10,4,0.571,0.4378,22,0,30
2026-06-27,4,VaxCare Củ Chi - Bình Mỹ,5,1,0,9,09:00:00,7,10,2,0.286,0.2149,14,0,30
2026-07-22,4,VaxCare Củ Chi - Bình Mỹ,2,0,0,13,13:00:00,7,10,2,0.286,0.2336,3,0,30
2026-05-30,4,VaxCare Củ Chi - Bình Mỹ,5,1,0,10,10:00:00,7,10,0,0.0,0.01,8,0,30
2026-05-07,4,VaxCare Củ Chi - Bình Mỹ,3,0,0,16,16:00:00,8,10,7,0.875,0.7306,75,1,30
2026-05-27,4,VaxCare Củ Chi - Bình Mỹ,2,0,0,9,09:00:00,8,10,6,0.75,0.56,44,1,30
2026-06-12,4,VaxCare Củ Chi - Bình Mỹ,4,0,0,10,10:00:00,7,10,2,0.286,0.2661,7,0,30
2026-05-22,4,VaxCare Củ Chi - Bình Mỹ,4,0,0,15,15:00:00,7,10,3,0.429,0.3757,12,0,30
2026-06-13,4,VaxCare Củ Chi - Bình Mỹ,5,1,0,15,15:00:00,8,10,2,0.25,0.3097,3,0,30
2026-05-10,4,VaxCare Củ Chi - Bình Mỹ,6,1,0,13,13:00:00,9,10,2,0.222,0.2076,3,0,30
2026-05-01,4,VaxCare Củ Chi - Bình Mỹ,4,0,0,10,10:00:00,7,10,5,0.714,0.7169,37,0,30
2026-07-08,4,VaxCare Củ Chi - Bình Mỹ,2,0,0,13,13:00:00,9,10,6,0.667,0.5667,34,0,30
2026-05-14,4,VaxCare Củ Chi - Bình Mỹ,3,0,0,14,14:00:00,8,10,7,0.875,0.7862,49,1,30
2026-06-06,4,VaxCare Củ Chi - Bình Mỹ,5,1,0,11,11:00:00,8,10,0,0.0,0.01,6,0,30
2026-07-29,4,VaxCare Củ Chi - Bình Mỹ,2,0,0,11,11:00:00,7,10,2,0.286,0.2514,8,0,30
2026-06-08,4,VaxCare Củ Chi - Bình Mỹ,0,0,0,16,16:00:00,9,10,1,0.111,0.1654,6,0,30
2026-06-13,4,VaxCare Củ Chi - Bình Mỹ,5,1,0,16,16:00:00,7,10,1,0.143,0.1052,3,0,30
2026-05-27,4,VaxCare Củ Chi - Bình Mỹ,2,0,0,8,08:00:00,7,10,2,0.286,0.3198,12,0,30
2026-06-14,4,VaxCare Củ Chi - Bình Mỹ,6,1,0,14,14:00:00,7,10,1,0.143,0.1695,4,0,30
2026-05-23,4,VaxCare Củ Chi - Bình Mỹ,5,1,0,14,14:00:00,9,10,2,0.222,0.1184,5,0,30
2026-05-30,4,VaxCare Củ Chi - Bình Mỹ,5,1,0,11,11:00:00,9,10,2,0.222,0.3032,9,0,30
2026-05-29,4,VaxCare Củ Chi - Bình Mỹ,4,0,0,11,11:00:00,7,10,3,0.429,0.4975,18,0,30
2026-07-22,4,VaxCare Củ Chi - Bình Mỹ,2,0,0,9,09:00:00,9,10,4,0.444,0.3969,30,0,30
2026-05-15,4,VaxCare Củ Chi - Bình Mỹ,4,0,0,15,15:00:00,8,10,4,0.5,0.4459,16,0,30
2026-06-26,4,VaxCare Củ Chi - Bình Mỹ,4,0,0,10,10:00:00,7,10,4,0.571,0.4928,26,0,30
2026-07-17,4,VaxCare Củ Chi - Bình Mỹ,4,0,0,16,16:00:00,8,10,3,0.375,0.2996,30,0,30
2026-05-12,4,VaxCare Củ Chi - Bình Mỹ,1,0,0,10,10:00:00,7,10,5,0.714,0.6099,28,0,30
2026-07-04,4,VaxCare Củ Chi - Bình Mỹ,5,1,0,10,10:00:00,7,10,3,0.429,0.4179,13,0,30
2026-06-10,4,VaxCare Củ Chi - Bình Mỹ,2,0,0,16,16:00:00,7,10,2,0.286,0.12,13,0,30
2026-06-17,4,VaxCare Củ Chi - Bình Mỹ,2,0,0,9,09:00:00,8,10,6,0.75,0.5195,30,1,30
2026-05-08,4,VaxCare Củ Chi - Bình Mỹ,4,0,0,13,13:00:00,8,10,7,0.875,0.7551,66,1,30
2026-07-12,4,VaxCare Củ Chi - Bình Mỹ,6,1,0,11,11:00:00,8,10,5,0.625,0.4197,20,0,30
2026-05-04,4,VaxCare Củ Chi - Bình Mỹ,0,0,0,15,15:00:00,9,10,5,0.556,0.3732,25,0,30
2026-05-09,4,VaxCare Củ Chi - Bình Mỹ,5,1,0,14,14:00:00,8,10,4,0.5,0.4841,19,0,30
2026-06-19,4,VaxCare Củ Chi - Bình Mỹ,4,0,0,15,15:00:00,8,10,3,0.375,0.1863,23,0,30
2026-07-17,4,VaxCare Củ Chi - Bình Mỹ,4,0,0,15,15:00:00,8,10,4,0.5,0.3791,31,0,30
2026-05-06,4,VaxCare Củ Chi - Bình Mỹ,2,0,0,13,13:00:00,8,10,4,0.5,0.4593,23,0,30
2026-06-06,4,VaxCare Củ Chi - Bình Mỹ,5,1,0,15,15:00:00,8,10,2,0.25,0.2583,6,0,30
2026-05-09,4,VaxCare Củ Chi - Bình Mỹ,5,1,0,15,15:00:00,8,10,4,0.5,0.4593,17,0,30
2026-06-18,4,VaxCare Củ Chi - Bình Mỹ,3,0,0,13,13:00:00,8,10,4,0.5,0.4467,29,0,30
2026-07-21,4,VaxCare Củ Chi - Bình Mỹ,1,0,1,13,13:00:00,8,10,0,0.0,0.01,3,0,30
2026-07-13,4,VaxCare Củ Chi - Bình Mỹ,0,0,0,13,13:00:00,9,10,4,0.444,0.3407,18,0,30
2026-06-27,4,VaxCare Củ Chi - Bình Mỹ,5,1,0,15,15:00:00,8,10,4,0.5,0.5032,14,0,30
2026-07-24,4,VaxCare Củ Chi - Bình Mỹ,4,0,0,9,09:00:00,8,10,4,0.5,0.4389,32,0,30
2026-06-22,4,VaxCare Củ Chi - Bình Mỹ,0,0,0,13,13:00:00,8,10,5,0.625,0.4739,25,0,30
2026-05-28,4,VaxCare Củ Chi - Bình Mỹ,3,0,0,13,13:00:00,7,10,3,0.429,0.353,21,0,30
2026-07-09,4,VaxCare Củ Chi - Bình Mỹ,3,0,0,8,08:00:00,7,10,4,0.571,0.5945,17,0,30
2026-06-11,4,VaxCare Củ Chi - Bình Mỹ,3,0,0,16,16:00:00,8,10,3,0.375,0.3353,25,0,30
2026-07-28,4,VaxCare Củ Chi - Bình Mỹ,1,0,0,15,15:00:00,9,10,4,0.444,0.4405,17,0,30
2026-05-18,4,VaxCare Củ Chi - Bình Mỹ,0,0,0,8,08:00:00,8,10,6,0.75,0.7309,32,1,30
2026-05-01,4,VaxCare Củ Chi - Bình Mỹ,4,0,0,15,15:00:00,8,10,6,0.75,0.6737,33,1,30
2026-05-28,4,VaxCare Củ Chi - Bình Mỹ,3,0,0,16,16:00:00,8,10,2,0.25,0.0498,11,0,30
2026-05-21,4,VaxCare Củ Chi - Bình Mỹ,3,0,0,13,13:00:00,8,10,4,0.5,0.5089,12,0,30
2026-05-21,4,VaxCare Củ Chi - Bình Mỹ,3,0,0,14,14:00:00,8,10,6,0.75,0.6529,47,1,30
2026-05-25,4,VaxCare Củ Chi - Bình Mỹ,0,0,0,16,16:00:00,9,10,2,0.222,0.2798,10,0,30
2026-05-17,4,VaxCare Củ Chi - Bình Mỹ,6,1,0,13,13:00:00,9,10,0,0.0,0.0874,3,0,30
2026-07-02,4,VaxCare Củ Chi - Bình Mỹ,3,0,0,14,14:00:00,8,10,5,0.625,0.6048,27,0,30
2026-06-19,4,VaxCare Củ Chi - Bình Mỹ,4,0,0,11,11:00:00,9,10,2,0.222,0.1207,7,0,30
2026-05-06,4,VaxCare Củ Chi - Bình Mỹ,2,0,0,9,09:00:00,8,10,7,0.875,0.7212,51,1,30
2026-05-14,4,VaxCare Củ Chi - Bình Mỹ,3,0,0,13,13:00:00,7,10,5,0.714,0.6611,38,0,30
2026-07-20,4,VaxCare Củ Chi - Bình Mỹ,0,0,0,13,13:00:00,8,10,4,0.5,0.4553,15,0,30
2026-05-08,4,VaxCare Củ Chi - Bình Mỹ,4,0,0,8,08:00:00,7,10,4,0.571,0.4949,11,0,30
2026-05-20,4,VaxCare Củ Chi - Bình Mỹ,2,0,0,15,15:00:00,7,10,5,0.714,0.6008,30,0,30
2026-06-28,4,VaxCare Củ Chi - Bình Mỹ,6,1,0,8,08:00:00,8,10,2,0.25,0.1216,3,0,30
2026-06-10,4,VaxCare Củ Chi - Bình Mỹ,2,0,0,13,13:00:00,8,10,2,0.25,0.0238,9,0,30
2026-07-06,4,VaxCare Củ Chi - Bình Mỹ,0,0,0,11,11:00:00,9,10,6,0.667,0.4989,43,0,30
2026-05-04,4,VaxCare Củ Chi - Bình Mỹ,0,0,0,8,08:00:00,8,10,2,0.25,0.059,4,0,30
2026-07-07,4,VaxCare Củ Chi - Bình Mỹ,1,0,0,14,14:00:00,7,10,7,1.0,0.8509,40,1,30
2026-06-02,4,VaxCare Củ Chi - Bình Mỹ,1,0,0,13,13:00:00,8,10,4,0.5,0.5597,22,0,30
2026-07-08,4,VaxCare Củ Chi - Bình Mỹ,2,0,0,15,15:00:00,7,10,4,0.571,0.3703,15,0,30
2026-06-07,4,VaxCare Củ Chi - Bình Mỹ,6,1,0,15,15:00:00,8,10,0,0.0,0.01,11,0,30
2026-06-23,4,VaxCare Củ Chi - Bình Mỹ,1,0,0,16,16:00:00,8,10,4,0.5,0.457,20,0,30
2026-05-14,4,VaxCare Củ Chi - Bình Mỹ,3,0,0,15,15:00:00,9,10,7,0.778,0.6478,40,1,30
2026-05-11,4,VaxCare Củ Chi - Bình Mỹ,0,0,0,10,10:00:00,8,10,6,0.75,0.5589,51,1,30
2026-05-07,4,VaxCare Củ Chi - Bình Mỹ,3,0,0,11,11:00:00,8,10,5,0.625,0.4645,27,0,30
2026-07-24,4,VaxCare Củ Chi - Bình Mỹ,4,0,0,16,16:00:00,8,10,0,0.0,0.01,9,0,30
2026-07-12,4,VaxCare Củ Chi - Bình Mỹ,6,1,0,8,08:00:00,9,10,2,0.222,0.265,13,0,30
2026-07-13,4,VaxCare Củ Chi - Bình Mỹ,0,0,0,14,14:00:00,8,10,6,0.75,0.5916,45,1,30
2026-06-05,4,VaxCare Củ Chi - Bình Mỹ,4,0,0,9,09:00:00,7,10,3,0.429,0.3649,15,0,30
2026-06-02,4,VaxCare Củ Chi - Bình Mỹ,1,0,0,9,09:00:00,8,10,1,0.125,0.0758,4,0,30
2026-07-19,4,VaxCare Củ Chi - Bình Mỹ,6,1,0,16,16:00:00,8,10,1,0.125,0.118,6,0,30
2026-06-09,4,VaxCare Củ Chi - Bình Mỹ,1,0,0,15,15:00:00,9,10,2,0.222,0.1603,3,0,30
2026-05-03,4,VaxCare Củ Chi - Bình Mỹ,6,1,0,10,10:00:00,8,10,3,0.375,0.2407,19,0,30
2026-05-31,4,VaxCare Củ Chi - Bình Mỹ,6,1,0,13,13:00:00,8,10,0,0.0,0.01,3,0,30
2026-06-19,4,VaxCare Củ Chi - Bình Mỹ,4,0,0,10,10:00:00,7,10,3,0.429,0.2682,18,0,30
2026-07-15,4,VaxCare Củ Chi - Bình Mỹ,2,0,0,11,11:00:00,7,10,3,0.429,0.4635,21,0,30
2026-07-02,4,VaxCare Củ Chi - Bình Mỹ,3,0,0,11,11:00:00,9,10,5,0.556,0.4306,10,0,30
2026-05-08,4,VaxCare Củ Chi - Bình Mỹ,4,0,0,14,14:00:00,7,10,5,0.714,0.6483,30,0,30
2026-05-23,4,VaxCare Củ Chi - Bình Mỹ,5,1,0,15,15:00:00,9,10,7,0.778,0.7114,40,1,30
2026-07-03,4,VaxCare Củ Chi - Bình Mỹ,4,0,0,10,10:00:00,7,10,7,1.0,0.8767,40,1,30
2026-05-04,4,VaxCare Củ Chi - Bình Mỹ,0,0,0,14,14:00:00,9,10,7,0.778,0.6454,28,1,30
2026-05-26,4,VaxCare Củ Chi - Bình Mỹ,1,0,0,13,13:00:00,8,10,4,0.5,0.4646,16,0,30
2026-07-27,4,VaxCare Củ Chi - Bình Mỹ,0,0,0,14,14:00:00,8,10,1,0.125,0.099,3,0,30
2026-06-03,4,VaxCare Củ Chi - Bình Mỹ,2,0,0,9,09:00:00,8,10,5,0.625,0.5025,15,0,30
2026-06-14,4,VaxCare Củ Chi - Bình Mỹ,6,1,0,13,13:00:00,8,10,0,0.0,0.0348,4,0,30
2026-06-28,4,VaxCare Củ Chi - Bình Mỹ,6,1,0,14,14:00:00,7,10,2,0.286,0.2144,5,0,30
2026-07-23,4,VaxCare Củ Chi - Bình Mỹ,3,0,0,11,11:00:00,7,10,3,0.429,0.4151,23,0,30
2026-06-26,4,VaxCare Củ Chi - Bình Mỹ,4,0,0,9,09:00:00,7,10,5,0.714,0.5155,25,0,30
2026-06-24,4,VaxCare Củ Chi - Bình Mỹ,2,0,0,8,08:00:00,8,10,6,0.75,0.6268,32,1,30
2026-07-17,4,VaxCare Củ Chi - Bình Mỹ,4,0,0,11,11:00:00,8,10,3,0.375,0.3973,24,0,30
2026-06-02,4,VaxCare Củ Chi - Bình Mỹ,1,0,0,8,08:00:00,7,10,2,0.286,0.2289,6,0,30
2026-06-14,4,VaxCare Củ Chi - Bình Mỹ,6,1,0,9,09:00:00,8,10,1,0.125,0.01,3,0,30
2026-06-24,4,VaxCare Củ Chi - Bình Mỹ,2,0,0,16,16:00:00,9,10,3,0.333,0.2165,15,0,30
2026-05-23,4,VaxCare Củ Chi - Bình Mỹ,5,1,0,8,08:00:00,9,10,3,0.333,0.3319,7,0,30
2026-05-30,4,VaxCare Củ Chi - Bình Mỹ,5,1,0,16,16:00:00,8,10,4,0.5,0.3931,26,0,30
2026-06-23,4,VaxCare Củ Chi - Bình Mỹ,1,0,0,10,10:00:00,8,10,5,0.625,0.5728,11,0,30
2026-05-18,4,VaxCare Củ Chi - Bình Mỹ,0,0,0,9,09:00:00,8,10,6,0.75,0.5403,27,1,30
2026-05-25,4,VaxCare Củ Chi - Bình Mỹ,0,0,0,13,13:00:00,8,10,4,0.5,0.5182,22,0,30
2026-07-24,4,VaxCare Củ Chi - Bình Mỹ,4,0,0,10,10:00:00,8,10,6,0.75,0.6124,47,1,30
2026-05-21,4,VaxCare Củ Chi - Bình Mỹ,3,0,0,11,11:00:00,8,10,4,0.5,0.4451,15,0,30
2026-06-14,4,VaxCare Củ Chi - Bình Mỹ,6,1,0,11,11:00:00,9,10,2,0.222,0.2069,12,0,30
2026-07-18,4,VaxCare Củ Chi - Bình Mỹ,5,1,0,16,16:00:00,8,10,2,0.25,0.3649,8,0,30
2026-06-28,4,VaxCare Củ Chi - Bình Mỹ,6,1,0,15,15:00:00,9,10,2,0.222,0.2134,5,0,30
2026-07-12,4,VaxCare Củ Chi - Bình Mỹ,6,1,0,10,10:00:00,8,10,5,0.625,0.5899,21,0,30
2026-06-28,4,VaxCare Củ Chi - Bình Mỹ,6,1,0,13,13:00:00,8,10,4,0.5,0.4301,24,0,30
2026-06-09,4,VaxCare Củ Chi - Bình Mỹ,1,0,0,16,16:00:00,7,10,0,0.0,0.01,12,0,30
2026-07-06,4,VaxCare Củ Chi - Bình Mỹ,0,0,0,15,15:00:00,8,10,5,0.625,0.4545,15,0,30
2026-05-14,4,VaxCare Củ Chi - Bình Mỹ,3,0,0,8,08:00:00,9,10,6,0.667,0.8037,22,0,30
2026-05-15,4,VaxCare Củ Chi - Bình Mỹ,4,0,0,10,10:00:00,8,10,8,1.0,0.8611,68,1,30
2026-07-24,4,VaxCare Củ Chi - Bình Mỹ,4,0,0,11,11:00:00,9,10,3,0.333,0.3153,5,0,30
2026-05-27,4,VaxCare Củ Chi - Bình Mỹ,2,0,0,13,13:00:00,8,10,4,0.5,0.4195,12,0,30
2026-07-20,4,VaxCare Củ Chi - Bình Mỹ,0,0,0,14,14:00:00,8,10,2,0.25,0.2237,7,0,30
2026-06-17,4,VaxCare Củ Chi - Bình Mỹ,2,0,0,14,14:00:00,9,10,8,0.889,0.7186,44,1,30
2026-05-12,4,VaxCare Củ Chi - Bình Mỹ,1,0,0,13,13:00:00,9,10,5,0.556,0.5724,21,0,30
2026-05-01,4,VaxCare Củ Chi - Bình Mỹ,4,0,0,16,16:00:00,8,10,3,0.375,0.2021,18,0,30
2026-05-12,4,VaxCare Củ Chi - Bình Mỹ,1,0,0,9,09:00:00,7,10,7,1.0,0.8795,79,1,30
2026-07-08,4,VaxCare Củ Chi - Bình Mỹ,2,0,0,9,09:00:00,8,10,8,1.0,0.8852,79,1,30
2026-07-26,4,VaxCare Củ Chi - Bình Mỹ,6,1,0,8,08:00:00,8,10,1,0.125,0.1182,12,0,30
2026-07-07,4,VaxCare Củ Chi - Bình Mỹ,1,0,0,10,10:00:00,8,10,8,1.0,0.7765,69,1,30
2026-07-08,4,VaxCare Củ Chi - Bình Mỹ,2,0,0,16,16:00:00,7,10,2,0.286,0.0731,5,0,30
2026-07-14,4,VaxCare Củ Chi - Bình Mỹ,1,0,0,15,15:00:00,8,10,4,0.5,0.3888,21,0,30
2026-07-27,4,VaxCare Củ Chi - Bình Mỹ,0,0,0,9,09:00:00,9,10,1,0.111,0.2444,10,0,30
2026-05-18,4,VaxCare Củ Chi - Bình Mỹ,0,0,0,13,13:00:00,8,10,7,0.875,0.848,72,1,30
2026-05-04,4,VaxCare Củ Chi - Bình Mỹ,0,0,0,13,13:00:00,9,10,6,0.667,0.6542,35,0,30
2026-05-06,4,VaxCare Củ Chi - Bình Mỹ,2,0,0,11,11:00:00,8,10,4,0.5,0.3541,22,0,30
2026-05-06,4,VaxCare Củ Chi - Bình Mỹ,2,0,0,10,10:00:00,8,10,6,0.75,0.6359,32,1,30
2026-05-10,4,VaxCare Củ Chi - Bình Mỹ,6,1,0,9,09:00:00,8,10,4,0.5,0.3853,23,0,30
2026-05-21,4,VaxCare Củ Chi - Bình Mỹ,3,0,0,16,16:00:00,8,10,5,0.625,0.5163,22,0,30
2026-07-09,4,VaxCare Củ Chi - Bình Mỹ,3,0,0,14,14:00:00,8,10,4,0.5,0.3744,13,0,30
2026-07-18,4,VaxCare Củ Chi - Bình Mỹ,5,1,0,14,14:00:00,8,10,3,0.375,0.3105,16,0,30
2026-05-09,4,VaxCare Củ Chi - Bình Mỹ,5,1,0,10,10:00:00,9,10,5,0.556,0.384,23,0,30
2026-05-02,4,VaxCare Củ Chi - Bình Mỹ,5,1,0,11,11:00:00,8,10,5,0.625,0.6407,20,0,30
2026-06-10,4,VaxCare Củ Chi - Bình Mỹ,2,0,0,15,15:00:00,8,10,2,0.25,0.1933,10,0,30
2026-07-13,4,VaxCare Củ Chi - Bình Mỹ,0,0,0,10,10:00:00,9,10,8,0.889,0.669,72,1,30
2026-05-23,4,VaxCare Củ Chi - Bình Mỹ,5,1,0,10,10:00:00,8,10,5,0.625,0.615,10,0,30
2026-06-05,4,VaxCare Củ Chi - Bình Mỹ,4,0,0,15,15:00:00,8,10,3,0.375,0.2703,6,0,30
2026-07-08,4,VaxCare Củ Chi - Bình Mỹ,2,0,0,11,11:00:00,8,10,6,0.75,0.6508,24,1,30
2026-06-24,4,VaxCare Củ Chi - Bình Mỹ,2,0,0,10,10:00:00,8,10,8,1.0,0.852,65,1,30
2026-07-25,4,VaxCare Củ Chi - Bình Mỹ,5,1,0,13,13:00:00,9,10,0,0.0,0.0629,16,0,30
2026-06-26,4,VaxCare Củ Chi - Bình Mỹ,4,0,0,11,11:00:00,8,10,4,0.5,0.4245,22,0,30
2026-05-23,4,VaxCare Củ Chi - Bình Mỹ,5,1,0,9,09:00:00,7,10,1,0.143,0.1935,12,0,30
2026-07-04,4,VaxCare Củ Chi - Bình Mỹ,5,1,0,9,09:00:00,8,10,6,0.75,0.7809,34,1,30
2026-07-21,4,VaxCare Củ Chi - Bình Mỹ,1,0,1,9,09:00:00,8,10,1,0.125,0.057,6,0,30
2026-05-11,4,VaxCare Củ Chi - Bình Mỹ,0,0,0,11,11:00:00,9,10,4,0.444,0.3384,22,0,30
2026-05-28,4,VaxCare Củ Chi - Bình Mỹ,3,0,0,10,10:00:00,8,10,3,0.375,0.2231,13,0,30
2026-06-30,4,VaxCare Củ Chi - Bình Mỹ,1,0,0,14,14:00:00,7,10,7,1.0,0.7031,65,1,30
2026-07-03,4,VaxCare Củ Chi - Bình Mỹ,4,0,0,11,11:00:00,9,10,5,0.556,0.6048,26,0,30
2026-06-28,4,VaxCare Củ Chi - Bình Mỹ,6,1,0,11,11:00:00,8,10,2,0.25,0.2859,14,0,30
2026-07-17,4,VaxCare Củ Chi - Bình Mỹ,4,0,0,14,14:00:00,8,10,6,0.75,0.6056,29,1,30
2026-07-19,4,VaxCare Củ Chi - Bình Mỹ,6,1,0,9,09:00:00,9,10,1,0.111,0.1434,6,0,30
2026-06-22,4,VaxCare Củ Chi - Bình Mỹ,0,0,0,15,15:00:00,8,10,2,0.25,0.2569,15,0,30
2026-05-10,4,VaxCare Củ Chi - Bình Mỹ,6,1,0,16,16:00:00,8,10,0,0.0,0.0162,7,0,30
2026-05-03,4,VaxCare Củ Chi - Bình Mỹ,6,1,0,16,16:00:00,8,10,4,0.5,0.6092,18,0,30
2026-05-02,4,VaxCare Củ Chi - Bình Mỹ,5,1,0,16,16:00:00,9,10,5,0.556,0.3618,32,0,30
2026-06-21,4,VaxCare Củ Chi - Bình Mỹ,6,1,0,11,11:00:00,7,10,2,0.286,0.297,13,0,30
2026-06-25,4,VaxCare Củ Chi - Bình Mỹ,3,0,0,14,14:00:00,9,10,9,1.0,0.846,51,1,30
2026-06-04,4,VaxCare Củ Chi - Bình Mỹ,3,0,0,11,11:00:00,7,10,0,0.0,0.01,16,0,30
2026-05-31,4,VaxCare Củ Chi - Bình Mỹ,6,1,0,16,16:00:00,7,10,1,0.143,0.1229,8,0,30
2026-06-07,4,VaxCare Củ Chi - Bình Mỹ,6,1,0,8,08:00:00,8,10,1,0.125,0.135,7,0,30
2026-07-06,4,VaxCare Củ Chi - Bình Mỹ,0,0,0,9,09:00:00,8,10,8,1.0,0.8297,41,1,30
2026-06-30,4,VaxCare Củ Chi - Bình Mỹ,1,0,0,16,16:00:00,8,10,6,0.75,0.707,42,1,30
2026-06-03,4,VaxCare Củ Chi - Bình Mỹ,2,0,0,8,08:00:00,8,10,1,0.125,0.1946,3,0,30
2026-06-17,4,VaxCare Củ Chi - Bình Mỹ,2,0,0,13,13:00:00,8,10,4,0.5,0.4095,24,0,30
2026-06-11,4,VaxCare Củ Chi - Bình Mỹ,3,0,0,11,11:00:00,9,10,0,0.0,0.1263,8,0,30
2026-06-11,4,VaxCare Củ Chi - Bình Mỹ,3,0,0,15,15:00:00,8,10,0,0.0,0.0127,7,0,30
2026-06-23,4,VaxCare Củ Chi - Bình Mỹ,1,0,0,9,09:00:00,9,10,5,0.556,0.548,21,0,30
2026-05-02,4,VaxCare Củ Chi - Bình Mỹ,5,1,0,9,09:00:00,8,10,3,0.375,0.3242,18,0,30
2026-06-01,4,VaxCare Củ Chi - Bình Mỹ,0,0,0,9,09:00:00,7,10,2,0.286,0.4053,12,0,30
2026-05-03,4,VaxCare Củ Chi - Bình Mỹ,6,1,0,15,15:00:00,8,10,0,0.0,0.01,9,0,30
2026-05-28,4,VaxCare Củ Chi - Bình Mỹ,3,0,0,14,14:00:00,8,10,5,0.625,0.5563,11,0,30
2026-07-18,4,VaxCare Củ Chi - Bình Mỹ,5,1,0,13,13:00:00,8,10,4,0.5,0.4028,12,0,30
2026-07-28,4,VaxCare Củ Chi - Bình Mỹ,1,0,0,8,08:00:00,8,10,2,0.25,0.2847,11,0,30
2026-06-15,4,VaxCare Củ Chi - Bình Mỹ,0,0,0,10,10:00:00,7,10,4,0.571,0.4872,17,0,30
2026-07-15,4,VaxCare Củ Chi - Bình Mỹ,2,0,0,9,09:00:00,8,10,4,0.5,0.4273,26,0,30
2026-05-26,4,VaxCare Củ Chi - Bình Mỹ,1,0,0,11,11:00:00,7,10,2,0.286,0.3097,12,0,30
2026-06-23,4,VaxCare Củ Chi - Bình Mỹ,1,0,0,14,14:00:00,8,10,7,0.875,0.6158,55,1,30
2026-05-12,4,VaxCare Củ Chi - Bình Mỹ,1,0,0,14,14:00:00,8,10,7,0.875,0.833,55,1,30
2026-07-09,4,VaxCare Củ Chi - Bình Mỹ,3,0,0,16,16:00:00,8,10,5,0.625,0.4874,7,0,30
2026-06-05,4,VaxCare Củ Chi - Bình Mỹ,4,0,0,13,13:00:00,8,10,1,0.125,0.01,3,0,30
2026-06-20,4,VaxCare Củ Chi - Bình Mỹ,5,1,0,14,14:00:00,8,10,4,0.5,0.3676,16,0,30
2026-05-24,4,VaxCare Củ Chi - Bình Mỹ,6,1,0,8,08:00:00,8,10,2,0.25,0.1987,11,0,30
2026-07-12,4,VaxCare Củ Chi - Bình Mỹ,6,1,0,13,13:00:00,8,10,0,0.0,0.01,10,0,30
2026-06-09,4,VaxCare Củ Chi - Bình Mỹ,1,0,0,10,10:00:00,8,10,2,0.25,0.3057,4,0,30
2026-05-20,4,VaxCare Củ Chi - Bình Mỹ,2,0,0,9,09:00:00,8,10,8,1.0,0.8286,76,1,30
2026-05-10,4,VaxCare Củ Chi - Bình Mỹ,6,1,0,11,11:00:00,8,10,5,0.625,0.4833,12,0,30
2026-06-15,4,VaxCare Củ Chi - Bình Mỹ,0,0,0,8,08:00:00,7,10,3,0.429,0.5167,15,0,30
2026-06-04,4,VaxCare Củ Chi - Bình Mỹ,3,0,0,14,14:00:00,8,10,3,0.375,0.2984,15,0,30
2026-05-09,4,VaxCare Củ Chi - Bình Mỹ,5,1,0,13,13:00:00,7,10,3,0.429,0.327,21,0,30
2026-06-21,4,VaxCare Củ Chi - Bình Mỹ,6,1,0,9,09:00:00,8,10,3,0.375,0.3437,14,0,30
2026-05-24,4,VaxCare Củ Chi - Bình Mỹ,6,1,0,13,13:00:00,9,10,1,0.111,0.0447,3,0,30
2026-06-03,4,VaxCare Củ Chi - Bình Mỹ,2,0,0,16,16:00:00,7,10,2,0.286,0.1833,8,0,30
2026-05-30,4,VaxCare Củ Chi - Bình Mỹ,5,1,0,13,13:00:00,9,10,0,0.0,0.01,3,0,30
2026-05-12,4,VaxCare Củ Chi - Bình Mỹ,1,0,0,8,08:00:00,9,10,7,0.778,0.6039,57,1,30
2026-07-16,4,VaxCare Củ Chi - Bình Mỹ,3,0,0,9,09:00:00,8,10,6,0.75,0.6201,30,1,30
2026-05-15,4,VaxCare Củ Chi - Bình Mỹ,4,0,0,14,14:00:00,7,10,6,0.857,0.7516,49,1,30
2026-05-16,4,VaxCare Củ Chi - Bình Mỹ,5,1,0,14,14:00:00,8,10,4,0.5,0.405,18,0,30
2026-07-13,4,VaxCare Củ Chi - Bình Mỹ,0,0,0,15,15:00:00,8,10,4,0.5,0.3143,3,0,30
2026-06-06,4,VaxCare Củ Chi - Bình Mỹ,5,1,0,9,09:00:00,7,10,2,0.286,0.1671,3,0,30
2026-05-30,4,VaxCare Củ Chi - Bình Mỹ,5,1,0,15,15:00:00,7,10,0,0.0,0.0185,4,0,30
2026-05-01,4,VaxCare Củ Chi - Bình Mỹ,4,0,0,8,08:00:00,8,10,5,0.625,0.6011,18,0,30
2026-07-28,4,VaxCare Củ Chi - Bình Mỹ,1,0,0,16,16:00:00,7,10,1,0.143,0.1144,6,0,30
2026-06-11,4,VaxCare Củ Chi - Bình Mỹ,3,0,0,13,13:00:00,8,10,1,0.125,0.108,4,0,30
2026-07-04,4,VaxCare Củ Chi - Bình Mỹ,5,1,0,13,13:00:00,8,10,3,0.375,0.4225,16,0,30
2026-06-12,5,VaxCare Trung Mỹ Tây,4,0,0,13,13:00:00,11,12,1,0.091,0.1229,16,0,40
2026-06-06,5,VaxCare Trung Mỹ Tây,5,1,0,10,10:00:00,10,12,2,0.2,0.2114,4,0,40
2026-05-07,5,VaxCare Trung Mỹ Tây,3,0,0,15,15:00:00,11,12,10,0.909,0.637,59,1,40
2026-05-25,5,VaxCare Trung Mỹ Tây,0,0,0,15,15:00:00,11,12,4,0.364,0.3439,22,0,40
2026-06-26,5,VaxCare Trung Mỹ Tây,4,0,0,14,14:00:00,11,12,9,0.818,0.7062,47,1,40
2026-05-09,5,VaxCare Trung Mỹ Tây,5,1,0,9,09:00:00,11,12,7,0.636,0.5535,20,0,40
2026-05-08,5,VaxCare Trung Mỹ Tây,4,0,0,16,16:00:00,11,12,7,0.636,0.4419,20,0,40
2026-05-19,5,VaxCare Trung Mỹ Tây,1,0,0,9,09:00:00,13,12,13,1.0,0.8119,78,1,40
2026-06-06,5,VaxCare Trung Mỹ Tây,5,1,0,13,13:00:00,11,12,0,0.0,0.01,8,0,40
2026-06-18,5,VaxCare Trung Mỹ Tây,3,0,0,15,15:00:00,12,12,2,0.167,0.212,10,0,40
2026-07-28,5,VaxCare Trung Mỹ Tây,1,0,0,10,10:00:00,12,12,1,0.083,0.1584,3,0,40
2026-06-26,5,VaxCare Trung Mỹ Tây,4,0,0,8,08:00:00,11,12,4,0.364,0.4793,12,0,40
2026-05-05,5,VaxCare Trung Mỹ Tây,1,0,0,16,16:00:00,12,12,10,0.833,0.7486,42,1,40
2026-05-13,5,VaxCare Trung Mỹ Tây,2,0,0,14,14:00:00,12,12,12,1.0,0.7641,88,1,40
2026-06-23,5,VaxCare Trung Mỹ Tây,1,0,0,15,15:00:00,11,12,5,0.455,0.4217,18,0,40
2026-06-11,5,VaxCare Trung Mỹ Tây,3,0,0,8,08:00:00,10,12,2,0.2,0.2069,3,0,40
2026-05-11,5,VaxCare Trung Mỹ Tây,0,0,0,15,15:00:00,11,12,8,0.727,0.6411,30,0,40
2026-07-18,5,VaxCare Trung Mỹ Tây,5,1,0,11,11:00:00,13,12,3,0.231,0.283,7,0,40
2026-06-02,5,VaxCare Trung Mỹ Tây,1,0,0,11,11:00:00,12,12,5,0.417,0.2378,23,0,40
2026-05-27,5,VaxCare Trung Mỹ Tây,2,0,0,14,14:00:00,11,12,7,0.636,0.6704,3,0,40
2026-06-25,5,VaxCare Trung Mỹ Tây,3,0,0,15,15:00:00,12,12,6,0.5,0.4378,26,0,40
2026-06-15,5,VaxCare Trung Mỹ Tây,0,0,0,16,16:00:00,13,12,3,0.231,0.0998,3,0,40
2026-05-05,5,VaxCare Trung Mỹ Tây,1,0,0,9,09:00:00,11,12,7,0.636,0.3836,15,0,40
2026-07-25,5,VaxCare Trung Mỹ Tây,5,1,0,15,15:00:00,12,12,3,0.25,0.1369,11,0,40
2026-06-29,5,VaxCare Trung Mỹ Tây,0,0,0,15,15:00:00,12,12,8,0.667,0.5414,40,0,40
2026-06-10,5,VaxCare Trung Mỹ Tây,2,0,0,11,11:00:00,12,12,3,0.25,0.2142,3,0,40
2026-06-01,5,VaxCare Trung Mỹ Tây,0,0,0,15,15:00:00,10,12,2,0.2,0.1586,3,0,40
2026-05-27,5,VaxCare Trung Mỹ Tây,2,0,0,10,10:00:00,11,12,7,0.636,0.6114,13,0,40
2026-05-16,5,VaxCare Trung Mỹ Tây,5,1,0,8,08:00:00,11,12,6,0.545,0.5201,23,0,40
2026-05-17,5,VaxCare Trung Mỹ Tây,6,1,0,14,14:00:00,12,12,2,0.167,0.2544,9,0,40
2026-06-22,5,VaxCare Trung Mỹ Tây,0,0,0,9,09:00:00,11,12,8,0.727,0.7547,33,0,40
2026-06-15,5,VaxCare Trung Mỹ Tây,0,0,0,11,11:00:00,11,12,2,0.182,0.0755,13,0,40
2026-06-12,5,VaxCare Trung Mỹ Tây,4,0,0,8,08:00:00,12,12,4,0.333,0.3098,3,0,40
2026-06-16,5,VaxCare Trung Mỹ Tây,1,0,0,16,16:00:00,12,12,7,0.583,0.4862,17,0,40
2026-07-11,5,VaxCare Trung Mỹ Tây,5,1,0,11,11:00:00,12,12,3,0.25,0.1435,8,0,40
2026-07-19,5,VaxCare Trung Mỹ Tây,6,1,0,13,13:00:00,11,12,2,0.182,0.2319,13,0,40
2026-07-29,5,VaxCare Trung Mỹ Tây,2,0,0,13,13:00:00,13,12,5,0.385,0.3017,21,0,40
2026-07-11,5,VaxCare Trung Mỹ Tây,5,1,0,9,09:00:00,10,12,5,0.5,0.4047,13,0,40
2026-07-12,5,VaxCare Trung Mỹ Tây,6,1,0,16,16:00:00,12,12,4,0.333,0.2905,13,0,40
2026-07-01,5,VaxCare Trung Mỹ Tây,2,0,0,14,14:00:00,12,12,12,1.0,0.8415,85,1,40
2026-06-07,5,VaxCare Trung Mỹ Tây,6,1,0,13,13:00:00,12,12,3,0.25,0.12,8,0,40
2026-05-17,5,VaxCare Trung Mỹ Tây,6,1,0,16,16:00:00,11,12,4,0.364,0.4091,11,0,40
2026-05-07,5,VaxCare Trung Mỹ Tây,3,0,0,9,09:00:00,12,12,12,1.0,0.7706,88,1,40
2026-07-29,5,VaxCare Trung Mỹ Tây,2,0,0,8,08:00:00,12,12,5,0.417,0.2149,25,0,40
2026-06-22,5,VaxCare Trung Mỹ Tây,0,0,0,8,08:00:00,11,12,7,0.636,0.6305,26,0,40
2026-05-10,5,VaxCare Trung Mỹ Tây,6,1,0,8,08:00:00,12,12,5,0.417,0.3466,24,0,40
2026-06-12,5,VaxCare Trung Mỹ Tây,4,0,0,15,15:00:00,12,12,2,0.167,0.0654,10,0,40
2026-07-14,5,VaxCare Trung Mỹ Tây,1,0,0,14,14:00:00,11,12,8,0.727,0.5869,33,0,40
2026-07-21,5,VaxCare Trung Mỹ Tây,1,0,1,11,11:00:00,12,12,1,0.083,0.149,4,0,40
2026-05-10,5,VaxCare Trung Mỹ Tây,6,1,0,14,14:00:00,12,12,8,0.667,0.5662,42,0,40
2026-07-05,5,VaxCare Trung Mỹ Tây,6,1,0,10,10:00:00,11,12,8,0.727,0.6272,46,0,40
2026-07-24,5,VaxCare Trung Mỹ Tây,4,0,0,8,08:00:00,12,12,2,0.167,0.0472,16,0,40
2026-06-24,5,VaxCare Trung Mỹ Tây,2,0,0,14,14:00:00,10,12,8,0.8,0.731,31,1,40
2026-07-13,5,VaxCare Trung Mỹ Tây,0,0,0,16,16:00:00,11,12,5,0.455,0.5096,19,0,40
2026-05-17,5,VaxCare Trung Mỹ Tây,6,1,0,11,11:00:00,11,12,6,0.545,0.473,24,0,40
2026-06-14,5,VaxCare Trung Mỹ Tây,6,1,0,8,08:00:00,12,12,0,0.0,0.01,5,0,40
2026-05-27,5,VaxCare Trung Mỹ Tây,2,0,0,11,11:00:00,11,12,6,0.545,0.4575,25,0,40
2026-05-27,5,VaxCare Trung Mỹ Tây,2,0,0,16,16:00:00,12,12,7,0.583,0.5305,26,0,40
2026-05-11,5,VaxCare Trung Mỹ Tây,0,0,0,13,13:00:00,11,12,10,0.909,0.7853,73,1,40
2026-06-11,5,VaxCare Trung Mỹ Tây,3,0,0,9,09:00:00,12,12,4,0.333,0.3548,5,0,40
2026-07-06,5,VaxCare Trung Mỹ Tây,0,0,0,13,13:00:00,11,12,8,0.727,0.4826,33,0,40
2026-05-02,5,VaxCare Trung Mỹ Tây,5,1,0,10,10:00:00,12,12,5,0.417,0.5415,19,0,40
2026-05-10,5,VaxCare Trung Mỹ Tây,6,1,0,15,15:00:00,11,12,3,0.273,0.3515,12,0,40
2026-06-19,5,VaxCare Trung Mỹ Tây,4,0,0,9,09:00:00,12,12,10,0.833,0.5761,46,1,40
2026-06-01,5,VaxCare Trung Mỹ Tây,0,0,0,10,10:00:00,11,12,6,0.545,0.4978,20,0,40
2026-05-13,5,VaxCare Trung Mỹ Tây,2,0,0,9,09:00:00,13,12,12,0.923,0.8196,44,1,40
2026-07-21,5,VaxCare Trung Mỹ Tây,1,0,1,15,15:00:00,12,12,0,0.0,0.0724,6,0,40
2026-05-20,5,VaxCare Trung Mỹ Tây,2,0,0,11,11:00:00,11,12,6,0.545,0.504,23,0,40
2026-07-05,5,VaxCare Trung Mỹ Tây,6,1,0,16,16:00:00,11,12,6,0.545,0.612,21,0,40
2026-07-14,5,VaxCare Trung Mỹ Tây,1,0,0,13,13:00:00,10,12,7,0.7,0.7187,30,0,40
2026-07-23,5,VaxCare Trung Mỹ Tây,3,0,0,13,13:00:00,12,12,7,0.583,0.5774,29,0,40
2026-06-21,5,VaxCare Trung Mỹ Tây,6,1,0,8,08:00:00,12,12,2,0.167,0.0811,13,0,40
2026-05-11,5,VaxCare Trung Mỹ Tây,0,0,0,9,09:00:00,11,12,11,1.0,0.9087,67,1,40
2026-06-17,5,VaxCare Trung Mỹ Tây,2,0,0,15,15:00:00,11,12,5,0.455,0.3164,23,0,40
2026-05-19,5,VaxCare Trung Mỹ Tây,1,0,0,13,13:00:00,12,12,8,0.667,0.4696,41,0,40
2026-07-07,5,VaxCare Trung Mỹ Tây,1,0,0,8,08:00:00,12,12,6,0.5,0.4707,13,0,40
2026-07-12,5,VaxCare Trung Mỹ Tây,6,1,0,14,14:00:00,11,12,8,0.727,0.6328,21,0,40
2026-06-13,5,VaxCare Trung Mỹ Tây,5,1,0,8,08:00:00,13,12,2,0.154,0.0691,3,0,40
2026-07-29,5,VaxCare Trung Mỹ Tây,2,0,0,10,10:00:00,12,12,6,0.5,0.3839,11,0,40
2026-06-01,5,VaxCare Trung Mỹ Tây,0,0,0,8,08:00:00,12,12,6,0.5,0.5268,7,0,40
2026-07-06,5,VaxCare Trung Mỹ Tây,0,0,0,14,14:00:00,11,12,9,0.818,0.6291,40,1,40
2026-06-08,5,VaxCare Trung Mỹ Tây,0,0,0,10,10:00:00,12,12,6,0.5,0.3463,22,0,40
2026-05-25,5,VaxCare Trung Mỹ Tây,0,0,0,8,08:00:00,12,12,7,0.583,0.4188,19,0,40
2026-06-07,5,VaxCare Trung Mỹ Tây,6,1,0,11,11:00:00,11,12,5,0.455,0.4613,13,0,40
2026-05-04,5,VaxCare Trung Mỹ Tây,0,0,0,16,16:00:00,11,12,6,0.545,0.4749,21,0,40
2026-07-02,5,VaxCare Trung Mỹ Tây,3,0,0,16,16:00:00,11,12,7,0.636,0.5438,18,0,40
2026-07-08,5,VaxCare Trung Mỹ Tây,2,0,0,14,14:00:00,10,12,8,0.8,0.6991,43,1,40
2026-05-29,5,VaxCare Trung Mỹ Tây,4,0,0,16,16:00:00,12,12,3,0.25,0.2426,7,0,40
2026-06-27,5,VaxCare Trung Mỹ Tây,5,1,0,9,09:00:00,10,12,3,0.3,0.3406,8,0,40
2026-07-22,5,VaxCare Trung Mỹ Tây,2,0,0,13,13:00:00,11,12,5,0.455,0.4055,13,0,40
2026-05-30,5,VaxCare Trung Mỹ Tây,5,1,0,10,10:00:00,12,12,2,0.167,0.2379,12,0,40
2026-05-07,5,VaxCare Trung Mỹ Tây,3,0,0,16,16:00:00,11,12,6,0.545,0.4652,13,0,40
2026-05-27,5,VaxCare Trung Mỹ Tây,2,0,0,9,09:00:00,11,12,7,0.636,0.6783,19,0,40
2026-06-12,5,VaxCare Trung Mỹ Tây,4,0,0,10,10:00:00,12,12,5,0.417,0.3306,19,0,40
2026-05-22,5,VaxCare Trung Mỹ Tây,4,0,0,15,15:00:00,11,12,8,0.727,0.3787,44,0,40
2026-06-13,5,VaxCare Trung Mỹ Tây,5,1,0,15,15:00:00,12,12,3,0.25,0.316,8,0,40
2026-05-10,5,VaxCare Trung Mỹ Tây,6,1,0,13,13:00:00,11,12,0,0.0,0.01,3,0,40
2026-05-01,5,VaxCare Trung Mỹ Tây,4,0,0,10,10:00:00,12,12,8,0.667,0.5207,24,0,40
2026-07-08,5,VaxCare Trung Mỹ Tây,2,0,0,13,13:00:00,12,12,8,0.667,0.6646,29,0,40
2026-05-14,5,VaxCare Trung Mỹ Tây,3,0,0,14,14:00:00,12,12,10,0.833,0.7708,46,1,40
2026-06-06,5,VaxCare Trung Mỹ Tây,5,1,0,11,11:00:00,11,12,1,0.091,0.186,3,0,40
2026-07-29,5,VaxCare Trung Mỹ Tây,2,0,0,11,11:00:00,12,12,4,0.333,0.2095,10,0,40
2026-06-08,5,VaxCare Trung Mỹ Tây,0,0,0,16,16:00:00,12,12,3,0.25,0.2183,13,0,40
2026-06-13,5,VaxCare Trung Mỹ Tây,5,1,0,16,16:00:00,11,12,0,0.0,0.0174,8,0,40
2026-05-27,5,VaxCare Trung Mỹ Tây,2,0,0,8,08:00:00,12,12,5,0.417,0.3879,18,0,40
2026-06-14,5,VaxCare Trung Mỹ Tây,6,1,0,14,14:00:00,11,12,5,0.455,0.4271,28,0,40
2026-05-23,5,VaxCare Trung Mỹ Tây,5,1,0,14,14:00:00,10,12,3,0.3,0.0125,5,0,40
2026-05-30,5,VaxCare Trung Mỹ Tây,5,1,0,11,11:00:00,11,12,0,0.0,0.1837,11,0,40
2026-05-29,5,VaxCare Trung Mỹ Tây,4,0,0,11,11:00:00,12,12,4,0.333,0.3567,3,0,40
2026-07-22,5,VaxCare Trung Mỹ Tây,2,0,0,9,09:00:00,11,12,4,0.364,0.2696,22,0,40
2026-05-15,5,VaxCare Trung Mỹ Tây,4,0,0,15,15:00:00,12,12,9,0.75,0.6283,48,1,40
2026-06-26,5,VaxCare Trung Mỹ Tây,4,0,0,10,10:00:00,11,12,11,1.0,0.8527,81,1,40
2026-07-17,5,VaxCare Trung Mỹ Tây,4,0,0,16,16:00:00,11,12,8,0.727,0.6252,35,0,40
2026-05-12,5,VaxCare Trung Mỹ Tây,1,0,0,10,10:00:00,11,12,10,0.909,0.8259,84,1,40
2026-07-04,5,VaxCare Trung Mỹ Tây,5,1,0,10,10:00:00,11,12,5,0.455,0.493,21,0,40
2026-06-10,5,VaxCare Trung Mỹ Tây,2,0,0,16,16:00:00,12,12,3,0.25,0.1753,3,0,40
2026-06-17,5,VaxCare Trung Mỹ Tây,2,0,0,9,09:00:00,13,12,6,0.462,0.4074,15,0,40
2026-05-08,5,VaxCare Trung Mỹ Tây,4,0,0,13,13:00:00,10,12,6,0.6,0.5646,15,0,40
2026-07-12,5,VaxCare Trung Mỹ Tây,6,1,0,11,11:00:00,11,12,2,0.182,0.1018,3,0,40
2026-05-04,5,VaxCare Trung Mỹ Tây,0,0,0,15,15:00:00,12,12,8,0.667,0.5308,36,0,40
2026-05-09,5,VaxCare Trung Mỹ Tây,5,1,0,14,14:00:00,12,12,3,0.25,0.01,13,0,40
2026-06-19,5,VaxCare Trung Mỹ Tây,4,0,0,15,15:00:00,12,12,7,0.583,0.586,12,0,40
2026-07-17,5,VaxCare Trung Mỹ Tây,4,0,0,15,15:00:00,11,12,5,0.455,0.3188,15,0,40
2026-05-06,5,VaxCare Trung Mỹ Tây,2,0,0,13,13:00:00,12,12,7,0.583,0.4242,7,0,40
2026-06-06,5,VaxCare Trung Mỹ Tây,5,1,0,15,15:00:00,12,12,5,0.417,0.3145,13,0,40
2026-05-09,5,VaxCare Trung Mỹ Tây,5,1,0,15,15:00:00,11,12,3,0.273,0.1506,9,0,40
2026-06-18,5,VaxCare Trung Mỹ Tây,3,0,0,13,13:00:00,11,12,3,0.273,0.3221,3,0,40
2026-07-21,5,VaxCare Trung Mỹ Tây,1,0,1,13,13:00:00,12,12,1,0.083,0.1352,3,0,40
2026-07-13,5,VaxCare Trung Mỹ Tây,0,0,0,13,13:00:00,12,12,3,0.25,0.1426,13,0,40
2026-06-27,5,VaxCare Trung Mỹ Tây,5,1,0,15,15:00:00,12,12,4,0.333,0.2906,14,0,40
2026-07-24,5,VaxCare Trung Mỹ Tây,4,0,0,9,09:00:00,12,12,6,0.5,0.3898,16,0,40
2026-06-22,5,VaxCare Trung Mỹ Tây,0,0,0,13,13:00:00,12,12,6,0.5,0.5417,20,0,40
2026-05-28,5,VaxCare Trung Mỹ Tây,3,0,0,13,13:00:00,12,12,8,0.667,0.6893,42,0,40
2026-07-09,5,VaxCare Trung Mỹ Tây,3,0,0,8,08:00:00,13,12,6,0.462,0.3881,10,0,40
2026-06-11,5,VaxCare Trung Mỹ Tây,3,0,0,16,16:00:00,12,12,4,0.333,0.2154,8,0,40
2026-07-28,5,VaxCare Trung Mỹ Tây,1,0,0,15,15:00:00,12,12,6,0.5,0.4335,20,0,40
2026-05-18,5,VaxCare Trung Mỹ Tây,0,0,0,8,08:00:00,11,12,5,0.455,0.3141,18,0,40
2026-05-01,5,VaxCare Trung Mỹ Tây,4,0,0,15,15:00:00,12,12,8,0.667,0.5272,38,0,40
2026-05-28,5,VaxCare Trung Mỹ Tây,3,0,0,16,16:00:00,12,12,5,0.417,0.194,16,0,40
2026-05-21,5,VaxCare Trung Mỹ Tây,3,0,0,13,13:00:00,12,12,4,0.333,0.2128,3,0,40
2026-05-21,5,VaxCare Trung Mỹ Tây,3,0,0,14,14:00:00,10,12,6,0.6,0.4956,20,0,40
2026-05-25,5,VaxCare Trung Mỹ Tây,0,0,0,16,16:00:00,12,12,6,0.5,0.385,21,0,40
2026-05-17,5,VaxCare Trung Mỹ Tây,6,1,0,13,13:00:00,13,12,9,0.692,0.5748,32,0,40
2026-07-02,5,VaxCare Trung Mỹ Tây,3,0,0,14,14:00:00,10,12,10,1.0,0.8784,52,1,40
2026-06-19,5,VaxCare Trung Mỹ Tây,4,0,0,11,11:00:00,12,12,5,0.417,0.3461,20,0,40
2026-05-06,5,VaxCare Trung Mỹ Tây,2,0,0,9,09:00:00,12,12,10,0.833,0.7846,42,1,40
2026-05-14,5,VaxCare Trung Mỹ Tây,3,0,0,13,13:00:00,11,12,7,0.636,0.386,19,0,40
2026-07-20,5,VaxCare Trung Mỹ Tây,0,0,0,13,13:00:00,13,12,2,0.154,0.1321,13,0,40
2026-05-08,5,VaxCare Trung Mỹ Tây,4,0,0,8,08:00:00,13,12,9,0.692,0.5535,39,0,40
2026-05-20,5,VaxCare Trung Mỹ Tây,2,0,0,15,15:00:00,12,12,7,0.583,0.4778,23,0,40
2026-06-28,5,VaxCare Trung Mỹ Tây,6,1,0,8,08:00:00,12,12,7,0.583,0.4898,13,0,40
2026-06-10,5,VaxCare Trung Mỹ Tây,2,0,0,13,13:00:00,12,12,2,0.167,0.0639,8,0,40
2026-07-06,5,VaxCare Trung Mỹ Tây,0,0,0,11,11:00:00,13,12,6,0.462,0.3028,27,0,40
2026-05-04,5,VaxCare Trung Mỹ Tây,0,0,0,8,08:00:00,10,12,4,0.4,0.3015,21,0,40
2026-07-07,5,VaxCare Trung Mỹ Tây,1,0,0,14,14:00:00,11,12,8,0.727,0.8077,48,0,40
2026-06-02,5,VaxCare Trung Mỹ Tây,1,0,0,13,13:00:00,10,12,4,0.4,0.4432,22,0,40
2026-07-08,5,VaxCare Trung Mỹ Tây,2,0,0,15,15:00:00,13,12,10,0.769,0.5164,51,1,40
2026-06-07,5,VaxCare Trung Mỹ Tây,6,1,0,15,15:00:00,12,12,2,0.167,0.0854,3,0,40
2026-06-23,5,VaxCare Trung Mỹ Tây,1,0,0,16,16:00:00,12,12,4,0.333,0.3991,3,0,40
2026-05-14,5,VaxCare Trung Mỹ Tây,3,0,0,15,15:00:00,12,12,10,0.833,0.669,31,1,40
2026-05-11,5,VaxCare Trung Mỹ Tây,0,0,0,10,10:00:00,11,12,10,0.909,0.7638,54,1,40
2026-05-07,5,VaxCare Trung Mỹ Tây,3,0,0,11,11:00:00,12,12,7,0.583,0.4163,20,0,40
2026-07-24,5,VaxCare Trung Mỹ Tây,4,0,0,16,16:00:00,13,12,3,0.231,0.2006,6,0,40
2026-07-12,5,VaxCare Trung Mỹ Tây,6,1,0,8,08:00:00,11,12,4,0.364,0.1485,21,0,40
2026-07-13,5,VaxCare Trung Mỹ Tây,0,0,0,14,14:00:00,11,12,7,0.636,0.6678,18,0,40
2026-06-05,5,VaxCare Trung Mỹ Tây,4,0,0,9,09:00:00,12,12,6,0.5,0.3085,28,0,40
2026-06-02,5,VaxCare Trung Mỹ Tây,1,0,0,9,09:00:00,12,12,7,0.583,0.383,20,0,40
2026-07-19,5,VaxCare Trung Mỹ Tây,6,1,0,16,16:00:00,12,12,3,0.25,0.2444,3,0,40
2026-06-09,5,VaxCare Trung Mỹ Tây,1,0,0,15,15:00:00,11,12,0,0.0,0.0428,5,0,40
2026-05-03,5,VaxCare Trung Mỹ Tây,6,1,0,10,10:00:00,13,12,7,0.538,0.4521,24,0,40
2026-05-31,5,VaxCare Trung Mỹ Tây,6,1,0,13,13:00:00,12,12,4,0.333,0.4836,6,0,40
2026-06-19,5,VaxCare Trung Mỹ Tây,4,0,0,10,10:00:00,12,12,9,0.75,0.6289,26,1,40
2026-07-15,5,VaxCare Trung Mỹ Tây,2,0,0,11,11:00:00,11,12,5,0.455,0.523,23,0,40
2026-07-02,5,VaxCare Trung Mỹ Tây,3,0,0,11,11:00:00,11,12,5,0.455,0.3541,18,0,40
2026-05-08,5,VaxCare Trung Mỹ Tây,4,0,0,14,14:00:00,11,12,11,1.0,0.952,43,1,40
2026-05-23,5,VaxCare Trung Mỹ Tây,5,1,0,15,15:00:00,13,12,5,0.385,0.3041,4,0,40
2026-07-03,5,VaxCare Trung Mỹ Tây,4,0,0,10,10:00:00,11,12,8,0.727,0.6061,50,0,40
2026-05-04,5,VaxCare Trung Mỹ Tây,0,0,0,14,14:00:00,12,12,12,1.0,0.8479,43,1,40
2026-05-26,5,VaxCare Trung Mỹ Tây,1,0,0,13,13:00:00,11,12,4,0.364,0.213,32,0,40
2026-07-27,5,VaxCare Trung Mỹ Tây,0,0,0,14,14:00:00,11,12,4,0.364,0.2337,6,0,40
2026-06-03,5,VaxCare Trung Mỹ Tây,2,0,0,9,09:00:00,13,12,5,0.385,0.2998,22,0,40
2026-06-14,5,VaxCare Trung Mỹ Tây,6,1,0,13,13:00:00,11,12,3,0.273,0.235,14,0,40
2026-06-28,5,VaxCare Trung Mỹ Tây,6,1,0,14,14:00:00,12,12,6,0.5,0.5587,15,0,40
2026-07-23,5,VaxCare Trung Mỹ Tây,3,0,0,11,11:00:00,12,12,2,0.167,0.1084,5,0,40
2026-06-26,5,VaxCare Trung Mỹ Tây,4,0,0,9,09:00:00,11,12,8,0.727,0.5238,44,0,40
2026-06-24,5,VaxCare Trung Mỹ Tây,2,0,0,8,08:00:00,11,12,5,0.455,0.247,9,0,40
2026-07-17,5,VaxCare Trung Mỹ Tây,4,0,0,11,11:00:00,13,12,7,0.538,0.6605,24,0,40
2026-06-02,5,VaxCare Trung Mỹ Tây,1,0,0,8,08:00:00,11,12,0,0.0,0.01,3,0,40
2026-06-14,5,VaxCare Trung Mỹ Tây,6,1,0,9,09:00:00,13,12,3,0.231,0.2909,6,0,40
2026-06-24,5,VaxCare Trung Mỹ Tây,2,0,0,16,16:00:00,11,12,4,0.364,0.3124,12,0,40
2026-05-23,5,VaxCare Trung Mỹ Tây,5,1,0,8,08:00:00,10,12,3,0.3,0.3039,5,0,40
2026-05-30,5,VaxCare Trung Mỹ Tây,5,1,0,16,16:00:00,11,12,2,0.182,0.1942,8,0,40
2026-06-23,5,VaxCare Trung Mỹ Tây,1,0,0,10,10:00:00,10,12,8,0.8,0.6483,49,1,40
2026-05-18,5,VaxCare Trung Mỹ Tây,0,0,0,9,09:00:00,13,12,13,1.0,0.7615,80,1,40
2026-05-25,5,VaxCare Trung Mỹ Tây,0,0,0,13,13:00:00,11,12,3,0.273,0.1389,11,0,40
2026-07-24,5,VaxCare Trung Mỹ Tây,4,0,0,10,10:00:00,10,12,4,0.4,0.216,18,0,40
2026-05-21,5,VaxCare Trung Mỹ Tây,3,0,0,11,11:00:00,12,12,7,0.583,0.3753,23,0,40
2026-06-14,5,VaxCare Trung Mỹ Tây,6,1,0,11,11:00:00,10,12,2,0.2,0.1851,5,0,40
2026-07-18,5,VaxCare Trung Mỹ Tây,5,1,0,16,16:00:00,12,12,0,0.0,0.0598,10,0,40
2026-06-28,5,VaxCare Trung Mỹ Tây,6,1,0,15,15:00:00,11,12,4,0.364,0.3785,26,0,40
2026-07-12,5,VaxCare Trung Mỹ Tây,6,1,0,10,10:00:00,11,12,6,0.545,0.4864,18,0,40
2026-06-28,5,VaxCare Trung Mỹ Tây,6,1,0,13,13:00:00,11,12,4,0.364,0.2261,11,0,40
2026-06-09,5,VaxCare Trung Mỹ Tây,1,0,0,16,16:00:00,12,12,4,0.333,0.2756,11,0,40
2026-07-06,5,VaxCare Trung Mỹ Tây,0,0,0,15,15:00:00,12,12,10,0.833,0.8009,42,1,40
2026-05-14,5,VaxCare Trung Mỹ Tây,3,0,0,8,08:00:00,11,12,9,0.818,0.553,38,1,40
2026-05-15,5,VaxCare Trung Mỹ Tây,4,0,0,10,10:00:00,11,12,11,1.0,0.8481,60,1,40
2026-07-24,5,VaxCare Trung Mỹ Tây,4,0,0,11,11:00:00,12,12,5,0.417,0.2495,14,0,40
2026-05-27,5,VaxCare Trung Mỹ Tây,2,0,0,13,13:00:00,12,12,4,0.333,0.1362,3,0,40
2026-07-20,5,VaxCare Trung Mỹ Tây,0,0,0,14,14:00:00,12,12,5,0.417,0.309,16,0,40
2026-06-17,5,VaxCare Trung Mỹ Tây,2,0,0,14,14:00:00,11,12,7,0.636,0.4306,28,0,40
2026-05-12,5,VaxCare Trung Mỹ Tây,1,0,0,13,13:00:00,12,12,8,0.667,0.5139,43,0,40
2026-05-01,5,VaxCare Trung Mỹ Tây,4,0,0,16,16:00:00,12,12,7,0.583,0.5304,20,0,40
2026-05-12,5,VaxCare Trung Mỹ Tây,1,0,0,9,09:00:00,11,12,11,1.0,0.7127,83,1,40
2026-07-08,5,VaxCare Trung Mỹ Tây,2,0,0,9,09:00:00,12,12,10,0.833,0.5318,38,1,40
2026-07-26,5,VaxCare Trung Mỹ Tây,6,1,0,8,08:00:00,13,12,3,0.231,0.1501,13,0,40
2026-07-07,5,VaxCare Trung Mỹ Tây,1,0,0,10,10:00:00,12,12,12,1.0,0.8091,63,1,40
2026-07-08,5,VaxCare Trung Mỹ Tây,2,0,0,16,16:00:00,12,12,7,0.583,0.5453,29,0,40
2026-07-14,5,VaxCare Trung Mỹ Tây,1,0,0,15,15:00:00,12,12,8,0.667,0.5995,49,0,40
2026-07-27,5,VaxCare Trung Mỹ Tây,0,0,0,9,09:00:00,11,12,6,0.545,0.5936,17,0,40
2026-05-18,5,VaxCare Trung Mỹ Tây,0,0,0,13,13:00:00,13,12,7,0.538,0.4663,18,0,40
2026-05-04,5,VaxCare Trung Mỹ Tây,0,0,0,13,13:00:00,12,12,6,0.5,0.3751,16,0,40
2026-05-06,5,VaxCare Trung Mỹ Tây,2,0,0,11,11:00:00,11,12,9,0.818,0.6979,43,1,40
2026-05-06,5,VaxCare Trung Mỹ Tây,2,0,0,10,10:00:00,13,12,13,1.0,0.8964,64,1,40
2026-05-10,5,VaxCare Trung Mỹ Tây,6,1,0,9,09:00:00,12,12,7,0.583,0.4666,21,0,40
2026-05-21,5,VaxCare Trung Mỹ Tây,3,0,0,16,16:00:00,11,12,7,0.636,0.6689,13,0,40
2026-07-09,5,VaxCare Trung Mỹ Tây,3,0,0,14,14:00:00,12,12,12,1.0,0.8373,43,1,40
2026-07-18,5,VaxCare Trung Mỹ Tây,5,1,0,14,14:00:00,13,12,4,0.308,0.2426,12,0,40
2026-05-09,5,VaxCare Trung Mỹ Tây,5,1,0,10,10:00:00,11,12,5,0.455,0.4138,24,0,40
2026-05-02,5,VaxCare Trung Mỹ Tây,5,1,0,11,11:00:00,13,12,1,0.077,0.01,7,0,40
2026-06-10,5,VaxCare Trung Mỹ Tây,2,0,0,15,15:00:00,11,12,6,0.545,0.4493,21,0,40
2026-07-13,5,VaxCare Trung Mỹ Tây,0,0,0,10,10:00:00,11,12,6,0.545,0.4792,12,0,40
2026-05-23,5,VaxCare Trung Mỹ Tây,5,1,0,10,10:00:00,13,12,7,0.538,0.471,6,0,40
2026-06-05,5,VaxCare Trung Mỹ Tây,4,0,0,15,15:00:00,11,12,5,0.455,0.2595,15,0,40
2026-07-08,5,VaxCare Trung Mỹ Tây,2,0,0,11,11:00:00,13,12,8,0.615,0.4092,15,0,40
2026-06-24,5,VaxCare Trung Mỹ Tây,2,0,0,10,10:00:00,12,12,8,0.667,0.5459,43,0,40
2026-07-25,5,VaxCare Trung Mỹ Tây,5,1,0,13,13:00:00,12,12,3,0.25,0.2656,3,0,40
2026-06-26,5,VaxCare Trung Mỹ Tây,4,0,0,11,11:00:00,13,12,9,0.692,0.6396,35,0,40
2026-05-23,5,VaxCare Trung Mỹ Tây,5,1,0,9,09:00:00,10,12,5,0.5,0.2878,26,0,40
2026-07-04,5,VaxCare Trung Mỹ Tây,5,1,0,9,09:00:00,12,12,7,0.583,0.5663,24,0,40
2026-07-21,5,VaxCare Trung Mỹ Tây,1,0,1,9,09:00:00,10,12,3,0.3,0.2402,10,0,40
2026-05-11,5,VaxCare Trung Mỹ Tây,0,0,0,11,11:00:00,11,12,8,0.727,0.773,47,0,40
2026-05-28,5,VaxCare Trung Mỹ Tây,3,0,0,10,10:00:00,11,12,6,0.545,0.4983,13,0,40
2026-06-30,5,VaxCare Trung Mỹ Tây,1,0,0,14,14:00:00,11,12,11,1.0,0.8892,49,1,40
2026-07-03,5,VaxCare Trung Mỹ Tây,4,0,0,11,11:00:00,12,12,6,0.5,0.4748,23,0,40
2026-06-28,5,VaxCare Trung Mỹ Tây,6,1,0,11,11:00:00,12,12,3,0.25,0.2889,11,0,40
2026-07-17,5,VaxCare Trung Mỹ Tây,4,0,0,14,14:00:00,10,12,5,0.5,0.6175,28,0,40
2026-07-19,5,VaxCare Trung Mỹ Tây,6,1,0,9,09:00:00,10,12,5,0.5,0.5679,20,0,40
2026-06-22,5,VaxCare Trung Mỹ Tây,0,0,0,15,15:00:00,11,12,5,0.455,0.3721,19,0,40
2026-05-10,5,VaxCare Trung Mỹ Tây,6,1,0,16,16:00:00,12,12,4,0.333,0.3722,12,0,40
2026-05-03,5,VaxCare Trung Mỹ Tây,6,1,0,16,16:00:00,11,12,4,0.364,0.256,24,0,40
2026-05-02,5,VaxCare Trung Mỹ Tây,5,1,0,16,16:00:00,12,12,8,0.667,0.4708,33,0,40
2026-06-21,5,VaxCare Trung Mỹ Tây,6,1,0,11,11:00:00,12,12,6,0.5,0.3975,16,0,40
2026-06-25,5,VaxCare Trung Mỹ Tây,3,0,0,14,14:00:00,13,12,9,0.692,0.5481,39,0,40
2026-06-04,5,VaxCare Trung Mỹ Tây,3,0,0,11,11:00:00,12,12,3,0.25,0.2933,5,0,40
2026-05-31,5,VaxCare Trung Mỹ Tây,6,1,0,16,16:00:00,11,12,2,0.182,0.1143,5,0,40
2026-06-07,5,VaxCare Trung Mỹ Tây,6,1,0,8,08:00:00,12,12,4,0.333,0.1902,3,0,40
2026-07-06,5,VaxCare Trung Mỹ Tây,0,0,0,9,09:00:00,12,12,12,1.0,0.8235,41,1,40
2026-06-30,5,VaxCare Trung Mỹ Tây,1,0,0,16,16:00:00,10,12,6,0.6,0.4511,18,0,40
2026-06-03,5,VaxCare Trung Mỹ Tây,2,0,0,8,08:00:00,10,12,1,0.1,0.1314,6,0,40
2026-06-17,5,VaxCare Trung Mỹ Tây,2,0,0,13,13:00:00,13,12,4,0.308,0.3019,12,0,40
2026-06-11,5,VaxCare Trung Mỹ Tây,3,0,0,11,11:00:00,12,12,7,0.583,0.5897,34,0,40
2026-06-11,5,VaxCare Trung Mỹ Tây,3,0,0,15,15:00:00,12,12,3,0.25,0.1211,3,0,40
2026-06-23,5,VaxCare Trung Mỹ Tây,1,0,0,9,09:00:00,11,12,6,0.545,0.4979,26,0,40
2026-05-02,5,VaxCare Trung Mỹ Tây,5,1,0,9,09:00:00,10,12,3,0.3,0.1397,9,0,40
2026-06-01,5,VaxCare Trung Mỹ Tây,0,0,0,9,09:00:00,12,12,6,0.5,0.3015,21,0,40
2026-05-03,5,VaxCare Trung Mỹ Tây,6,1,0,15,15:00:00,12,12,3,0.25,0.2093,5,0,40
2026-05-28,5,VaxCare Trung Mỹ Tây,3,0,0,14,14:00:00,11,12,7,0.636,0.417,20,0,40
2026-07-18,5,VaxCare Trung Mỹ Tây,5,1,0,13,13:00:00,11,12,7,0.636,0.3852,19,0,40
2026-07-28,5,VaxCare Trung Mỹ Tây,1,0,0,8,08:00:00,12,12,2,0.167,0.0957,16,0,40
2026-06-15,5,VaxCare Trung Mỹ Tây,0,0,0,10,10:00:00,11,12,5,0.455,0.362,19,0,40
2026-07-15,5,VaxCare Trung Mỹ Tây,2,0,0,9,09:00:00,11,12,5,0.455,0.3552,25,0,40
2026-05-26,5,VaxCare Trung Mỹ Tây,1,0,0,11,11:00:00,13,12,7,0.538,0.3833,30,0,40
2026-06-23,5,VaxCare Trung Mỹ Tây,1,0,0,14,14:00:00,11,12,7,0.636,0.4138,14,0,40
2026-05-12,5,VaxCare Trung Mỹ Tây,1,0,0,14,14:00:00,12,12,8,0.667,0.702,47,0,40
2026-07-09,5,VaxCare Trung Mỹ Tây,3,0,0,16,16:00:00,11,12,7,0.636,0.5532,25,0,40
2026-06-05,5,VaxCare Trung Mỹ Tây,4,0,0,13,13:00:00,12,12,5,0.417,0.3546,23,0,40
2026-06-20,5,VaxCare Trung Mỹ Tây,5,1,0,14,14:00:00,11,12,7,0.636,0.6301,22,0,40
2026-05-24,5,VaxCare Trung Mỹ Tây,6,1,0,8,08:00:00,11,12,4,0.364,0.2784,28,0,40
2026-07-12,5,VaxCare Trung Mỹ Tây,6,1,0,13,13:00:00,13,12,3,0.231,0.1891,4,0,40
2026-06-09,5,VaxCare Trung Mỹ Tây,1,0,0,10,10:00:00,12,12,3,0.25,0.3107,6,0,40
2026-05-20,5,VaxCare Trung Mỹ Tây,2,0,0,9,09:00:00,10,12,8,0.8,0.6061,31,1,40
2026-05-10,5,VaxCare Trung Mỹ Tây,6,1,0,11,11:00:00,12,12,4,0.333,0.264,11,0,40
2026-06-15,5,VaxCare Trung Mỹ Tây,0,0,0,8,08:00:00,12,12,1,0.083,0.0964,14,0,40
2026-06-04,5,VaxCare Trung Mỹ Tây,3,0,0,14,14:00:00,12,12,3,0.25,0.1482,8,0,40
2026-05-09,5,VaxCare Trung Mỹ Tây,5,1,0,13,13:00:00,12,12,4,0.333,0.2692,10,0,40
2026-06-21,5,VaxCare Trung Mỹ Tây,6,1,0,9,09:00:00,11,12,5,0.455,0.3111,27,0,40
2026-05-24,5,VaxCare Trung Mỹ Tây,6,1,0,13,13:00:00,13,12,6,0.462,0.4183,18,0,40
2026-06-03,5,VaxCare Trung Mỹ Tây,2,0,0,16,16:00:00,11,12,5,0.455,0.5114,21,0,40
2026-05-30,5,VaxCare Trung Mỹ Tây,5,1,0,13,13:00:00,10,12,0,0.0,0.0658,8,0,40
2026-05-12,5,VaxCare Trung Mỹ Tây,1,0,0,8,08:00:00,11,12,4,0.364,0.3272,22,0,40
2026-07-16,5,VaxCare Trung Mỹ Tây,3,0,0,9,09:00:00,13,12,7,0.538,0.3802,6,0,40
2026-05-15,5,VaxCare Trung Mỹ Tây,4,0,0,14,14:00:00,12,12,8,0.667,0.758,43,0,40
2026-05-16,5,VaxCare Trung Mỹ Tây,5,1,0,14,14:00:00,11,12,6,0.545,0.4888,25,0,40
2026-07-13,5,VaxCare Trung Mỹ Tây,0,0,0,15,15:00:00,11,12,6,0.545,0.3903,16,0,40
2026-06-06,5,VaxCare Trung Mỹ Tây,5,1,0,9,09:00:00,11,12,3,0.273,0.1379,5,0,40
2026-05-30,5,VaxCare Trung Mỹ Tây,5,1,0,15,15:00:00,11,12,3,0.273,0.2454,7,0,40
2026-05-01,5,VaxCare Trung Mỹ Tây,4,0,0,8,08:00:00,13,12,5,0.385,0.1734,20,0,40
2026-07-28,5,VaxCare Trung Mỹ Tây,1,0,0,16,16:00:00,12,12,5,0.417,0.373,24,0,40
2026-06-11,5,VaxCare Trung Mỹ Tây,3,0,0,13,13:00:00,12,12,4,0.333,0.255,4,0,40
2026-07-04,5,VaxCare Trung Mỹ Tây,5,1,0,13,13:00:00,12,12,8,0.667,0.4727,30,0,40
2026-06-12,6,VaxCare Co.opmart Quang Trung,4,0,0,13,13:00:00,14,15,7,0.5,0.4137,14,0,50
2026-06-06,6,VaxCare Co.opmart Quang Trung,5,1,0,10,10:00:00,13,15,3,0.231,0.2098,5,0,50
2026-05-07,6,VaxCare Co.opmart Quang Trung,3,0,0,15,15:00:00,15,15,10,0.667,0.5526,39,0,50
2026-05-25,6,VaxCare Co.opmart Quang Trung,0,0,0,15,15:00:00,13,15,7,0.538,0.528,28,0,50
2026-06-26,6,VaxCare Co.opmart Quang Trung,4,0,0,14,14:00:00,13,15,7,0.538,0.6114,23,0,50
2026-05-09,6,VaxCare Co.opmart Quang Trung,5,1,0,9,09:00:00,15,15,7,0.467,0.5167,29,0,50
2026-05-08,6,VaxCare Co.opmart Quang Trung,4,0,0,16,16:00:00,14,15,7,0.5,0.3529,12,0,50
2026-05-19,6,VaxCare Co.opmart Quang Trung,1,0,0,9,09:00:00,14,15,10,0.714,0.5326,39,0,50
2026-06-06,6,VaxCare Co.opmart Quang Trung,5,1,0,13,13:00:00,14,15,4,0.286,0.4086,3,0,50
2026-06-18,6,VaxCare Co.opmart Quang Trung,3,0,0,15,15:00:00,16,15,8,0.5,0.5331,29,0,50
2026-07-28,6,VaxCare Co.opmart Quang Trung,1,0,0,10,10:00:00,13,15,7,0.538,0.3132,17,0,50
2026-06-26,6,VaxCare Co.opmart Quang Trung,4,0,0,8,08:00:00,15,15,8,0.533,0.2593,25,0,50
2026-05-05,6,VaxCare Co.opmart Quang Trung,1,0,0,16,16:00:00,14,15,10,0.714,0.7229,47,0,50
2026-05-13,6,VaxCare Co.opmart Quang Trung,2,0,0,14,14:00:00,13,15,9,0.692,0.6051,51,0,50
2026-06-23,6,VaxCare Co.opmart Quang Trung,1,0,0,15,15:00:00,15,15,7,0.467,0.4073,13,0,50
2026-06-11,6,VaxCare Co.opmart Quang Trung,3,0,0,8,08:00:00,15,15,2,0.133,0.1859,8,0,50
2026-05-11,6,VaxCare Co.opmart Quang Trung,0,0,0,15,15:00:00,15,15,9,0.6,0.5876,20,0,50
2026-07-18,6,VaxCare Co.opmart Quang Trung,5,1,0,11,11:00:00,16,15,7,0.438,0.4088,7,0,50
2026-06-02,6,VaxCare Co.opmart Quang Trung,1,0,0,11,11:00:00,16,15,3,0.188,0.2857,3,0,50
2026-05-27,6,VaxCare Co.opmart Quang Trung,2,0,0,14,14:00:00,13,15,12,0.923,0.8159,81,1,50
2026-06-25,6,VaxCare Co.opmart Quang Trung,3,0,0,15,15:00:00,15,15,8,0.533,0.3895,27,0,50
2026-06-15,6,VaxCare Co.opmart Quang Trung,0,0,0,16,16:00:00,13,15,4,0.308,0.3299,6,0,50
2026-05-05,6,VaxCare Co.opmart Quang Trung,1,0,0,9,09:00:00,13,15,11,0.846,0.6671,27,1,50
2026-07-25,6,VaxCare Co.opmart Quang Trung,5,1,0,15,15:00:00,14,15,3,0.214,0.2079,10,0,50
2026-06-29,6,VaxCare Co.opmart Quang Trung,0,0,0,15,15:00:00,14,15,9,0.643,0.5665,9,0,50
2026-06-10,6,VaxCare Co.opmart Quang Trung,2,0,0,11,11:00:00,15,15,3,0.2,0.1293,8,0,50
2026-06-01,6,VaxCare Co.opmart Quang Trung,0,0,0,15,15:00:00,14,15,3,0.214,0.1754,7,0,50
2026-05-27,6,VaxCare Co.opmart Quang Trung,2,0,0,10,10:00:00,13,15,10,0.769,0.7485,33,1,50
2026-05-16,6,VaxCare Co.opmart Quang Trung,5,1,0,8,08:00:00,13,15,3,0.231,0.1441,3,0,50
2026-05-17,6,VaxCare Co.opmart Quang Trung,6,1,0,14,14:00:00,15,15,11,0.733,0.7962,30,0,50
2026-06-22,6,VaxCare Co.opmart Quang Trung,0,0,0,9,09:00:00,15,15,10,0.667,0.5606,17,0,50
2026-06-15,6,VaxCare Co.opmart Quang Trung,0,0,0,11,11:00:00,16,15,7,0.438,0.4741,24,0,50
2026-06-12,6,VaxCare Co.opmart Quang Trung,4,0,0,8,08:00:00,14,15,0,0.0,0.01,16,0,50
2026-06-16,6,VaxCare Co.opmart Quang Trung,1,0,0,16,16:00:00,14,15,5,0.357,0.3727,11,0,50
2026-07-11,6,VaxCare Co.opmart Quang Trung,5,1,0,11,11:00:00,14,15,5,0.357,0.3723,15,0,50
2026-07-19,6,VaxCare Co.opmart Quang Trung,6,1,0,13,13:00:00,14,15,4,0.286,0.2442,7,0,50
2026-07-29,6,VaxCare Co.opmart Quang Trung,2,0,0,13,13:00:00,13,15,3,0.231,0.0539,10,0,50
2026-07-11,6,VaxCare Co.opmart Quang Trung,5,1,0,9,09:00:00,15,15,9,0.6,0.4713,26,0,50
2026-07-12,6,VaxCare Co.opmart Quang Trung,6,1,0,16,16:00:00,14,15,8,0.571,0.4455,24,0,50
2026-07-01,6,VaxCare Co.opmart Quang Trung,2,0,0,14,14:00:00,14,15,13,0.929,0.955,77,1,50
2026-06-07,6,VaxCare Co.opmart Quang Trung,6,1,0,13,13:00:00,14,15,0,0.0,0.0351,15,0,50
2026-05-17,6,VaxCare Co.opmart Quang Trung,6,1,0,16,16:00:00,16,15,10,0.625,0.3988,20,0,50
2026-05-07,6,VaxCare Co.opmart Quang Trung,3,0,0,9,09:00:00,15,15,10,0.667,0.5008,49,0,50
2026-07-29,6,VaxCare Co.opmart Quang Trung,2,0,0,8,08:00:00,15,15,4,0.267,0.1945,4,0,50
2026-06-22,6,VaxCare Co.opmart Quang Trung,0,0,0,8,08:00:00,14,15,13,0.929,0.8254,37,1,50
2026-05-10,6,VaxCare Co.opmart Quang Trung,6,1,0,8,08:00:00,15,15,8,0.533,0.5372,17,0,50
2026-06-12,6,VaxCare Co.opmart Quang Trung,4,0,0,15,15:00:00,15,15,3,0.2,0.271,4,0,50
2026-07-14,6,VaxCare Co.opmart Quang Trung,1,0,0,14,14:00:00,15,15,10,0.667,0.4909,21,0,50
2026-07-21,6,VaxCare Co.opmart Quang Trung,1,0,1,11,11:00:00,14,15,2,0.143,0.1195,7,0,50
2026-05-10,6,VaxCare Co.opmart Quang Trung,6,1,0,14,14:00:00,15,15,8,0.533,0.296,26,0,50
2026-07-05,6,VaxCare Co.opmart Quang Trung,6,1,0,10,10:00:00,15,15,9,0.6,0.5075,27,0,50
2026-07-24,6,VaxCare Co.opmart Quang Trung,4,0,0,8,08:00:00,15,15,5,0.333,0.4012,6,0,50
2026-06-24,6,VaxCare Co.opmart Quang Trung,2,0,0,14,14:00:00,14,15,12,0.857,0.5624,86,1,50
2026-07-13,6,VaxCare Co.opmart Quang Trung,0,0,0,16,16:00:00,14,15,6,0.429,0.42,30,0,50
2026-05-17,6,VaxCare Co.opmart Quang Trung,6,1,0,11,11:00:00,14,15,9,0.643,0.5622,22,0,50
2026-06-14,6,VaxCare Co.opmart Quang Trung,6,1,0,8,08:00:00,15,15,4,0.267,0.3698,3,0,50
2026-05-27,6,VaxCare Co.opmart Quang Trung,2,0,0,11,11:00:00,14,15,4,0.286,0.0731,5,0,50
2026-05-27,6,VaxCare Co.opmart Quang Trung,2,0,0,16,16:00:00,15,15,9,0.6,0.5238,25,0,50
2026-05-11,6,VaxCare Co.opmart Quang Trung,0,0,0,13,13:00:00,14,15,9,0.643,0.6092,20,0,50
2026-06-11,6,VaxCare Co.opmart Quang Trung,3,0,0,9,09:00:00,15,15,8,0.533,0.3708,18,0,50
2026-07-06,6,VaxCare Co.opmart Quang Trung,0,0,0,13,13:00:00,15,15,6,0.4,0.2766,16,0,50
2026-05-02,6,VaxCare Co.opmart Quang Trung,5,1,0,10,10:00:00,14,15,4,0.286,0.3068,12,0,50
2026-05-10,6,VaxCare Co.opmart Quang Trung,6,1,0,15,15:00:00,15,15,12,0.8,0.6607,37,1,50
2026-06-19,6,VaxCare Co.opmart Quang Trung,4,0,0,9,09:00:00,16,15,9,0.562,0.3416,14,0,50
2026-06-01,6,VaxCare Co.opmart Quang Trung,0,0,0,10,10:00:00,14,15,11,0.786,0.7522,37,1,50
2026-05-13,6,VaxCare Co.opmart Quang Trung,2,0,0,9,09:00:00,14,15,14,1.0,0.9832,58,1,50
2026-07-21,6,VaxCare Co.opmart Quang Trung,1,0,1,15,15:00:00,13,15,1,0.077,0.01,3,0,50
2026-05-20,6,VaxCare Co.opmart Quang Trung,2,0,0,11,11:00:00,14,15,10,0.714,0.7523,36,0,50
2026-07-05,6,VaxCare Co.opmart Quang Trung,6,1,0,16,16:00:00,14,15,5,0.357,0.2565,20,0,50
2026-07-14,6,VaxCare Co.opmart Quang Trung,1,0,0,13,13:00:00,15,15,6,0.4,0.3281,18,0,50
2026-07-23,6,VaxCare Co.opmart Quang Trung,3,0,0,13,13:00:00,15,15,2,0.133,0.1407,7,0,50
2026-06-21,6,VaxCare Co.opmart Quang Trung,6,1,0,8,08:00:00,15,15,0,0.0,0.01,11,0,50
2026-05-11,6,VaxCare Co.opmart Quang Trung,0,0,0,9,09:00:00,15,15,15,1.0,0.8555,50,1,50
2026-06-17,6,VaxCare Co.opmart Quang Trung,2,0,0,15,15:00:00,15,15,3,0.2,0.1557,3,0,50
2026-05-19,6,VaxCare Co.opmart Quang Trung,1,0,0,13,13:00:00,14,15,7,0.5,0.6417,21,0,50
2026-07-07,6,VaxCare Co.opmart Quang Trung,1,0,0,8,08:00:00,14,15,11,0.786,0.8486,39,1,50
2026-07-12,6,VaxCare Co.opmart Quang Trung,6,1,0,14,14:00:00,16,15,8,0.5,0.4216,17,0,50
2026-06-13,6,VaxCare Co.opmart Quang Trung,5,1,0,8,08:00:00,15,15,1,0.067,0.0662,3,0,50
2026-07-29,6,VaxCare Co.opmart Quang Trung,2,0,0,10,10:00:00,14,15,5,0.357,0.3866,17,0,50
2026-06-01,6,VaxCare Co.opmart Quang Trung,0,0,0,8,08:00:00,14,15,3,0.214,0.1752,3,0,50
2026-07-06,6,VaxCare Co.opmart Quang Trung,0,0,0,14,14:00:00,14,15,14,1.0,0.7467,76,1,50
2026-06-08,6,VaxCare Co.opmart Quang Trung,0,0,0,10,10:00:00,15,15,10,0.667,0.6055,44,0,50
2026-05-25,6,VaxCare Co.opmart Quang Trung,0,0,0,8,08:00:00,16,15,11,0.688,0.5375,31,0,50
2026-06-07,6,VaxCare Co.opmart Quang Trung,6,1,0,11,11:00:00,15,15,2,0.133,0.2165,4,0,50
2026-05-04,6,VaxCare Co.opmart Quang Trung,0,0,0,16,16:00:00,14,15,3,0.214,0.0763,3,0,50
2026-07-02,6,VaxCare Co.opmart Quang Trung,3,0,0,16,16:00:00,15,15,10,0.667,0.5839,41,0,50
2026-07-08,6,VaxCare Co.opmart Quang Trung,2,0,0,14,14:00:00,15,15,12,0.8,0.635,34,1,50
2026-05-29,6,VaxCare Co.opmart Quang Trung,4,0,0,16,16:00:00,16,15,6,0.375,0.392,26,0,50
2026-06-27,6,VaxCare Co.opmart Quang Trung,5,1,0,9,09:00:00,14,15,8,0.571,0.452,20,0,50
2026-07-22,6,VaxCare Co.opmart Quang Trung,2,0,0,13,13:00:00,15,15,3,0.2,0.01,10,0,50
2026-05-30,6,VaxCare Co.opmart Quang Trung,5,1,0,10,10:00:00,16,15,4,0.25,0.2107,6,0,50
2026-05-07,6,VaxCare Co.opmart Quang Trung,3,0,0,16,16:00:00,16,15,14,0.875,0.7458,65,1,50
2026-05-27,6,VaxCare Co.opmart Quang Trung,2,0,0,9,09:00:00,14,15,10,0.714,0.6817,25,0,50
2026-06-12,6,VaxCare Co.opmart Quang Trung,4,0,0,10,10:00:00,14,15,7,0.5,0.451,19,0,50
2026-05-22,6,VaxCare Co.opmart Quang Trung,4,0,0,15,15:00:00,14,15,8,0.571,0.597,12,0,50
2026-06-13,6,VaxCare Co.opmart Quang Trung,5,1,0,15,15:00:00,14,15,3,0.214,0.1903,14,0,50
2026-05-10,6,VaxCare Co.opmart Quang Trung,6,1,0,13,13:00:00,15,15,7,0.467,0.3895,29,0,50
2026-05-01,6,VaxCare Co.opmart Quang Trung,4,0,0,10,10:00:00,14,15,10,0.714,0.5786,52,0,50
2026-07-08,6,VaxCare Co.opmart Quang Trung,2,0,0,13,13:00:00,16,15,9,0.562,0.4961,8,0,50
2026-05-14,6,VaxCare Co.opmart Quang Trung,3,0,0,14,14:00:00,14,15,14,1.0,0.9254,35,1,50
2026-06-06,6,VaxCare Co.opmart Quang Trung,5,1,0,11,11:00:00,15,15,0,0.0,0.0401,7,0,50
2026-07-29,6,VaxCare Co.opmart Quang Trung,2,0,0,11,11:00:00,14,15,4,0.286,0.1843,9,0,50
2026-06-08,6,VaxCare Co.opmart Quang Trung,0,0,0,16,16:00:00,15,15,1,0.067,0.049,7,0,50
2026-06-13,6,VaxCare Co.opmart Quang Trung,5,1,0,16,16:00:00,14,15,0,0.0,0.01,7,0,50
2026-05-27,6,VaxCare Co.opmart Quang Trung,2,0,0,8,08:00:00,13,15,5,0.385,0.389,22,0,50
2026-06-14,6,VaxCare Co.opmart Quang Trung,6,1,0,14,14:00:00,14,15,7,0.5,0.3265,22,0,50
2026-05-23,6,VaxCare Co.opmart Quang Trung,5,1,0,14,14:00:00,13,15,7,0.538,0.3732,15,0,50
2026-05-30,6,VaxCare Co.opmart Quang Trung,5,1,0,11,11:00:00,13,15,4,0.308,0.2306,8,0,50
2026-05-29,6,VaxCare Co.opmart Quang Trung,4,0,0,11,11:00:00,15,15,6,0.4,0.3344,17,0,50
2026-07-22,6,VaxCare Co.opmart Quang Trung,2,0,0,9,09:00:00,14,15,8,0.571,0.3771,15,0,50
2026-05-15,6,VaxCare Co.opmart Quang Trung,4,0,0,15,15:00:00,13,15,8,0.615,0.5208,27,0,50
2026-06-26,6,VaxCare Co.opmart Quang Trung,4,0,0,10,10:00:00,15,15,14,0.933,0.7855,64,1,50
2026-07-17,6,VaxCare Co.opmart Quang Trung,4,0,0,16,16:00:00,15,15,9,0.6,0.327,13,0,50
2026-05-12,6,VaxCare Co.opmart Quang Trung,1,0,0,10,10:00:00,15,15,13,0.867,0.7109,80,1,50
2026-07-04,6,VaxCare Co.opmart Quang Trung,5,1,0,10,10:00:00,14,15,6,0.429,0.3312,10,0,50
2026-06-10,6,VaxCare Co.opmart Quang Trung,2,0,0,16,16:00:00,16,15,4,0.25,0.2286,7,0,50
2026-06-17,6,VaxCare Co.opmart Quang Trung,2,0,0,9,09:00:00,13,15,7,0.538,0.538,21,0,50
2026-05-08,6,VaxCare Co.opmart Quang Trung,4,0,0,13,13:00:00,16,15,15,0.938,0.7652,72,1,50
2026-07-12,6,VaxCare Co.opmart Quang Trung,6,1,0,11,11:00:00,13,15,2,0.154,0.0788,10,0,50
2026-05-04,6,VaxCare Co.opmart Quang Trung,0,0,0,15,15:00:00,14,15,5,0.357,0.3736,9,0,50
2026-05-09,6,VaxCare Co.opmart Quang Trung,5,1,0,14,14:00:00,15,15,7,0.467,0.3093,17,0,50
2026-06-19,6,VaxCare Co.opmart Quang Trung,4,0,0,15,15:00:00,15,15,10,0.667,0.6385,32,0,50
2026-07-17,6,VaxCare Co.opmart Quang Trung,4,0,0,15,15:00:00,14,15,8,0.571,0.4384,22,0,50
2026-05-06,6,VaxCare Co.opmart Quang Trung,2,0,0,13,13:00:00,13,15,10,0.769,0.6304,37,1,50
2026-06-06,6,VaxCare Co.opmart Quang Trung,5,1,0,15,15:00:00,15,15,0,0.0,0.01,5,0,50
2026-05-09,6,VaxCare Co.opmart Quang Trung,5,1,0,15,15:00:00,15,15,6,0.4,0.3069,12,0,50
2026-06-18,6,VaxCare Co.opmart Quang Trung,3,0,0,13,13:00:00,13,15,3,0.231,0.2624,10,0,50
2026-07-21,6,VaxCare Co.opmart Quang Trung,1,0,1,13,13:00:00,14,15,2,0.143,0.0878,19,0,50
2026-07-13,6,VaxCare Co.opmart Quang Trung,0,0,0,13,13:00:00,13,15,8,0.615,0.6944,16,0,50
2026-06-27,6,VaxCare Co.opmart Quang Trung,5,1,0,15,15:00:00,15,15,4,0.267,0.248,4,0,50
2026-07-24,6,VaxCare Co.opmart Quang Trung,4,0,0,9,09:00:00,16,15,8,0.5,0.4732,28,0,50
2026-06-22,6,VaxCare Co.opmart Quang Trung,0,0,0,13,13:00:00,15,15,9,0.6,0.464,11,0,50
2026-05-28,6,VaxCare Co.opmart Quang Trung,3,0,0,13,13:00:00,16,15,2,0.125,0.01,7,0,50
2026-07-09,6,VaxCare Co.opmart Quang Trung,3,0,0,8,08:00:00,15,15,12,0.8,0.7621,44,1,50
2026-06-11,6,VaxCare Co.opmart Quang Trung,3,0,0,16,16:00:00,14,15,2,0.143,0.0146,4,0,50
2026-07-28,6,VaxCare Co.opmart Quang Trung,1,0,0,15,15:00:00,15,15,4,0.267,0.2529,8,0,50
2026-05-18,6,VaxCare Co.opmart Quang Trung,0,0,0,8,08:00:00,16,15,7,0.438,0.1971,14,0,50
2026-05-01,6,VaxCare Co.opmart Quang Trung,4,0,0,15,15:00:00,14,15,9,0.643,0.5645,14,0,50
2026-05-28,6,VaxCare Co.opmart Quang Trung,3,0,0,16,16:00:00,14,15,8,0.571,0.5965,14,0,50
2026-05-21,6,VaxCare Co.opmart Quang Trung,3,0,0,13,13:00:00,15,15,13,0.867,0.6394,76,1,50
2026-05-21,6,VaxCare Co.opmart Quang Trung,3,0,0,14,14:00:00,14,15,12,0.857,0.7154,83,1,50
2026-05-25,6,VaxCare Co.opmart Quang Trung,0,0,0,16,16:00:00,15,15,5,0.333,0.4289,3,0,50
2026-05-17,6,VaxCare Co.opmart Quang Trung,6,1,0,13,13:00:00,15,15,11,0.733,0.7304,30,0,50
2026-07-02,6,VaxCare Co.opmart Quang Trung,3,0,0,14,14:00:00,13,15,13,1.0,0.791,49,1,50
2026-06-19,6,VaxCare Co.opmart Quang Trung,4,0,0,11,11:00:00,16,15,7,0.438,0.3777,29,0,50
2026-05-06,6,VaxCare Co.opmart Quang Trung,2,0,0,9,09:00:00,14,15,12,0.857,0.6824,76,1,50
2026-05-14,6,VaxCare Co.opmart Quang Trung,3,0,0,13,13:00:00,15,15,8,0.533,0.3616,24,0,50
2026-07-20,6,VaxCare Co.opmart Quang Trung,0,0,0,13,13:00:00,15,15,0,0.0,0.01,9,0,50
2026-05-08,6,VaxCare Co.opmart Quang Trung,4,0,0,8,08:00:00,13,15,10,0.769,0.7321,41,1,50
2026-05-20,6,VaxCare Co.opmart Quang Trung,2,0,0,15,15:00:00,13,15,7,0.538,0.347,15,0,50
2026-06-28,6,VaxCare Co.opmart Quang Trung,6,1,0,8,08:00:00,15,15,3,0.2,0.0893,10,0,50
2026-06-10,6,VaxCare Co.opmart Quang Trung,2,0,0,13,13:00:00,16,15,7,0.438,0.3539,26,0,50
2026-07-06,6,VaxCare Co.opmart Quang Trung,0,0,0,11,11:00:00,15,15,8,0.533,0.4576,19,0,50
2026-05-04,6,VaxCare Co.opmart Quang Trung,0,0,0,8,08:00:00,15,15,9,0.6,0.5342,23,0,50
2026-07-07,6,VaxCare Co.opmart Quang Trung,1,0,0,14,14:00:00,16,15,16,1.0,0.9861,90,1,50
2026-06-02,6,VaxCare Co.opmart Quang Trung,1,0,0,13,13:00:00,13,15,5,0.385,0.2864,21,0,50
2026-07-08,6,VaxCare Co.opmart Quang Trung,2,0,0,15,15:00:00,14,15,12,0.857,0.773,75,1,50
2026-06-07,6,VaxCare Co.opmart Quang Trung,6,1,0,15,15:00:00,13,15,0,0.0,0.01,3,0,50
2026-06-23,6,VaxCare Co.opmart Quang Trung,1,0,0,16,16:00:00,15,15,7,0.467,0.4331,17,0,50
2026-05-14,6,VaxCare Co.opmart Quang Trung,3,0,0,15,15:00:00,14,15,12,0.857,0.7796,63,1,50
2026-05-11,6,VaxCare Co.opmart Quang Trung,0,0,0,10,10:00:00,13,15,13,1.0,0.9229,42,1,50
2026-05-07,6,VaxCare Co.opmart Quang Trung,3,0,0,11,11:00:00,14,15,9,0.643,0.7019,28,0,50
2026-07-24,6,VaxCare Co.opmart Quang Trung,4,0,0,16,16:00:00,15,15,8,0.533,0.4733,29,0,50
2026-07-12,6,VaxCare Co.opmart Quang Trung,6,1,0,8,08:00:00,13,15,3,0.231,0.2697,7,0,50
2026-07-13,6,VaxCare Co.opmart Quang Trung,0,0,0,14,14:00:00,14,15,13,0.929,0.9084,65,1,50
2026-06-05,6,VaxCare Co.opmart Quang Trung,4,0,0,9,09:00:00,16,15,4,0.25,0.1085,8,0,50
2026-06-02,6,VaxCare Co.opmart Quang Trung,1,0,0,9,09:00:00,15,15,9,0.6,0.6101,25,0,50
2026-07-19,6,VaxCare Co.opmart Quang Trung,6,1,0,16,16:00:00,14,15,1,0.071,0.149,11,0,50
2026-06-09,6,VaxCare Co.opmart Quang Trung,1,0,0,15,15:00:00,13,15,1,0.077,0.0828,6,0,50
2026-05-03,6,VaxCare Co.opmart Quang Trung,6,1,0,10,10:00:00,14,15,0,0.0,0.01,15,0,50
2026-05-31,6,VaxCare Co.opmart Quang Trung,6,1,0,13,13:00:00,14,15,4,0.286,0.1937,3,0,50
2026-06-19,6,VaxCare Co.opmart Quang Trung,4,0,0,10,10:00:00,13,15,8,0.615,0.5622,25,0,50
2026-07-15,6,VaxCare Co.opmart Quang Trung,2,0,0,11,11:00:00,15,15,10,0.667,0.6079,38,0,50
2026-07-02,6,VaxCare Co.opmart Quang Trung,3,0,0,11,11:00:00,13,15,11,0.846,0.6998,40,1,50
2026-05-08,6,VaxCare Co.opmart Quang Trung,4,0,0,14,14:00:00,16,15,16,1.0,0.9574,62,1,50
2026-05-23,6,VaxCare Co.opmart Quang Trung,5,1,0,15,15:00:00,13,15,6,0.462,0.3726,23,0,50
2026-07-03,6,VaxCare Co.opmart Quang Trung,4,0,0,10,10:00:00,15,15,15,1.0,0.8414,71,1,50
2026-05-04,6,VaxCare Co.opmart Quang Trung,0,0,0,14,14:00:00,15,15,11,0.733,0.541,25,0,50
2026-05-26,6,VaxCare Co.opmart Quang Trung,1,0,0,13,13:00:00,15,15,5,0.333,0.3456,3,0,50
2026-07-27,6,VaxCare Co.opmart Quang Trung,0,0,0,14,14:00:00,15,15,5,0.333,0.1783,3,0,50
2026-06-03,6,VaxCare Co.opmart Quang Trung,2,0,0,9,09:00:00,15,15,5,0.333,0.3802,6,0,50
2026-06-14,6,VaxCare Co.opmart Quang Trung,6,1,0,13,13:00:00,13,15,1,0.077,0.0925,9,0,50
2026-06-28,6,VaxCare Co.opmart Quang Trung,6,1,0,14,14:00:00,14,15,7,0.5,0.4793,25,0,50
2026-07-23,6,VaxCare Co.opmart Quang Trung,3,0,0,11,11:00:00,14,15,0,0.0,0.01,6,0,50
2026-06-26,6,VaxCare Co.opmart Quang Trung,4,0,0,9,09:00:00,14,15,14,1.0,0.8869,83,1,50
2026-06-24,6,VaxCare Co.opmart Quang Trung,2,0,0,8,08:00:00,14,15,6,0.429,0.4481,23,0,50
2026-07-17,6,VaxCare Co.opmart Quang Trung,4,0,0,11,11:00:00,16,15,5,0.312,0.2519,3,0,50
2026-06-02,6,VaxCare Co.opmart Quang Trung,1,0,0,8,08:00:00,14,15,3,0.214,0.1642,10,0,50
2026-06-14,6,VaxCare Co.opmart Quang Trung,6,1,0,9,09:00:00,13,15,6,0.462,0.299,19,0,50
2026-06-24,6,VaxCare Co.opmart Quang Trung,2,0,0,16,16:00:00,15,15,10,0.667,0.736,43,0,50
2026-05-23,6,VaxCare Co.opmart Quang Trung,5,1,0,8,08:00:00,16,15,6,0.375,0.3063,8,0,50
2026-05-30,6,VaxCare Co.opmart Quang Trung,5,1,0,16,16:00:00,14,15,5,0.357,0.2847,12,0,50
2026-06-23,6,VaxCare Co.opmart Quang Trung,1,0,0,10,10:00:00,13,15,8,0.615,0.5928,10,0,50
2026-05-18,6,VaxCare Co.opmart Quang Trung,0,0,0,9,09:00:00,15,15,15,1.0,0.7573,49,1,50
2026-05-25,6,VaxCare Co.opmart Quang Trung,0,0,0,13,13:00:00,15,15,5,0.333,0.3475,7,0,50
2026-07-24,6,VaxCare Co.opmart Quang Trung,4,0,0,10,10:00:00,16,15,6,0.375,0.2848,27,0,50
2026-05-21,6,VaxCare Co.opmart Quang Trung,3,0,0,11,11:00:00,13,15,8,0.615,0.428,24,0,50
2026-06-14,6,VaxCare Co.opmart Quang Trung,6,1,0,11,11:00:00,15,15,1,0.067,0.1543,14,0,50
2026-07-18,6,VaxCare Co.opmart Quang Trung,5,1,0,16,16:00:00,14,15,6,0.429,0.2205,13,0,50
2026-06-28,6,VaxCare Co.opmart Quang Trung,6,1,0,15,15:00:00,16,15,13,0.812,0.7366,46,1,50
2026-07-12,6,VaxCare Co.opmart Quang Trung,6,1,0,10,10:00:00,15,15,12,0.8,0.5873,29,1,50
2026-06-28,6,VaxCare Co.opmart Quang Trung,6,1,0,13,13:00:00,14,15,4,0.286,0.3191,8,0,50
2026-06-09,6,VaxCare Co.opmart Quang Trung,1,0,0,16,16:00:00,15,15,5,0.333,0.457,7,0,50
2026-07-06,6,VaxCare Co.opmart Quang Trung,0,0,0,15,15:00:00,15,15,9,0.6,0.4084,17,0,50
2026-05-14,6,VaxCare Co.opmart Quang Trung,3,0,0,8,08:00:00,15,15,10,0.667,0.6681,35,0,50
2026-05-15,6,VaxCare Co.opmart Quang Trung,4,0,0,10,10:00:00,13,15,12,0.923,0.758,52,1,50
2026-07-24,6,VaxCare Co.opmart Quang Trung,4,0,0,11,11:00:00,15,15,5,0.333,0.3646,17,0,50
2026-05-27,6,VaxCare Co.opmart Quang Trung,2,0,0,13,13:00:00,15,15,9,0.6,0.4809,22,0,50
2026-07-20,6,VaxCare Co.opmart Quang Trung,0,0,0,14,14:00:00,16,15,5,0.312,0.2701,3,0,50
2026-06-17,6,VaxCare Co.opmart Quang Trung,2,0,0,14,14:00:00,15,15,9,0.6,0.4669,15,0,50
2026-05-12,6,VaxCare Co.opmart Quang Trung,1,0,0,13,13:00:00,15,15,8,0.533,0.4262,9,0,50
2026-05-01,6,VaxCare Co.opmart Quang Trung,4,0,0,16,16:00:00,15,15,9,0.6,0.4968,16,0,50
2026-05-12,6,VaxCare Co.opmart Quang Trung,1,0,0,9,09:00:00,14,15,14,1.0,0.7467,75,1,50
2026-07-08,6,VaxCare Co.opmart Quang Trung,2,0,0,9,09:00:00,14,15,14,1.0,0.7561,72,1,50
2026-07-26,6,VaxCare Co.opmart Quang Trung,6,1,0,8,08:00:00,16,15,0,0.0,0.0427,9,0,50
2026-07-07,6,VaxCare Co.opmart Quang Trung,1,0,0,10,10:00:00,16,15,16,1.0,0.9463,60,1,50
2026-07-08,6,VaxCare Co.opmart Quang Trung,2,0,0,16,16:00:00,13,15,6,0.462,0.357,13,0,50
2026-07-14,6,VaxCare Co.opmart Quang Trung,1,0,0,15,15:00:00,15,15,13,0.867,0.598,52,1,50
2026-07-27,6,VaxCare Co.opmart Quang Trung,0,0,0,9,09:00:00,15,15,2,0.133,0.01,10,0,50
2026-05-18,6,VaxCare Co.opmart Quang Trung,0,0,0,13,13:00:00,15,15,11,0.733,0.6229,43,0,50
2026-05-04,6,VaxCare Co.opmart Quang Trung,0,0,0,13,13:00:00,14,15,9,0.643,0.6096,22,0,50
2026-05-06,6,VaxCare Co.opmart Quang Trung,2,0,0,11,11:00:00,13,15,9,0.692,0.5248,39,0,50
2026-05-06,6,VaxCare Co.opmart Quang Trung,2,0,0,10,10:00:00,13,15,12,0.923,0.7382,92,1,50
2026-05-10,6,VaxCare Co.opmart Quang Trung,6,1,0,9,09:00:00,14,15,11,0.786,0.6629,25,1,50
2026-05-21,6,VaxCare Co.opmart Quang Trung,3,0,0,16,16:00:00,14,15,9,0.643,0.6029,18,0,50
2026-07-09,6,VaxCare Co.opmart Quang Trung,3,0,0,14,14:00:00,15,15,11,0.733,0.7557,37,0,50
2026-07-18,6,VaxCare Co.opmart Quang Trung,5,1,0,14,14:00:00,14,15,6,0.429,0.4229,15,0,50
2026-05-09,6,VaxCare Co.opmart Quang Trung,5,1,0,10,10:00:00,15,15,8,0.533,0.3601,16,0,50
2026-05-02,6,VaxCare Co.opmart Quang Trung,5,1,0,11,11:00:00,15,15,4,0.267,0.336,3,0,50
2026-06-10,6,VaxCare Co.opmart Quang Trung,2,0,0,15,15:00:00,14,15,4,0.286,0.1433,17,0,50
2026-07-13,6,VaxCare Co.opmart Quang Trung,0,0,0,10,10:00:00,13,15,10,0.769,0.6478,44,1,50
2026-05-23,6,VaxCare Co.opmart Quang Trung,5,1,0,10,10:00:00,15,15,7,0.467,0.2751,17,0,50
2026-06-05,6,VaxCare Co.opmart Quang Trung,4,0,0,15,15:00:00,16,15,3,0.188,0.2365,14,0,50
2026-07-08,6,VaxCare Co.opmart Quang Trung,2,0,0,11,11:00:00,15,15,11,0.733,0.6467,40,0,50
2026-06-24,6,VaxCare Co.opmart Quang Trung,2,0,0,10,10:00:00,13,15,7,0.538,0.4921,18,0,50
2026-07-25,6,VaxCare Co.opmart Quang Trung,5,1,0,13,13:00:00,14,15,0,0.0,0.01,3,0,50
2026-06-26,6,VaxCare Co.opmart Quang Trung,4,0,0,11,11:00:00,16,15,15,0.938,0.7422,70,1,50
2026-05-23,6,VaxCare Co.opmart Quang Trung,5,1,0,9,09:00:00,15,15,6,0.4,0.2843,27,0,50
2026-07-04,6,VaxCare Co.opmart Quang Trung,5,1,0,9,09:00:00,13,15,4,0.308,0.218,16,0,50
2026-07-21,6,VaxCare Co.opmart Quang Trung,1,0,1,9,09:00:00,14,15,2,0.143,0.1166,3,0,50
2026-05-11,6,VaxCare Co.opmart Quang Trung,0,0,0,11,11:00:00,15,15,6,0.4,0.3225,17,0,50
2026-05-28,6,VaxCare Co.opmart Quang Trung,3,0,0,10,10:00:00,15,15,11,0.733,0.7,45,0,50
2026-06-30,6,VaxCare Co.opmart Quang Trung,1,0,0,14,14:00:00,13,15,13,1.0,0.9458,72,1,50
2026-07-03,6,VaxCare Co.opmart Quang Trung,4,0,0,11,11:00:00,16,15,11,0.688,0.7086,25,0,50
2026-06-28,6,VaxCare Co.opmart Quang Trung,6,1,0,11,11:00:00,14,15,7,0.5,0.586,30,0,50
2026-07-17,6,VaxCare Co.opmart Quang Trung,4,0,0,14,14:00:00,16,15,10,0.625,0.5367,31,0,50
2026-07-19,6,VaxCare Co.opmart Quang Trung,6,1,0,9,09:00:00,13,15,3,0.231,0.1448,10,0,50
2026-06-22,6,VaxCare Co.opmart Quang Trung,0,0,0,15,15:00:00,15,15,9,0.6,0.5103,18,0,50
2026-05-10,6,VaxCare Co.opmart Quang Trung,6,1,0,16,16:00:00,16,15,8,0.5,0.4003,20,0,50
2026-05-03,6,VaxCare Co.opmart Quang Trung,6,1,0,16,16:00:00,15,15,8,0.533,0.4013,26,0,50
2026-05-02,6,VaxCare Co.opmart Quang Trung,5,1,0,16,16:00:00,14,15,3,0.214,0.0956,4,0,50
2026-06-21,6,VaxCare Co.opmart Quang Trung,6,1,0,11,11:00:00,15,15,6,0.4,0.3525,23,0,50
2026-06-25,6,VaxCare Co.opmart Quang Trung,3,0,0,14,14:00:00,15,15,11,0.733,0.6154,36,0,50
2026-06-04,6,VaxCare Co.opmart Quang Trung,3,0,0,11,11:00:00,15,15,4,0.267,0.22,12,0,50
2026-05-31,6,VaxCare Co.opmart Quang Trung,6,1,0,16,16:00:00,14,15,3,0.214,0.2117,6,0,50
2026-06-07,6,VaxCare Co.opmart Quang Trung,6,1,0,8,08:00:00,14,15,4,0.286,0.2208,6,0,50
2026-07-06,6,VaxCare Co.opmart Quang Trung,0,0,0,9,09:00:00,15,15,13,0.867,0.7503,71,1,50
2026-06-30,6,VaxCare Co.opmart Quang Trung,1,0,0,16,16:00:00,14,15,7,0.5,0.3424,23,0,50
2026-06-03,6,VaxCare Co.opmart Quang Trung,2,0,0,8,08:00:00,13,15,5,0.385,0.3307,32,0,50
2026-06-17,6,VaxCare Co.opmart Quang Trung,2,0,0,13,13:00:00,14,15,7,0.5,0.3634,26,0,50
2026-06-11,6,VaxCare Co.opmart Quang Trung,3,0,0,11,11:00:00,13,15,6,0.462,0.4313,21,0,50
2026-06-11,6,VaxCare Co.opmart Quang Trung,3,0,0,15,15:00:00,16,15,4,0.25,0.2564,14,0,50
2026-06-23,6,VaxCare Co.opmart Quang Trung,1,0,0,9,09:00:00,13,15,10,0.769,0.6718,28,1,50
2026-05-02,6,VaxCare Co.opmart Quang Trung,5,1,0,9,09:00:00,13,15,3,0.231,0.1465,12,0,50
2026-06-01,6,VaxCare Co.opmart Quang Trung,0,0,0,9,09:00:00,14,15,5,0.357,0.3573,9,0,50
2026-05-03,6,VaxCare Co.opmart Quang Trung,6,1,0,15,15:00:00,15,15,6,0.4,0.2986,21,0,50
2026-05-28,6,VaxCare Co.opmart Quang Trung,3,0,0,14,14:00:00,13,15,7,0.538,0.3954,19,0,50
2026-07-18,6,VaxCare Co.opmart Quang Trung,5,1,0,13,13:00:00,14,15,3,0.214,0.322,13,0,50
2026-07-28,6,VaxCare Co.opmart Quang Trung,1,0,0,8,08:00:00,14,15,0,0.0,0.0761,12,0,50
2026-06-15,6,VaxCare Co.opmart Quang Trung,0,0,0,10,10:00:00,14,15,7,0.5,0.4325,14,0,50
2026-07-15,6,VaxCare Co.opmart Quang Trung,2,0,0,9,09:00:00,15,15,9,0.6,0.5483,15,0,50
2026-05-26,6,VaxCare Co.opmart Quang Trung,1,0,0,11,11:00:00,15,15,8,0.533,0.3878,30,0,50
2026-06-23,6,VaxCare Co.opmart Quang Trung,1,0,0,14,14:00:00,14,15,12,0.857,0.6533,42,1,50
2026-05-12,6,VaxCare Co.opmart Quang Trung,1,0,0,14,14:00:00,14,15,14,1.0,0.8911,67,1,50
2026-07-09,6,VaxCare Co.opmart Quang Trung,3,0,0,16,16:00:00,16,15,13,0.812,0.5468,47,1,50
2026-06-05,6,VaxCare Co.opmart Quang Trung,4,0,0,13,13:00:00,14,15,4,0.286,0.2421,3,0,50
2026-06-20,6,VaxCare Co.opmart Quang Trung,5,1,0,14,14:00:00,15,15,5,0.333,0.3878,3,0,50
2026-05-24,6,VaxCare Co.opmart Quang Trung,6,1,0,8,08:00:00,14,15,10,0.714,0.6742,33,0,50
2026-07-12,6,VaxCare Co.opmart Quang Trung,6,1,0,13,13:00:00,15,15,4,0.267,0.2218,3,0,50
2026-06-09,6,VaxCare Co.opmart Quang Trung,1,0,0,10,10:00:00,13,15,4,0.308,0.3791,10,0,50
2026-05-20,6,VaxCare Co.opmart Quang Trung,2,0,0,9,09:00:00,13,15,13,1.0,0.7581,67,1,50
2026-05-10,6,VaxCare Co.opmart Quang Trung,6,1,0,11,11:00:00,15,15,6,0.4,0.3379,21,0,50
2026-06-15,6,VaxCare Co.opmart Quang Trung,0,0,0,8,08:00:00,14,15,6,0.429,0.3296,10,0,50
2026-06-04,6,VaxCare Co.opmart Quang Trung,3,0,0,14,14:00:00,14,15,4,0.286,0.2155,8,0,50
2026-05-09,6,VaxCare Co.opmart Quang Trung,5,1,0,13,13:00:00,14,15,5,0.357,0.2942,18,0,50
2026-06-21,6,VaxCare Co.opmart Quang Trung,6,1,0,9,09:00:00,16,15,8,0.5,0.3258,19,0,50
2026-05-24,6,VaxCare Co.opmart Quang Trung,6,1,0,13,13:00:00,14,15,3,0.214,0.1871,10,0,50
2026-06-03,6,VaxCare Co.opmart Quang Trung,2,0,0,16,16:00:00,15,15,2,0.133,0.01,10,0,50
2026-05-30,6,VaxCare Co.opmart Quang Trung,5,1,0,13,13:00:00,15,15,0,0.0,0.01,10,0,50
2026-05-12,6,VaxCare Co.opmart Quang Trung,1,0,0,8,08:00:00,15,15,11,0.733,0.6378,48,0,50
2026-07-16,6,VaxCare Co.opmart Quang Trung,3,0,0,9,09:00:00,14,15,14,1.0,0.8685,77,1,50
2026-05-15,6,VaxCare Co.opmart Quang Trung,4,0,0,14,14:00:00,14,15,14,1.0,0.8949,49,1,50
2026-05-16,6,VaxCare Co.opmart Quang Trung,5,1,0,14,14:00:00,16,15,8,0.5,0.4222,24,0,50
2026-07-13,6,VaxCare Co.opmart Quang Trung,0,0,0,15,15:00:00,14,15,8,0.571,0.3991,13,0,50
2026-06-06,6,VaxCare Co.opmart Quang Trung,5,1,0,9,09:00:00,15,15,4,0.267,0.3543,3,0,50
2026-05-30,6,VaxCare Co.opmart Quang Trung,5,1,0,15,15:00:00,14,15,2,0.143,0.0756,12,0,50
2026-05-01,6,VaxCare Co.opmart Quang Trung,4,0,0,8,08:00:00,13,15,4,0.308,0.1375,3,0,50
2026-07-28,6,VaxCare Co.opmart Quang Trung,1,0,0,16,16:00:00,13,15,3,0.231,0.146,9,0,50
2026-06-11,6,VaxCare Co.opmart Quang Trung,3,0,0,13,13:00:00,14,15,0,0.0,0.01,13,0,50
2026-07-04,6,VaxCare Co.opmart Quang Trung,5,1,0,13,13:00:00,16,15,6,0.375,0.3422,16,0,50
2026-06-12,7,VaxCare Oriental Plaza,4,0,0,13,13:00:00,15,14,4,0.267,0.2149,13,0,45
2026-06-06,7,VaxCare Oriental Plaza,5,1,0,10,10:00:00,14,14,5,0.357,0.2383,20,0,45
2026-05-07,7,VaxCare Oriental Plaza,3,0,0,15,15:00:00,12,14,6,0.5,0.2899,25,0,45
2026-05-25,7,VaxCare Oriental Plaza,0,0,0,15,15:00:00,14,14,10,0.714,0.642,30,0,45
2026-06-26,7,VaxCare Oriental Plaza,4,0,0,14,14:00:00,15,14,12,0.8,0.563,25,1,45
2026-05-09,7,VaxCare Oriental Plaza,5,1,0,9,09:00:00,12,14,10,0.833,0.8116,40,1,45
2026-05-08,7,VaxCare Oriental Plaza,4,0,0,16,16:00:00,14,14,7,0.5,0.5076,12,0,45
2026-05-19,7,VaxCare Oriental Plaza,1,0,0,9,09:00:00,14,14,13,0.929,0.772,41,1,45
2026-06-06,7,VaxCare Oriental Plaza,5,1,0,13,13:00:00,13,14,1,0.077,0.01,11,0,45
2026-06-18,7,VaxCare Oriental Plaza,3,0,0,15,15:00:00,13,14,5,0.385,0.183,12,0,45
2026-07-28,7,VaxCare Oriental Plaza,1,0,0,10,10:00:00,13,14,8,0.615,0.61,11,0,45
2026-06-26,7,VaxCare Oriental Plaza,4,0,0,8,08:00:00,13,14,5,0.385,0.2309,17,0,45
2026-05-05,7,VaxCare Oriental Plaza,1,0,0,16,16:00:00,15,14,9,0.6,0.6609,28,0,45
2026-05-13,7,VaxCare Oriental Plaza,2,0,0,14,14:00:00,13,14,13,1.0,0.7031,58,1,45
2026-06-23,7,VaxCare Oriental Plaza,1,0,0,15,15:00:00,13,14,7,0.538,0.4945,7,0,45
2026-06-11,7,VaxCare Oriental Plaza,3,0,0,8,08:00:00,15,14,5,0.333,0.2581,8,0,45
2026-05-11,7,VaxCare Oriental Plaza,0,0,0,15,15:00:00,15,14,10,0.667,0.5265,37,0,45
2026-07-18,7,VaxCare Oriental Plaza,5,1,0,11,11:00:00,15,14,4,0.267,0.111,6,0,45
2026-06-02,7,VaxCare Oriental Plaza,1,0,0,11,11:00:00,13,14,4,0.308,0.2218,3,0,45
2026-05-27,7,VaxCare Oriental Plaza,2,0,0,14,14:00:00,14,14,9,0.643,0.6389,8,0,45
2026-06-25,7,VaxCare Oriental Plaza,3,0,0,15,15:00:00,13,14,7,0.538,0.4746,20,0,45
2026-06-15,7,VaxCare Oriental Plaza,0,0,0,16,16:00:00,13,14,5,0.385,0.3525,21,0,45
2026-05-05,7,VaxCare Oriental Plaza,1,0,0,9,09:00:00,13,14,13,1.0,0.9019,77,1,45
2026-07-25,7,VaxCare Oriental Plaza,5,1,0,15,15:00:00,14,14,4,0.286,0.2714,5,0,45
2026-06-29,7,VaxCare Oriental Plaza,0,0,0,15,15:00:00,12,14,9,0.75,0.6471,26,1,45
2026-06-10,7,VaxCare Oriental Plaza,2,0,0,11,11:00:00,13,14,3,0.231,0.1172,11,0,45
2026-06-01,7,VaxCare Oriental Plaza,0,0,0,15,15:00:00,12,14,1,0.083,0.1233,6,0,45
2026-05-27,7,VaxCare Oriental Plaza,2,0,0,10,10:00:00,12,14,11,0.917,0.808,46,1,45
2026-05-16,7,VaxCare Oriental Plaza,5,1,0,8,08:00:00,14,14,3,0.214,0.246,3,0,45
2026-05-17,7,VaxCare Oriental Plaza,6,1,0,14,14:00:00,14,14,9,0.643,0.4895,32,0,45
2026-06-22,7,VaxCare Oriental Plaza,0,0,0,9,09:00:00,14,14,13,0.929,0.7201,85,1,45
2026-06-15,7,VaxCare Oriental Plaza,0,0,0,11,11:00:00,14,14,2,0.143,0.0975,3,0,45
2026-06-12,7,VaxCare Oriental Plaza,4,0,0,8,08:00:00,13,14,2,0.154,0.1024,5,0,45
2026-06-16,7,VaxCare Oriental Plaza,1,0,0,16,16:00:00,14,14,3,0.214,0.2193,7,0,45
2026-07-11,7,VaxCare Oriental Plaza,5,1,0,11,11:00:00,13,14,5,0.385,0.406,11,0,45
2026-07-19,7,VaxCare Oriental Plaza,6,1,0,13,13:00:00,14,14,0,0.0,0.1124,5,0,45
2026-07-29,7,VaxCare Oriental Plaza,2,0,0,13,13:00:00,13,14,3,0.231,0.3668,3,0,45
2026-07-11,7,VaxCare Oriental Plaza,5,1,0,9,09:00:00,15,14,9,0.6,0.5371,23,0,45
2026-07-12,7,VaxCare Oriental Plaza,6,1,0,16,16:00:00,12,14,9,0.75,0.6376,42,1,45
2026-07-01,7,VaxCare Oriental Plaza,2,0,0,14,14:00:00,13,14,13,1.0,0.881,67,1,45
2026-06-07,7,VaxCare Oriental Plaza,6,1,0,13,13:00:00,14,14,1,0.071,0.1396,9,0,45
2026-05-17,7,VaxCare Oriental Plaza,6,1,0,16,16:00:00,12,14,5,0.417,0.4167,17,0,45
2026-05-07,7,VaxCare Oriental Plaza,3,0,0,9,09:00:00,13,14,11,0.846,0.6699,40,1,45
2026-07-29,7,VaxCare Oriental Plaza,2,0,0,8,08:00:00,14,14,6,0.429,0.3341,17,0,45
2026-06-22,7,VaxCare Oriental Plaza,0,0,0,8,08:00:00,15,14,6,0.4,0.3371,20,0,45
2026-05-10,7,VaxCare Oriental Plaza,6,1,0,8,08:00:00,14,14,4,0.286,0.234,3,0,45
2026-06-12,7,VaxCare Oriental Plaza,4,0,0,15,15:00:00,15,14,6,0.4,0.3361,21,0,45
2026-07-14,7,VaxCare Oriental Plaza,1,0,0,14,14:00:00,14,14,12,0.857,0.6588,62,1,45
2026-07-21,7,VaxCare Oriental Plaza,1,0,1,11,11:00:00,12,14,4,0.333,0.2652,3,0,45
2026-05-10,7,VaxCare Oriental Plaza,6,1,0,14,14:00:00,14,14,8,0.571,0.555,22,0,45
2026-07-05,7,VaxCare Oriental Plaza,6,1,0,10,10:00:00,12,14,7,0.583,0.4334,12,0,45
2026-07-24,7,VaxCare Oriental Plaza,4,0,0,8,08:00:00,13,14,4,0.308,0.3791,3,0,45
2026-06-24,7,VaxCare Oriental Plaza,2,0,0,14,14:00:00,13,14,11,0.846,0.7228,34,1,45
2026-07-13,7,VaxCare Oriental Plaza,0,0,0,16,16:00:00,13,14,8,0.615,0.5239,8,0,45
2026-05-17,7,VaxCare Oriental Plaza,6,1,0,11,11:00:00,14,14,1,0.071,0.01,4,0,45
2026-06-14,7,VaxCare Oriental Plaza,6,1,0,8,08:00:00,15,14,3,0.2,0.2339,9,0,45
2026-05-27,7,VaxCare Oriental Plaza,2,0,0,11,11:00:00,12,14,6,0.5,0.359,9,0,45
2026-05-27,7,VaxCare Oriental Plaza,2,0,0,16,16:00:00,13,14,8,0.615,0.564,22,0,45
2026-05-11,7,VaxCare Oriental Plaza,0,0,0,13,13:00:00,13,14,7,0.538,0.3859,26,0,45
2026-06-11,7,VaxCare Oriental Plaza,3,0,0,9,09:00:00,13,14,0,0.0,0.01,5,0,45
2026-07-06,7,VaxCare Oriental Plaza,0,0,0,13,13:00:00,14,14,11,0.786,0.522,33,1,45
2026-05-02,7,VaxCare Oriental Plaza,5,1,0,10,10:00:00,13,14,4,0.308,0.1397,12,0,45
2026-05-10,7,VaxCare Oriental Plaza,6,1,0,15,15:00:00,14,14,3,0.214,0.318,10,0,45
2026-06-19,7,VaxCare Oriental Plaza,4,0,0,9,09:00:00,13,14,9,0.692,0.425,47,0,45
2026-06-01,7,VaxCare Oriental Plaza,0,0,0,10,10:00:00,13,14,4,0.308,0.351,8,0,45
2026-05-13,7,VaxCare Oriental Plaza,2,0,0,9,09:00:00,14,14,14,1.0,0.8795,70,1,45
2026-07-21,7,VaxCare Oriental Plaza,1,0,1,15,15:00:00,13,14,4,0.308,0.4375,3,0,45
2026-05-20,7,VaxCare Oriental Plaza,2,0,0,11,11:00:00,14,14,11,0.786,0.721,55,1,45
2026-07-05,7,VaxCare Oriental Plaza,6,1,0,16,16:00:00,13,14,5,0.385,0.204,19,0,45
2026-07-14,7,VaxCare Oriental Plaza,1,0,0,13,13:00:00,13,14,8,0.615,0.5823,25,0,45
2026-07-23,7,VaxCare Oriental Plaza,3,0,0,13,13:00:00,14,14,6,0.429,0.3121,11,0,45
2026-06-21,7,VaxCare Oriental Plaza,6,1,0,8,08:00:00,13,14,2,0.154,0.1452,5,0,45
2026-05-11,7,VaxCare Oriental Plaza,0,0,0,9,09:00:00,13,14,13,1.0,0.8906,43,1,45
2026-06-17,7,VaxCare Oriental Plaza,2,0,0,15,15:00:00,13,14,2,0.154,0.1171,12,0,45
2026-05-19,7,VaxCare Oriental Plaza,1,0,0,13,13:00:00,14,14,11,0.786,0.6665,33,1,45
2026-07-07,7,VaxCare Oriental Plaza,1,0,0,8,08:00:00,12,14,7,0.583,0.5432,15,0,45
2026-07-12,7,VaxCare Oriental Plaza,6,1,0,14,14:00:00,14,14,7,0.5,0.4229,25,0,45
2026-06-13,7,VaxCare Oriental Plaza,5,1,0,8,08:00:00,13,14,0,0.0,0.01,8,0,45
2026-07-29,7,VaxCare Oriental Plaza,2,0,0,10,10:00:00,14,14,3,0.214,0.2194,8,0,45
2026-06-01,7,VaxCare Oriental Plaza,0,0,0,8,08:00:00,13,14,5,0.385,0.3417,14,0,45
2026-07-06,7,VaxCare Oriental Plaza,0,0,0,14,14:00:00,14,14,10,0.714,0.6238,20,0,45
2026-06-08,7,VaxCare Oriental Plaza,0,0,0,10,10:00:00,15,14,6,0.4,0.3544,20,0,45
2026-05-25,7,VaxCare Oriental Plaza,0,0,0,8,08:00:00,13,14,7,0.538,0.4657,25,0,45
2026-06-07,7,VaxCare Oriental Plaza,6,1,0,11,11:00:00,15,14,5,0.333,0.2398,9,0,45
2026-05-04,7,VaxCare Oriental Plaza,0,0,0,16,16:00:00,13,14,7,0.538,0.4742,17,0,45
2026-07-02,7,VaxCare Oriental Plaza,3,0,0,16,16:00:00,12,14,5,0.417,0.2437,12,0,45
2026-07-08,7,VaxCare Oriental Plaza,2,0,0,14,14:00:00,13,14,13,1.0,0.8924,44,1,45
2026-05-29,7,VaxCare Oriental Plaza,4,0,0,16,16:00:00,15,14,9,0.6,0.5666,32,0,45
2026-06-27,7,VaxCare Oriental Plaza,5,1,0,9,09:00:00,13,14,4,0.308,0.2901,3,0,45
2026-07-22,7,VaxCare Oriental Plaza,2,0,0,13,13:00:00,13,14,8,0.615,0.5018,26,0,45
2026-05-30,7,VaxCare Oriental Plaza,5,1,0,10,10:00:00,13,14,8,0.615,0.5355,6,0,45
2026-05-07,7,VaxCare Oriental Plaza,3,0,0,16,16:00:00,14,14,7,0.5,0.2949,13,0,45
2026-05-27,7,VaxCare Oriental Plaza,2,0,0,9,09:00:00,13,14,8,0.615,0.4748,16,0,45
2026-06-12,7,VaxCare Oriental Plaza,4,0,0,10,10:00:00,12,14,5,0.417,0.3396,14,0,45
2026-05-22,7,VaxCare Oriental Plaza,4,0,0,15,15:00:00,14,14,6,0.429,0.322,18,0,45
2026-06-13,7,VaxCare Oriental Plaza,5,1,0,15,15:00:00,12,14,3,0.25,0.2576,3,0,45
2026-05-10,7,VaxCare Oriental Plaza,6,1,0,13,13:00:00,13,14,6,0.462,0.4986,31,0,45
2026-05-01,7,VaxCare Oriental Plaza,4,0,0,10,10:00:00,13,14,8,0.615,0.557,14,0,45
2026-07-08,7,VaxCare Oriental Plaza,2,0,0,13,13:00:00,15,14,12,0.8,0.7305,27,1,45
2026-05-14,7,VaxCare Oriental Plaza,3,0,0,14,14:00:00,12,14,12,1.0,0.8464,44,1,45
2026-06-06,7,VaxCare Oriental Plaza,5,1,0,11,11:00:00,12,14,6,0.5,0.411,29,0,45
2026-07-29,7,VaxCare Oriental Plaza,2,0,0,11,11:00:00,14,14,5,0.357,0.1423,16,0,45
2026-06-08,7,VaxCare Oriental Plaza,0,0,0,16,16:00:00,14,14,1,0.071,0.22,7,0,45
2026-06-13,7,VaxCare Oriental Plaza,5,1,0,16,16:00:00,14,14,1,0.071,0.01,8,0,45
2026-05-27,7,VaxCare Oriental Plaza,2,0,0,8,08:00:00,15,14,7,0.467,0.3394,15,0,45
2026-06-14,7,VaxCare Oriental Plaza,6,1,0,14,14:00:00,12,14,2,0.167,0.1598,12,0,45
2026-05-23,7,VaxCare Oriental Plaza,5,1,0,14,14:00:00,12,14,9,0.75,0.633,33,1,45
2026-05-30,7,VaxCare Oriental Plaza,5,1,0,11,11:00:00,12,14,0,0.0,0.01,3,0,45
2026-05-29,7,VaxCare Oriental Plaza,4,0,0,11,11:00:00,15,14,1,0.067,0.1305,7,0,45
2026-07-22,7,VaxCare Oriental Plaza,2,0,0,9,09:00:00,14,14,5,0.357,0.3737,27,0,45
2026-05-15,7,VaxCare Oriental Plaza,4,0,0,15,15:00:00,14,14,9,0.643,0.5721,24,0,45
2026-06-26,7,VaxCare Oriental Plaza,4,0,0,10,10:00:00,15,14,13,0.867,0.7701,36,1,45
2026-07-17,7,VaxCare Oriental Plaza,4,0,0,16,16:00:00,13,14,6,0.462,0.3212,13,0,45
2026-05-12,7,VaxCare Oriental Plaza,1,0,0,10,10:00:00,14,14,13,0.929,0.8216,39,1,45
2026-07-04,7,VaxCare Oriental Plaza,5,1,0,10,10:00:00,15,14,9,0.6,0.3621,9,0,45
2026-06-10,7,VaxCare Oriental Plaza,2,0,0,16,16:00:00,12,14,4,0.333,0.2426,3,0,45
2026-06-17,7,VaxCare Oriental Plaza,2,0,0,9,09:00:00,12,14,6,0.5,0.4752,16,0,45
2026-05-08,7,VaxCare Oriental Plaza,4,0,0,13,13:00:00,15,14,9,0.6,0.4566,19,0,45
2026-07-12,7,VaxCare Oriental Plaza,6,1,0,11,11:00:00,13,14,1,0.077,0.0429,6,0,45
2026-05-04,7,VaxCare Oriental Plaza,0,0,0,15,15:00:00,15,14,5,0.333,0.1479,8,0,45
2026-05-09,7,VaxCare Oriental Plaza,5,1,0,14,14:00:00,15,14,10,0.667,0.5803,31,0,45
2026-06-19,7,VaxCare Oriental Plaza,4,0,0,15,15:00:00,13,14,7,0.538,0.3803,15,0,45
2026-07-17,7,VaxCare Oriental Plaza,4,0,0,15,15:00:00,14,14,5,0.357,0.2287,26,0,45
2026-05-06,7,VaxCare Oriental Plaza,2,0,0,13,13:00:00,14,14,12,0.857,0.8227,44,1,45
2026-06-06,7,VaxCare Oriental Plaza,5,1,0,15,15:00:00,14,14,2,0.143,0.0816,13,0,45
2026-05-09,7,VaxCare Oriental Plaza,5,1,0,15,15:00:00,13,14,3,0.231,0.149,9,0,45
2026-06-18,7,VaxCare Oriental Plaza,3,0,0,13,13:00:00,13,14,8,0.615,0.4669,16,0,45
2026-07-21,7,VaxCare Oriental Plaza,1,0,1,13,13:00:00,14,14,4,0.286,0.3073,3,0,45
2026-07-13,7,VaxCare Oriental Plaza,0,0,0,13,13:00:00,13,14,5,0.385,0.2921,19,0,45
2026-06-27,7,VaxCare Oriental Plaza,5,1,0,15,15:00:00,14,14,2,0.143,0.103,4,0,45
2026-07-24,7,VaxCare Oriental Plaza,4,0,0,9,09:00:00,14,14,5,0.357,0.2323,20,0,45
2026-06-22,7,VaxCare Oriental Plaza,0,0,0,13,13:00:00,12,14,7,0.583,0.6313,13,0,45
2026-05-28,7,VaxCare Oriental Plaza,3,0,0,13,13:00:00,14,14,7,0.5,0.3371,24,0,45
2026-07-09,7,VaxCare Oriental Plaza,3,0,0,8,08:00:00,14,14,5,0.357,0.2051,24,0,45
2026-06-11,7,VaxCare Oriental Plaza,3,0,0,16,16:00:00,12,14,4,0.333,0.3596,9,0,45
2026-07-28,7,VaxCare Oriental Plaza,1,0,0,15,15:00:00,13,14,5,0.385,0.2321,22,0,45
2026-05-18,7,VaxCare Oriental Plaza,0,0,0,8,08:00:00,13,14,8,0.615,0.4453,14,0,45
2026-05-01,7,VaxCare Oriental Plaza,4,0,0,15,15:00:00,14,14,9,0.643,0.4339,20,0,45
2026-05-28,7,VaxCare Oriental Plaza,3,0,0,16,16:00:00,14,14,8,0.571,0.4997,24,0,45
2026-05-21,7,VaxCare Oriental Plaza,3,0,0,13,13:00:00,14,14,9,0.643,0.5832,6,0,45
2026-05-21,7,VaxCare Oriental Plaza,3,0,0,14,14:00:00,14,14,11,0.786,0.7235,21,1,45
2026-05-25,7,VaxCare Oriental Plaza,0,0,0,16,16:00:00,12,14,4,0.333,0.2185,23,0,45
2026-05-17,7,VaxCare Oriental Plaza,6,1,0,13,13:00:00,14,14,1,0.071,0.0714,9,0,45
2026-07-02,7,VaxCare Oriental Plaza,3,0,0,14,14:00:00,14,14,9,0.643,0.4731,16,0,45
2026-06-19,7,VaxCare Oriental Plaza,4,0,0,11,11:00:00,14,14,8,0.571,0.5173,19,0,45
2026-05-06,7,VaxCare Oriental Plaza,2,0,0,9,09:00:00,14,14,13,0.929,0.6126,39,1,45
2026-05-14,7,VaxCare Oriental Plaza,3,0,0,13,13:00:00,13,14,11,0.846,0.7898,45,1,45
2026-07-20,7,VaxCare Oriental Plaza,0,0,0,13,13:00:00,13,14,6,0.462,0.305,28,0,45
2026-05-08,7,VaxCare Oriental Plaza,4,0,0,8,08:00:00,12,14,9,0.75,0.6809,44,1,45
2026-05-20,7,VaxCare Oriental Plaza,2,0,0,15,15:00:00,14,14,10,0.714,0.6302,26,0,45
2026-06-28,7,VaxCare Oriental Plaza,6,1,0,8,08:00:00,15,14,6,0.4,0.365,18,0,45
2026-06-10,7,VaxCare Oriental Plaza,2,0,0,13,13:00:00,13,14,2,0.154,0.1596,4,0,45
2026-07-06,7,VaxCare Oriental Plaza,0,0,0,11,11:00:00,12,14,9,0.75,0.5615,46,1,45
2026-05-04,7,VaxCare Oriental Plaza,0,0,0,8,08:00:00,14,14,11,0.786,0.6681,38,1,45
2026-07-07,7,VaxCare Oriental Plaza,1,0,0,14,14:00:00,13,14,12,0.923,0.7731,67,1,45
2026-06-02,7,VaxCare Oriental Plaza,1,0,0,13,13:00:00,13,14,4,0.308,0.2173,6,0,45
2026-07-08,7,VaxCare Oriental Plaza,2,0,0,15,15:00:00,13,14,10,0.769,0.7312,36,1,45
2026-06-07,7,VaxCare Oriental Plaza,6,1,0,15,15:00:00,13,14,0,0.0,0.01,9,0,45
2026-06-23,7,VaxCare Oriental Plaza,1,0,0,16,16:00:00,13,14,8,0.615,0.5663,23,0,45
2026-05-14,7,VaxCare Oriental Plaza,3,0,0,15,15:00:00,12,14,6,0.5,0.2918,16,0,45
2026-05-11,7,VaxCare Oriental Plaza,0,0,0,10,10:00:00,13,14,10,0.769,0.6277,41,1,45
2026-05-07,7,VaxCare Oriental Plaza,3,0,0,11,11:00:00,13,14,11,0.846,0.7494,35,1,45
2026-07-24,7,VaxCare Oriental Plaza,4,0,0,16,16:00:00,12,14,2,0.167,0.1748,17,0,45
2026-07-12,7,VaxCare Oriental Plaza,6,1,0,8,08:00:00,13,14,7,0.538,0.3367,16,0,45
2026-07-13,7,VaxCare Oriental Plaza,0,0,0,14,14:00:00,13,14,8,0.615,0.5674,29,0,45
2026-06-05,7,VaxCare Oriental Plaza,4,0,0,9,09:00:00,14,14,4,0.286,0.2916,13,0,45
2026-06-02,7,VaxCare Oriental Plaza,1,0,0,9,09:00:00,13,14,5,0.385,0.2128,20,0,45
2026-07-19,7,VaxCare Oriental Plaza,6,1,0,16,16:00:00,14,14,5,0.357,0.3229,29,0,45
2026-06-09,7,VaxCare Oriental Plaza,1,0,0,15,15:00:00,13,14,0,0.0,0.1928,3,0,45
2026-05-03,7,VaxCare Oriental Plaza,6,1,0,10,10:00:00,14,14,7,0.5,0.4222,18,0,45
2026-05-31,7,VaxCare Oriental Plaza,6,1,0,13,13:00:00,15,14,1,0.067,0.01,3,0,45
2026-06-19,7,VaxCare Oriental Plaza,4,0,0,10,10:00:00,15,14,8,0.533,0.5276,17,0,45
2026-07-15,7,VaxCare Oriental Plaza,2,0,0,11,11:00:00,14,14,8,0.571,0.4081,25,0,45
2026-07-02,7,VaxCare Oriental Plaza,3,0,0,11,11:00:00,12,14,8,0.667,0.5736,45,0,45
2026-05-08,7,VaxCare Oriental Plaza,4,0,0,14,14:00:00,13,14,13,1.0,0.8985,73,1,45
2026-05-23,7,VaxCare Oriental Plaza,5,1,0,15,15:00:00,15,14,5,0.333,0.3749,13,0,45
2026-07-03,7,VaxCare Oriental Plaza,4,0,0,10,10:00:00,13,14,12,0.923,0.6995,65,1,45
2026-05-04,7,VaxCare Oriental Plaza,0,0,0,14,14:00:00,15,14,13,0.867,0.6981,45,1,45
2026-05-26,7,VaxCare Oriental Plaza,1,0,0,13,13:00:00,12,14,2,0.167,0.2328,5,0,45
2026-07-27,7,VaxCare Oriental Plaza,0,0,0,14,14:00:00,13,14,2,0.154,0.1234,5,0,45
2026-06-03,7,VaxCare Oriental Plaza,2,0,0,9,09:00:00,14,14,9,0.643,0.6828,19,0,45
2026-06-14,7,VaxCare Oriental Plaza,6,1,0,13,13:00:00,14,14,1,0.071,0.0849,3,0,45
2026-06-28,7,VaxCare Oriental Plaza,6,1,0,14,14:00:00,14,14,6,0.429,0.3076,27,0,45
2026-07-23,7,VaxCare Oriental Plaza,3,0,0,11,11:00:00,15,14,3,0.2,0.2163,12,0,45
2026-06-26,7,VaxCare Oriental Plaza,4,0,0,9,09:00:00,13,14,10,0.769,0.6859,33,1,45
2026-06-24,7,VaxCare Oriental Plaza,2,0,0,8,08:00:00,13,14,6,0.462,0.4004,16,0,45
2026-07-17,7,VaxCare Oriental Plaza,4,0,0,11,11:00:00,13,14,8,0.615,0.4864,14,0,45
2026-06-02,7,VaxCare Oriental Plaza,1,0,0,8,08:00:00,13,14,1,0.077,0.134,4,0,45
2026-06-14,7,VaxCare Oriental Plaza,6,1,0,9,09:00:00,13,14,6,0.462,0.3533,21,0,45
2026-06-24,7,VaxCare Oriental Plaza,2,0,0,16,16:00:00,14,14,10,0.714,0.5437,36,0,45
2026-05-23,7,VaxCare Oriental Plaza,5,1,0,8,08:00:00,14,14,3,0.214,0.0958,3,0,45
2026-05-30,7,VaxCare Oriental Plaza,5,1,0,16,16:00:00,14,14,4,0.286,0.2398,5,0,45
2026-06-23,7,VaxCare Oriental Plaza,1,0,0,10,10:00:00,13,14,12,0.923,0.7324,71,1,45
2026-05-18,7,VaxCare Oriental Plaza,0,0,0,9,09:00:00,13,14,12,0.923,0.799,33,1,45
2026-05-25,7,VaxCare Oriental Plaza,0,0,0,13,13:00:00,13,14,3,0.231,0.13,8,0,45
2026-07-24,7,VaxCare Oriental Plaza,4,0,0,10,10:00:00,13,14,5,0.385,0.4013,5,0,45
2026-05-21,7,VaxCare Oriental Plaza,3,0,0,11,11:00:00,13,14,9,0.692,0.5446,41,0,45
2026-06-14,7,VaxCare Oriental Plaza,6,1,0,11,11:00:00,13,14,4,0.308,0.3724,11,0,45
2026-07-18,7,VaxCare Oriental Plaza,5,1,0,16,16:00:00,12,14,3,0.25,0.1004,4,0,45
2026-06-28,7,VaxCare Oriental Plaza,6,1,0,15,15:00:00,15,14,8,0.533,0.5457,12,0,45
2026-07-12,7,VaxCare Oriental Plaza,6,1,0,10,10:00:00,15,14,5,0.333,0.3603,3,0,45
2026-06-28,7,VaxCare Oriental Plaza,6,1,0,13,13:00:00,14,14,8,0.571,0.5744,23,0,45
2026-06-09,7,VaxCare Oriental Plaza,1,0,0,16,16:00:00,14,14,5,0.357,0.2126,20,0,45
2026-07-06,7,VaxCare Oriental Plaza,0,0,0,15,15:00:00,14,14,12,0.857,0.8037,55,1,45
2026-05-14,7,VaxCare Oriental Plaza,3,0,0,8,08:00:00,13,14,10,0.769,0.6511,50,1,45
2026-05-15,7,VaxCare Oriental Plaza,4,0,0,10,10:00:00,14,14,14,1.0,0.8674,67,1,45
2026-07-24,7,VaxCare Oriental Plaza,4,0,0,11,11:00:00,14,14,6,0.429,0.35,21,0,45
2026-05-27,7,VaxCare Oriental Plaza,2,0,0,13,13:00:00,13,14,4,0.308,0.3003,6,0,45
2026-07-20,7,VaxCare Oriental Plaza,0,0,0,14,14:00:00,14,14,4,0.286,0.1806,5,0,45
2026-06-17,7,VaxCare Oriental Plaza,2,0,0,14,14:00:00,14,14,6,0.429,0.3318,20,0,45
2026-05-12,7,VaxCare Oriental Plaza,1,0,0,13,13:00:00,14,14,4,0.286,0.1488,3,0,45
2026-05-01,7,VaxCare Oriental Plaza,4,0,0,16,16:00:00,13,14,6,0.462,0.3898,35,0,45
2026-05-12,7,VaxCare Oriental Plaza,1,0,0,9,09:00:00,14,14,12,0.857,0.7187,64,1,45
2026-07-08,7,VaxCare Oriental Plaza,2,0,0,9,09:00:00,13,14,12,0.923,0.7666,54,1,45
2026-07-26,7,VaxCare Oriental Plaza,6,1,0,8,08:00:00,14,14,4,0.286,0.2206,3,0,45
2026-07-07,7,VaxCare Oriental Plaza,1,0,0,10,10:00:00,14,14,13,0.929,0.668,54,1,45
2026-07-08,7,VaxCare Oriental Plaza,2,0,0,16,16:00:00,13,14,9,0.692,0.641,43,0,45
2026-07-14,7,VaxCare Oriental Plaza,1,0,0,15,15:00:00,14,14,7,0.5,0.3595,15,0,45
2026-07-27,7,VaxCare Oriental Plaza,0,0,0,9,09:00:00,14,14,2,0.143,0.0887,6,0,45
2026-05-18,7,VaxCare Oriental Plaza,0,0,0,13,13:00:00,13,14,8,0.615,0.5258,25,0,45
2026-05-04,7,VaxCare Oriental Plaza,0,0,0,13,13:00:00,13,14,9,0.692,0.5682,29,0,45
2026-05-06,7,VaxCare Oriental Plaza,2,0,0,11,11:00:00,14,14,8,0.571,0.4207,25,0,45
2026-05-06,7,VaxCare Oriental Plaza,2,0,0,10,10:00:00,13,14,9,0.692,0.578,30,0,45
2026-05-10,7,VaxCare Oriental Plaza,6,1,0,9,09:00:00,15,14,6,0.4,0.4086,18,0,45
2026-05-21,7,VaxCare Oriental Plaza,3,0,0,16,16:00:00,14,14,8,0.571,0.2996,26,0,45
2026-07-09,7,VaxCare Oriental Plaza,3,0,0,14,14:00:00,14,14,14,1.0,0.686,59,1,45
2026-07-18,7,VaxCare Oriental Plaza,5,1,0,14,14:00:00,12,14,5,0.417,0.3716,15,0,45
2026-05-09,7,VaxCare Oriental Plaza,5,1,0,10,10:00:00,14,14,8,0.571,0.4436,25,0,45
2026-05-02,7,VaxCare Oriental Plaza,5,1,0,11,11:00:00,13,14,1,0.077,0.2181,10,0,45
2026-06-10,7,VaxCare Oriental Plaza,2,0,0,15,15:00:00,14,14,3,0.214,0.1453,3,0,45
2026-07-13,7,VaxCare Oriental Plaza,0,0,0,10,10:00:00,12,14,8,0.667,0.812,43,0,45
2026-05-23,7,VaxCare Oriental Plaza,5,1,0,10,10:00:00,15,14,4,0.267,0.1782,7,0,45
2026-06-05,7,VaxCare Oriental Plaza,4,0,0,15,15:00:00,14,14,5,0.357,0.2779,16,0,45
2026-07-08,7,VaxCare Oriental Plaza,2,0,0,11,11:00:00,12,14,7,0.583,0.5513,17,0,45
2026-06-24,7,VaxCare Oriental Plaza,2,0,0,10,10:00:00,14,14,13,0.929,0.9086,59,1,45
2026-07-25,7,VaxCare Oriental Plaza,5,1,0,13,13:00:00,13,14,3,0.231,0.245,8,0,45
2026-06-26,7,VaxCare Oriental Plaza,4,0,0,11,11:00:00,13,14,7,0.538,0.4503,9,0,45
2026-05-23,7,VaxCare Oriental Plaza,5,1,0,9,09:00:00,13,14,6,0.462,0.2403,22,0,45
2026-07-04,7,VaxCare Oriental Plaza,5,1,0,9,09:00:00,14,14,5,0.357,0.3848,22,0,45
2026-07-21,7,VaxCare Oriental Plaza,1,0,1,9,09:00:00,13,14,2,0.154,0.0906,12,0,45
2026-05-11,7,VaxCare Oriental Plaza,0,0,0,11,11:00:00,15,14,10,0.667,0.6073,40,0,45
2026-05-28,7,VaxCare Oriental Plaza,3,0,0,10,10:00:00,13,14,4,0.308,0.2373,9,0,45
2026-06-30,7,VaxCare Oriental Plaza,1,0,0,14,14:00:00,13,14,13,1.0,0.9246,40,1,45
2026-07-03,7,VaxCare Oriental Plaza,4,0,0,11,11:00:00,14,14,12,0.857,0.7241,87,1,45
2026-06-28,7,VaxCare Oriental Plaza,6,1,0,11,11:00:00,12,14,2,0.167,0.1743,7,0,45
2026-07-17,7,VaxCare Oriental Plaza,4,0,0,14,14:00:00,13,14,3,0.231,0.335,16,0,45
2026-07-19,7,VaxCare Oriental Plaza,6,1,0,9,09:00:00,12,14,1,0.083,0.1503,14,0,45
2026-06-22,7,VaxCare Oriental Plaza,0,0,0,15,15:00:00,13,14,5,0.385,0.4384,23,0,45
2026-05-10,7,VaxCare Oriental Plaza,6,1,0,16,16:00:00,12,14,3,0.25,0.3094,9,0,45
2026-05-03,7,VaxCare Oriental Plaza,6,1,0,16,16:00:00,13,14,9,0.692,0.5484,33,0,45
2026-05-02,7,VaxCare Oriental Plaza,5,1,0,16,16:00:00,14,14,4,0.286,0.3033,7,0,45
2026-06-21,7,VaxCare Oriental Plaza,6,1,0,11,11:00:00,13,14,1,0.077,0.0852,12,0,45
2026-06-25,7,VaxCare Oriental Plaza,3,0,0,14,14:00:00,14,14,11,0.786,0.5836,42,1,45
2026-06-04,7,VaxCare Oriental Plaza,3,0,0,11,11:00:00,13,14,7,0.538,0.4278,22,0,45
2026-05-31,7,VaxCare Oriental Plaza,6,1,0,16,16:00:00,15,14,1,0.067,0.0875,6,0,45
2026-06-07,7,VaxCare Oriental Plaza,6,1,0,8,08:00:00,12,14,0,0.0,0.01,3,0,45
2026-07-06,7,VaxCare Oriental Plaza,0,0,0,9,09:00:00,13,14,11,0.846,0.7525,42,1,45
2026-06-30,7,VaxCare Oriental Plaza,1,0,0,16,16:00:00,13,14,10,0.769,0.6592,36,1,45
2026-06-03,7,VaxCare Oriental Plaza,2,0,0,8,08:00:00,14,14,2,0.143,0.1395,7,0,45
2026-06-17,7,VaxCare Oriental Plaza,2,0,0,13,13:00:00,13,14,4,0.308,0.1704,6,0,45
2026-06-11,7,VaxCare Oriental Plaza,3,0,0,11,11:00:00,14,14,7,0.5,0.3571,15,0,45
2026-06-11,7,VaxCare Oriental Plaza,3,0,0,15,15:00:00,12,14,1,0.083,0.1312,6,0,45
2026-06-23,7,VaxCare Oriental Plaza,1,0,0,9,09:00:00,13,14,9,0.692,0.7106,37,0,45
2026-05-02,7,VaxCare Oriental Plaza,5,1,0,9,09:00:00,14,14,11,0.786,0.749,37,1,45
2026-06-01,7,VaxCare Oriental Plaza,0,0,0,9,09:00:00,13,14,3,0.231,0.2116,8,0,45
2026-05-03,7,VaxCare Oriental Plaza,6,1,0,15,15:00:00,13,14,6,0.462,0.4154,15,0,45
2026-05-28,7,VaxCare Oriental Plaza,3,0,0,14,14:00:00,12,14,7,0.583,0.483,27,0,45
2026-07-18,7,VaxCare Oriental Plaza,5,1,0,13,13:00:00,12,14,2,0.167,0.1028,6,0,45
2026-07-28,7,VaxCare Oriental Plaza,1,0,0,8,08:00:00,12,14,5,0.417,0.3374,13,0,45
2026-06-15,7,VaxCare Oriental Plaza,0,0,0,10,10:00:00,14,14,9,0.643,0.5303,12,0,45
2026-07-15,7,VaxCare Oriental Plaza,2,0,0,9,09:00:00,12,14,7,0.583,0.391,36,0,45
2026-05-26,7,VaxCare Oriental Plaza,1,0,0,11,11:00:00,13,14,3,0.231,0.2271,6,0,45
2026-06-23,7,VaxCare Oriental Plaza,1,0,0,14,14:00:00,15,14,11,0.733,0.5541,44,0,45
2026-05-12,7,VaxCare Oriental Plaza,1,0,0,14,14:00:00,15,14,15,1.0,0.6514,79,1,45
2026-07-09,7,VaxCare Oriental Plaza,3,0,0,16,16:00:00,13,14,6,0.462,0.275,20,0,45
2026-06-05,7,VaxCare Oriental Plaza,4,0,0,13,13:00:00,14,14,0,0.0,0.0625,16,0,45
2026-06-20,7,VaxCare Oriental Plaza,5,1,0,14,14:00:00,14,14,0,0.0,0.0145,11,0,45
2026-05-24,7,VaxCare Oriental Plaza,6,1,0,8,08:00:00,13,14,1,0.077,0.1428,6,0,45
2026-07-12,7,VaxCare Oriental Plaza,6,1,0,13,13:00:00,15,14,6,0.4,0.3925,14,0,45
2026-06-09,7,VaxCare Oriental Plaza,1,0,0,10,10:00:00,15,14,4,0.267,0.3128,6,0,45
2026-05-20,7,VaxCare Oriental Plaza,2,0,0,9,09:00:00,14,14,11,0.786,0.6969,31,1,45
2026-05-10,7,VaxCare Oriental Plaza,6,1,0,11,11:00:00,13,14,4,0.308,0.403,7,0,45
2026-06-15,7,VaxCare Oriental Plaza,0,0,0,8,08:00:00,13,14,5,0.385,0.2778,13,0,45
2026-06-04,7,VaxCare Oriental Plaza,3,0,0,14,14:00:00,13,14,1,0.077,0.01,3,0,45
2026-05-09,7,VaxCare Oriental Plaza,5,1,0,13,13:00:00,15,14,10,0.667,0.468,38,0,45
2026-06-21,7,VaxCare Oriental Plaza,6,1,0,9,09:00:00,14,14,8,0.571,0.5377,16,0,45
2026-05-24,7,VaxCare Oriental Plaza,6,1,0,13,13:00:00,12,14,7,0.583,0.4268,18,0,45
2026-06-03,7,VaxCare Oriental Plaza,2,0,0,16,16:00:00,14,14,4,0.286,0.3605,3,0,45
2026-05-30,7,VaxCare Oriental Plaza,5,1,0,13,13:00:00,13,14,3,0.231,0.1076,3,0,45
2026-05-12,7,VaxCare Oriental Plaza,1,0,0,8,08:00:00,13,14,8,0.615,0.4687,21,0,45
2026-07-16,7,VaxCare Oriental Plaza,3,0,0,9,09:00:00,13,14,7,0.538,0.5833,11,0,45
2026-05-15,7,VaxCare Oriental Plaza,4,0,0,14,14:00:00,13,14,13,1.0,0.8971,61,1,45
2026-05-16,7,VaxCare Oriental Plaza,5,1,0,14,14:00:00,13,14,9,0.692,0.4484,45,0,45
2026-07-13,7,VaxCare Oriental Plaza,0,0,0,15,15:00:00,13,14,7,0.538,0.3452,22,0,45
2026-06-06,7,VaxCare Oriental Plaza,5,1,0,9,09:00:00,14,14,1,0.071,0.1854,6,0,45
2026-05-30,7,VaxCare Oriental Plaza,5,1,0,15,15:00:00,14,14,6,0.429,0.3323,17,0,45
2026-05-01,7,VaxCare Oriental Plaza,4,0,0,8,08:00:00,13,14,6,0.462,0.297,6,0,45
2026-07-28,7,VaxCare Oriental Plaza,1,0,0,16,16:00:00,14,14,0,0.0,0.01,5,0,45
2026-06-11,7,VaxCare Oriental Plaza,3,0,0,13,13:00:00,14,14,6,0.429,0.3868,5,0,45
2026-07-04,7,VaxCare Oriental Plaza,5,1,0,13,13:00:00,13,14,6,0.462,0.3676,11,0,45
2026-06-12,8,VaxCare Hóc Môn - Đông Thạnh,4,0,0,13,13:00:00,8,10,0,0.0,0.01,8,0,30
2026-06-06,8,VaxCare Hóc Môn - Đông Thạnh,5,1,0,10,10:00:00,7,10,1,0.143,0.1735,6,0,30
2026-05-07,8,VaxCare Hóc Môn - Đông Thạnh,3,0,0,15,15:00:00,8,10,4,0.5,0.3667,20,0,30
2026-05-25,8,VaxCare Hóc Môn - Đông Thạnh,0,0,0,15,15:00:00,9,10,5,0.556,0.5268,10,0,30
2026-06-26,8,VaxCare Hóc Môn - Đông Thạnh,4,0,0,14,14:00:00,8,10,6,0.75,0.6842,26,1,30
2026-05-09,8,VaxCare Hóc Môn - Đông Thạnh,5,1,0,9,09:00:00,8,10,5,0.625,0.5953,17,0,30
2026-05-08,8,VaxCare Hóc Môn - Đông Thạnh,4,0,0,16,16:00:00,8,10,4,0.5,0.3028,14,0,30
2026-05-19,8,VaxCare Hóc Môn - Đông Thạnh,1,0,0,9,09:00:00,8,10,8,1.0,0.8988,81,1,30
2026-06-06,8,VaxCare Hóc Môn - Đông Thạnh,5,1,0,13,13:00:00,8,10,1,0.125,0.1368,3,0,30
2026-06-18,8,VaxCare Hóc Môn - Đông Thạnh,3,0,0,15,15:00:00,8,10,3,0.375,0.4243,28,0,30
2026-07-28,8,VaxCare Hóc Môn - Đông Thạnh,1,0,0,10,10:00:00,8,10,2,0.25,0.1931,3,0,30
2026-06-26,8,VaxCare Hóc Môn - Đông Thạnh,4,0,0,8,08:00:00,8,10,3,0.375,0.2524,15,0,30
2026-05-05,8,VaxCare Hóc Môn - Đông Thạnh,1,0,0,16,16:00:00,8,10,4,0.5,0.3149,23,0,30
2026-05-13,8,VaxCare Hóc Môn - Đông Thạnh,2,0,0,14,14:00:00,8,10,7,0.875,0.7561,71,1,30
2026-06-23,8,VaxCare Hóc Môn - Đông Thạnh,1,0,0,15,15:00:00,8,10,5,0.625,0.4567,25,0,30
2026-06-11,8,VaxCare Hóc Môn - Đông Thạnh,3,0,0,8,08:00:00,8,10,3,0.375,0.2806,31,0,30
2026-05-11,8,VaxCare Hóc Môn - Đông Thạnh,0,0,0,15,15:00:00,7,10,4,0.571,0.5379,26,0,30
2026-07-18,8,VaxCare Hóc Môn - Đông Thạnh,5,1,0,11,11:00:00,7,10,0,0.0,0.0145,11,0,30
2026-06-02,8,VaxCare Hóc Môn - Đông Thạnh,1,0,0,11,11:00:00,7,10,2,0.286,0.3793,6,0,30
2026-05-27,8,VaxCare Hóc Môn - Đông Thạnh,2,0,0,14,14:00:00,9,10,4,0.444,0.4052,18,0,30
2026-06-25,8,VaxCare Hóc Môn - Đông Thạnh,3,0,0,15,15:00:00,8,10,4,0.5,0.4484,12,0,30
2026-06-15,8,VaxCare Hóc Môn - Đông Thạnh,0,0,0,16,16:00:00,9,10,4,0.444,0.3903,26,0,30
2026-05-05,8,VaxCare Hóc Môn - Đông Thạnh,1,0,0,9,09:00:00,8,10,6,0.75,0.6372,39,1,30
2026-07-25,8,VaxCare Hóc Môn - Đông Thạnh,5,1,0,15,15:00:00,7,10,1,0.143,0.1188,6,0,30
2026-06-29,8,VaxCare Hóc Môn - Đông Thạnh,0,0,0,15,15:00:00,8,10,0,0.0,0.01,12,0,30
2026-06-10,8,VaxCare Hóc Môn - Đông Thạnh,2,0,0,11,11:00:00,8,10,1,0.125,0.1897,3,0,30
2026-06-01,8,VaxCare Hóc Môn - Đông Thạnh,0,0,0,15,15:00:00,8,10,5,0.625,0.5731,22,0,30
2026-05-27,8,VaxCare Hóc Môn - Đông Thạnh,2,0,0,10,10:00:00,8,10,5,0.625,0.652,15,0,30
2026-05-16,8,VaxCare Hóc Môn - Đông Thạnh,5,1,0,8,08:00:00,8,10,3,0.375,0.4431,14,0,30
2026-05-17,8,VaxCare Hóc Môn - Đông Thạnh,6,1,0,14,14:00:00,8,10,4,0.5,0.4339,16,0,30
2026-06-22,8,VaxCare Hóc Môn - Đông Thạnh,0,0,0,9,09:00:00,7,10,6,0.857,0.6846,64,1,30
2026-06-15,8,VaxCare Hóc Môn - Đông Thạnh,0,0,0,11,11:00:00,7,10,2,0.286,0.4313,8,0,30
2026-06-12,8,VaxCare Hóc Môn - Đông Thạnh,4,0,0,8,08:00:00,9,10,1,0.111,0.01,13,0,30
2026-06-16,8,VaxCare Hóc Môn - Đông Thạnh,1,0,0,16,16:00:00,8,10,2,0.25,0.2049,9,0,30
2026-07-11,8,VaxCare Hóc Môn - Đông Thạnh,5,1,0,11,11:00:00,8,10,3,0.375,0.4103,27,0,30
2026-07-19,8,VaxCare Hóc Môn - Đông Thạnh,6,1,0,13,13:00:00,9,10,0,0.0,0.1238,11,0,30
2026-07-29,8,VaxCare Hóc Môn - Đông Thạnh,2,0,0,13,13:00:00,7,10,2,0.286,0.2476,3,0,30
2026-07-11,8,VaxCare Hóc Môn - Đông Thạnh,5,1,0,9,09:00:00,8,10,4,0.5,0.4775,25,0,30
2026-07-12,8,VaxCare Hóc Môn - Đông Thạnh,6,1,0,16,16:00:00,8,10,3,0.375,0.4132,21,0,30
2026-07-01,8,VaxCare Hóc Môn - Đông Thạnh,2,0,0,14,14:00:00,8,10,6,0.75,0.6264,27,1,30
2026-06-07,8,VaxCare Hóc Môn - Đông Thạnh,6,1,0,13,13:00:00,8,10,0,0.0,0.0105,3,0,30
2026-05-17,8,VaxCare Hóc Môn - Đông Thạnh,6,1,0,16,16:00:00,8,10,5,0.625,0.4783,23,0,30
2026-05-07,8,VaxCare Hóc Môn - Đông Thạnh,3,0,0,9,09:00:00,9,10,8,0.889,0.7342,64,1,30
2026-07-29,8,VaxCare Hóc Môn - Đông Thạnh,2,0,0,8,08:00:00,7,10,1,0.143,0.1864,3,0,30
2026-06-22,8,VaxCare Hóc Môn - Đông Thạnh,0,0,0,8,08:00:00,8,10,3,0.375,0.2694,26,0,30
2026-05-10,8,VaxCare Hóc Môn - Đông Thạnh,6,1,0,8,08:00:00,8,10,4,0.5,0.3196,19,0,30
2026-06-12,8,VaxCare Hóc Môn - Đông Thạnh,4,0,0,15,15:00:00,8,10,2,0.25,0.2847,3,0,30
2026-07-14,8,VaxCare Hóc Môn - Đông Thạnh,1,0,0,14,14:00:00,9,10,7,0.778,0.5928,44,1,30
2026-07-21,8,VaxCare Hóc Môn - Đông Thạnh,1,0,1,11,11:00:00,8,10,0,0.0,0.01,5,0,30
2026-05-10,8,VaxCare Hóc Môn - Đông Thạnh,6,1,0,14,14:00:00,9,10,7,0.778,0.4959,36,1,30
2026-07-05,8,VaxCare Hóc Môn - Đông Thạnh,6,1,0,10,10:00:00,9,10,5,0.556,0.3194,20,0,30
2026-07-24,8,VaxCare Hóc Môn - Đông Thạnh,4,0,0,8,08:00:00,8,10,0,0.0,0.01,15,0,30
2026-06-24,8,VaxCare Hóc Môn - Đông Thạnh,2,0,0,14,14:00:00,8,10,8,1.0,0.784,56,1,30
2026-07-13,8,VaxCare Hóc Môn - Đông Thạnh,0,0,0,16,16:00:00,8,10,4,0.5,0.4497,24,0,30
2026-05-17,8,VaxCare Hóc Môn - Đông Thạnh,6,1,0,11,11:00:00,8,10,4,0.5,0.4137,23,0,30
2026-06-14,8,VaxCare Hóc Môn - Đông Thạnh,6,1,0,8,08:00:00,8,10,2,0.25,0.3245,12,0,30
2026-05-27,8,VaxCare Hóc Môn - Đông Thạnh,2,0,0,11,11:00:00,8,10,1,0.125,0.0734,3,0,30
2026-05-27,8,VaxCare Hóc Môn - Đông Thạnh,2,0,0,16,16:00:00,8,10,4,0.5,0.3859,28,0,30
2026-05-11,8,VaxCare Hóc Môn - Đông Thạnh,0,0,0,13,13:00:00,7,10,3,0.429,0.405,21,0,30
2026-06-11,8,VaxCare Hóc Môn - Đông Thạnh,3,0,0,9,09:00:00,8,10,2,0.25,0.1311,3,0,30
2026-07-06,8,VaxCare Hóc Môn - Đông Thạnh,0,0,0,13,13:00:00,7,10,5,0.714,0.5645,50,0,30
2026-05-02,8,VaxCare Hóc Môn - Đông Thạnh,5,1,0,10,10:00:00,8,10,2,0.25,0.2637,3,0,30
2026-05-10,8,VaxCare Hóc Môn - Đông Thạnh,6,1,0,15,15:00:00,8,10,5,0.625,0.5015,31,0,30
2026-06-19,8,VaxCare Hóc Môn - Đông Thạnh,4,0,0,9,09:00:00,9,10,9,1.0,0.8717,38,1,30
2026-06-01,8,VaxCare Hóc Môn - Đông Thạnh,0,0,0,10,10:00:00,8,10,4,0.5,0.3938,21,0,30
2026-05-13,8,VaxCare Hóc Môn - Đông Thạnh,2,0,0,9,09:00:00,8,10,7,0.875,0.7036,41,1,30
2026-07-21,8,VaxCare Hóc Môn - Đông Thạnh,1,0,1,15,15:00:00,8,10,2,0.25,0.0542,6,0,30
2026-05-20,8,VaxCare Hóc Môn - Đông Thạnh,2,0,0,11,11:00:00,7,10,2,0.286,0.2582,4,0,30
2026-07-05,8,VaxCare Hóc Môn - Đông Thạnh,6,1,0,16,16:00:00,9,10,1,0.111,0.0875,9,0,30
2026-07-14,8,VaxCare Hóc Môn - Đông Thạnh,1,0,0,13,13:00:00,8,10,4,0.5,0.4786,18,0,30
2026-07-23,8,VaxCare Hóc Môn - Đông Thạnh,3,0,0,13,13:00:00,8,10,1,0.125,0.1642,13,0,30
2026-06-21,8,VaxCare Hóc Môn - Đông Thạnh,6,1,0,8,08:00:00,8,10,3,0.375,0.464,19,0,30
2026-05-11,8,VaxCare Hóc Môn - Đông Thạnh,0,0,0,9,09:00:00,7,10,7,1.0,0.884,72,1,30
2026-06-17,8,VaxCare Hóc Môn - Đông Thạnh,2,0,0,15,15:00:00,7,10,3,0.429,0.3463,17,0,30
2026-05-19,8,VaxCare Hóc Môn - Đông Thạnh,1,0,0,13,13:00:00,7,10,4,0.571,0.3856,26,0,30
2026-07-07,8,VaxCare Hóc Môn - Đông Thạnh,1,0,0,8,08:00:00,8,10,6,0.75,0.5783,31,1,30
2026-07-12,8,VaxCare Hóc Môn - Đông Thạnh,6,1,0,14,14:00:00,8,10,3,0.375,0.1991,14,0,30
2026-06-13,8,VaxCare Hóc Môn - Đông Thạnh,5,1,0,8,08:00:00,8,10,1,0.125,0.0864,3,0,30
2026-07-29,8,VaxCare Hóc Môn - Đông Thạnh,2,0,0,10,10:00:00,8,10,3,0.375,0.2025,20,0,30
2026-06-01,8,VaxCare Hóc Môn - Đông Thạnh,0,0,0,8,08:00:00,8,10,1,0.125,0.214,3,0,30
2026-07-06,8,VaxCare Hóc Môn - Đông Thạnh,0,0,0,14,14:00:00,8,10,5,0.625,0.5494,26,0,30
2026-06-08,8,VaxCare Hóc Môn - Đông Thạnh,0,0,0,10,10:00:00,7,10,2,0.286,0.3663,8,0,30
2026-05-25,8,VaxCare Hóc Môn - Đông Thạnh,0,0,0,8,08:00:00,7,10,2,0.286,0.2224,5,0,30
2026-06-07,8,VaxCare Hóc Môn - Đông Thạnh,6,1,0,11,11:00:00,9,10,3,0.333,0.2512,4,0,30
2026-05-04,8,VaxCare Hóc Môn - Đông Thạnh,0,0,0,16,16:00:00,7,10,5,0.714,0.5831,52,0,30
2026-07-02,8,VaxCare Hóc Môn - Đông Thạnh,3,0,0,16,16:00:00,7,10,5,0.714,0.4892,46,0,30
2026-07-08,8,VaxCare Hóc Môn - Đông Thạnh,2,0,0,14,14:00:00,8,10,7,0.875,0.6348,55,1,30
2026-05-29,8,VaxCare Hóc Môn - Đông Thạnh,4,0,0,16,16:00:00,9,10,3,0.333,0.4386,8,0,30
2026-06-27,8,VaxCare Hóc Môn - Đông Thạnh,5,1,0,9,09:00:00,8,10,5,0.625,0.782,25,0,30
2026-07-22,8,VaxCare Hóc Môn - Đông Thạnh,2,0,0,13,13:00:00,7,10,3,0.429,0.2132,14,0,30
2026-05-30,8,VaxCare Hóc Môn - Đông Thạnh,5,1,0,10,10:00:00,9,10,3,0.333,0.4078,3,0,30
2026-05-07,8,VaxCare Hóc Môn - Đông Thạnh,3,0,0,16,16:00:00,9,10,7,0.778,0.6435,30,1,30
2026-05-27,8,VaxCare Hóc Môn - Đông Thạnh,2,0,0,9,09:00:00,7,10,3,0.429,0.4206,18,0,30
2026-06-12,8,VaxCare Hóc Môn - Đông Thạnh,4,0,0,10,10:00:00,8,10,2,0.25,0.3234,3,0,30
2026-05-22,8,VaxCare Hóc Môn - Đông Thạnh,4,0,0,15,15:00:00,8,10,5,0.625,0.6181,15,0,30
2026-06-13,8,VaxCare Hóc Môn - Đông Thạnh,5,1,0,15,15:00:00,7,10,0,0.0,0.01,11,0,30
2026-05-10,8,VaxCare Hóc Môn - Đông Thạnh,6,1,0,13,13:00:00,8,10,3,0.375,0.3902,3,0,30
2026-05-01,8,VaxCare Hóc Môn - Đông Thạnh,4,0,0,10,10:00:00,8,10,8,1.0,0.8326,78,1,30
2026-07-08,8,VaxCare Hóc Môn - Đông Thạnh,2,0,0,13,13:00:00,7,10,2,0.286,0.2711,4,0,30
2026-05-14,8,VaxCare Hóc Môn - Đông Thạnh,3,0,0,14,14:00:00,8,10,8,1.0,0.8412,68,1,30
2026-06-06,8,VaxCare Hóc Môn - Đông Thạnh,5,1,0,11,11:00:00,9,10,3,0.333,0.3387,4,0,30
2026-07-29,8,VaxCare Hóc Môn - Đông Thạnh,2,0,0,11,11:00:00,7,10,1,0.143,0.0382,3,0,30
2026-06-08,8,VaxCare Hóc Môn - Đông Thạnh,0,0,0,16,16:00:00,8,10,2,0.25,0.2374,3,0,30
2026-06-13,8,VaxCare Hóc Môn - Đông Thạnh,5,1,0,16,16:00:00,9,10,1,0.111,0.1404,14,0,30
2026-05-27,8,VaxCare Hóc Môn - Đông Thạnh,2,0,0,8,08:00:00,9,10,3,0.333,0.2527,10,0,30
2026-06-14,8,VaxCare Hóc Môn - Đông Thạnh,6,1,0,14,14:00:00,8,10,0,0.0,0.0484,5,0,30
2026-05-23,8,VaxCare Hóc Môn - Đông Thạnh,5,1,0,14,14:00:00,8,10,4,0.5,0.4189,21,0,30
2026-05-30,8,VaxCare Hóc Môn - Đông Thạnh,5,1,0,11,11:00:00,8,10,2,0.25,0.3021,3,0,30
2026-05-29,8,VaxCare Hóc Môn - Đông Thạnh,4,0,0,11,11:00:00,9,10,2,0.222,0.1387,3,0,30
2026-07-22,8,VaxCare Hóc Môn - Đông Thạnh,2,0,0,9,09:00:00,8,10,3,0.375,0.5355,23,0,30
2026-05-15,8,VaxCare Hóc Môn - Đông Thạnh,4,0,0,15,15:00:00,8,10,8,1.0,0.8648,47,1,30
2026-06-26,8,VaxCare Hóc Môn - Đông Thạnh,4,0,0,10,10:00:00,8,10,5,0.625,0.5899,29,0,30
2026-07-17,8,VaxCare Hóc Môn - Đông Thạnh,4,0,0,16,16:00:00,8,10,2,0.25,0.1929,10,0,30
2026-05-12,8,VaxCare Hóc Môn - Đông Thạnh,1,0,0,10,10:00:00,9,10,9,1.0,0.7789,76,1,30
2026-07-04,8,VaxCare Hóc Môn - Đông Thạnh,5,1,0,10,10:00:00,8,10,5,0.625,0.6153,15,0,30
2026-06-10,8,VaxCare Hóc Môn - Đông Thạnh,2,0,0,16,16:00:00,7,10,1,0.143,0.0304,13,0,30
2026-06-17,8,VaxCare Hóc Môn - Đông Thạnh,2,0,0,9,09:00:00,8,10,3,0.375,0.2703,10,0,30
2026-05-08,8,VaxCare Hóc Môn - Đông Thạnh,4,0,0,13,13:00:00,8,10,6,0.75,0.6465,30,1,30
2026-07-12,8,VaxCare Hóc Môn - Đông Thạnh,6,1,0,11,11:00:00,8,10,3,0.375,0.24,30,0,30
2026-05-04,8,VaxCare Hóc Môn - Đông Thạnh,0,0,0,15,15:00:00,9,10,5,0.556,0.5186,20,0,30
2026-05-09,8,VaxCare Hóc Môn - Đông Thạnh,5,1,0,14,14:00:00,8,10,6,0.75,0.5674,33,1,30
2026-06-19,8,VaxCare Hóc Môn - Đông Thạnh,4,0,0,15,15:00:00,7,10,4,0.571,0.5273,15,0,30
2026-07-17,8,VaxCare Hóc Môn - Đông Thạnh,4,0,0,15,15:00:00,8,10,3,0.375,0.0576,20,0,30
2026-05-06,8,VaxCare Hóc Môn - Đông Thạnh,2,0,0,13,13:00:00,9,10,8,0.889,0.61,74,1,30
2026-06-06,8,VaxCare Hóc Môn - Đông Thạnh,5,1,0,15,15:00:00,8,10,1,0.125,0.2131,12,0,30
2026-05-09,8,VaxCare Hóc Môn - Đông Thạnh,5,1,0,15,15:00:00,9,10,1,0.111,0.1608,11,0,30
2026-06-18,8,VaxCare Hóc Môn - Đông Thạnh,3,0,0,13,13:00:00,8,10,2,0.25,0.2998,3,0,30
2026-07-21,8,VaxCare Hóc Môn - Đông Thạnh,1,0,1,13,13:00:00,8,10,4,0.5,0.4008,17,0,30
2026-07-13,8,VaxCare Hóc Môn - Đông Thạnh,0,0,0,13,13:00:00,8,10,3,0.375,0.3881,10,0,30
2026-06-27,8,VaxCare Hóc Môn - Đông Thạnh,5,1,0,15,15:00:00,8,10,3,0.375,0.2727,16,0,30
2026-07-24,8,VaxCare Hóc Môn - Đông Thạnh,4,0,0,9,09:00:00,8,10,3,0.375,0.2454,30,0,30
2026-06-22,8,VaxCare Hóc Môn - Đông Thạnh,0,0,0,13,13:00:00,8,10,3,0.375,0.2403,14,0,30
2026-05-28,8,VaxCare Hóc Môn - Đông Thạnh,3,0,0,13,13:00:00,8,10,4,0.5,0.226,26,0,30
2026-07-09,8,VaxCare Hóc Môn - Đông Thạnh,3,0,0,8,08:00:00,8,10,4,0.5,0.4176,4,0,30
2026-06-11,8,VaxCare Hóc Môn - Đông Thạnh,3,0,0,16,16:00:00,9,10,3,0.333,0.3883,10,0,30
2026-07-28,8,VaxCare Hóc Môn - Đông Thạnh,1,0,0,15,15:00:00,8,10,2,0.25,0.1498,3,0,30
2026-05-18,8,VaxCare Hóc Môn - Đông Thạnh,0,0,0,8,08:00:00,8,10,5,0.625,0.6057,14,0,30
2026-05-01,8,VaxCare Hóc Môn - Đông Thạnh,4,0,0,15,15:00:00,8,10,4,0.5,0.4662,28,0,30
2026-05-28,8,VaxCare Hóc Môn - Đông Thạnh,3,0,0,16,16:00:00,8,10,3,0.375,0.2071,19,0,30
2026-05-21,8,VaxCare Hóc Môn - Đông Thạnh,3,0,0,13,13:00:00,8,10,3,0.375,0.294,21,0,30
2026-05-21,8,VaxCare Hóc Môn - Đông Thạnh,3,0,0,14,14:00:00,8,10,5,0.625,0.4371,19,0,30
2026-05-25,8,VaxCare Hóc Môn - Đông Thạnh,0,0,0,16,16:00:00,8,10,5,0.625,0.4654,19,0,30
2026-05-17,8,VaxCare Hóc Môn - Đông Thạnh,6,1,0,13,13:00:00,8,10,3,0.375,0.4642,22,0,30
2026-07-02,8,VaxCare Hóc Môn - Đông Thạnh,3,0,0,14,14:00:00,8,10,5,0.625,0.4569,12,0,30
2026-06-19,8,VaxCare Hóc Môn - Đông Thạnh,4,0,0,11,11:00:00,9,10,5,0.556,0.559,24,0,30
2026-05-06,8,VaxCare Hóc Môn - Đông Thạnh,2,0,0,9,09:00:00,7,10,6,0.857,0.7017,66,1,30
2026-05-14,8,VaxCare Hóc Môn - Đông Thạnh,3,0,0,13,13:00:00,7,10,7,1.0,0.739,84,1,30
2026-07-20,8,VaxCare Hóc Môn - Đông Thạnh,0,0,0,13,13:00:00,8,10,4,0.5,0.4337,33,0,30
2026-05-08,8,VaxCare Hóc Môn - Đông Thạnh,4,0,0,8,08:00:00,8,10,7,0.875,0.7577,62,1,30
2026-05-20,8,VaxCare Hóc Môn - Đông Thạnh,2,0,0,15,15:00:00,7,10,5,0.714,0.6553,44,0,30
2026-06-28,8,VaxCare Hóc Môn - Đông Thạnh,6,1,0,8,08:00:00,7,10,3,0.429,0.2767,17,0,30
2026-06-10,8,VaxCare Hóc Môn - Đông Thạnh,2,0,0,13,13:00:00,7,10,2,0.286,0.256,13,0,30
2026-07-06,8,VaxCare Hóc Môn - Đông Thạnh,0,0,0,11,11:00:00,7,10,2,0.286,0.232,3,0,30
2026-05-04,8,VaxCare Hóc Môn - Đông Thạnh,0,0,0,8,08:00:00,8,10,7,0.875,0.8649,84,1,30
2026-07-07,8,VaxCare Hóc Môn - Đông Thạnh,1,0,0,14,14:00:00,7,10,5,0.714,0.6346,33,0,30
2026-06-02,8,VaxCare Hóc Môn - Đông Thạnh,1,0,0,13,13:00:00,8,10,1,0.125,0.165,9,0,30
2026-07-08,8,VaxCare Hóc Môn - Đông Thạnh,2,0,0,15,15:00:00,8,10,4,0.5,0.4754,19,0,30
2026-06-07,8,VaxCare Hóc Môn - Đông Thạnh,6,1,0,15,15:00:00,9,10,0,0.0,0.0315,3,0,30
2026-06-23,8,VaxCare Hóc Môn - Đông Thạnh,1,0,0,16,16:00:00,8,10,4,0.5,0.41,19,0,30
2026-05-14,8,VaxCare Hóc Môn - Đông Thạnh,3,0,0,15,15:00:00,8,10,7,0.875,0.6596,54,1,30
2026-05-11,8,VaxCare Hóc Môn - Đông Thạnh,0,0,0,10,10:00:00,7,10,7,1.0,0.9411,43,1,30
2026-05-07,8,VaxCare Hóc Môn - Đông Thạnh,3,0,0,11,11:00:00,8,10,4,0.5,0.4515,23,0,30
2026-07-24,8,VaxCare Hóc Môn - Đông Thạnh,4,0,0,16,16:00:00,7,10,2,0.286,0.1799,16,0,30
2026-07-12,8,VaxCare Hóc Môn - Đông Thạnh,6,1,0,8,08:00:00,8,10,2,0.25,0.2132,10,0,30
2026-07-13,8,VaxCare Hóc Môn - Đông Thạnh,0,0,0,14,14:00:00,8,10,6,0.75,0.6154,28,1,30
2026-06-05,8,VaxCare Hóc Môn - Đông Thạnh,4,0,0,9,09:00:00,7,10,3,0.429,0.4017,19,0,30
2026-06-02,8,VaxCare Hóc Môn - Đông Thạnh,1,0,0,9,09:00:00,9,10,3,0.333,0.1969,11,0,30
2026-07-19,8,VaxCare Hóc Môn - Đông Thạnh,6,1,0,16,16:00:00,7,10,1,0.143,0.1366,10,0,30
2026-06-09,8,VaxCare Hóc Môn - Đông Thạnh,1,0,0,15,15:00:00,8,10,2,0.25,0.2434,12,0,30
2026-05-03,8,VaxCare Hóc Môn - Đông Thạnh,6,1,0,10,10:00:00,8,10,3,0.375,0.335,27,0,30
2026-05-31,8,VaxCare Hóc Môn - Đông Thạnh,6,1,0,13,13:00:00,8,10,2,0.25,0.2125,3,0,30
2026-06-19,8,VaxCare Hóc Môn - Đông Thạnh,4,0,0,10,10:00:00,9,10,4,0.444,0.2448,15,0,30
2026-07-15,8,VaxCare Hóc Môn - Đông Thạnh,2,0,0,11,11:00:00,7,10,3,0.429,0.3166,20,0,30
2026-07-02,8,VaxCare Hóc Môn - Đông Thạnh,3,0,0,11,11:00:00,8,10,6,0.75,0.655,52,1,30
2026-05-08,8,VaxCare Hóc Môn - Đông Thạnh,4,0,0,14,14:00:00,9,10,9,1.0,0.8941,52,1,30
2026-05-23,8,VaxCare Hóc Môn - Đông Thạnh,5,1,0,15,15:00:00,8,10,0,0.0,0.01,11,0,30
2026-07-03,8,VaxCare Hóc Môn - Đông Thạnh,4,0,0,10,10:00:00,8,10,7,0.875,0.7849,46,1,30
2026-05-04,8,VaxCare Hóc Môn - Đông Thạnh,0,0,0,14,14:00:00,7,10,3,0.429,0.4077,26,0,30
2026-05-26,8,VaxCare Hóc Môn - Đông Thạnh,1,0,0,13,13:00:00,9,10,4,0.444,0.4605,12,0,30
2026-07-27,8,VaxCare Hóc Môn - Đông Thạnh,0,0,0,14,14:00:00,7,10,2,0.286,0.14,8,0,30
2026-06-03,8,VaxCare Hóc Môn - Đông Thạnh,2,0,0,9,09:00:00,7,10,2,0.286,0.0867,3,0,30
2026-06-14,8,VaxCare Hóc Môn - Đông Thạnh,6,1,0,13,13:00:00,9,10,2,0.222,0.2005,12,0,30
2026-06-28,8,VaxCare Hóc Môn - Đông Thạnh,6,1,0,14,14:00:00,8,10,2,0.25,0.225,7,0,30
2026-07-23,8,VaxCare Hóc Môn - Đông Thạnh,3,0,0,11,11:00:00,8,10,4,0.5,0.5306,22,0,30
2026-06-26,8,VaxCare Hóc Môn - Đông Thạnh,4,0,0,9,09:00:00,9,10,7,0.778,0.6228,35,1,30
2026-06-24,8,VaxCare Hóc Môn - Đông Thạnh,2,0,0,8,08:00:00,8,10,5,0.625,0.5414,14,0,30
2026-07-17,8,VaxCare Hóc Môn - Đông Thạnh,4,0,0,11,11:00:00,8,10,3,0.375,0.349,23,0,30
2026-06-02,8,VaxCare Hóc Môn - Đông Thạnh,1,0,0,8,08:00:00,9,10,4,0.444,0.2116,17,0,30
2026-06-14,8,VaxCare Hóc Môn - Đông Thạnh,6,1,0,9,09:00:00,9,10,1,0.111,0.0894,3,0,30
2026-06-24,8,VaxCare Hóc Môn - Đông Thạnh,2,0,0,16,16:00:00,9,10,3,0.333,0.2905,3,0,30
2026-05-23,8,VaxCare Hóc Môn - Đông Thạnh,5,1,0,8,08:00:00,8,10,2,0.25,0.1378,8,0,30
2026-05-30,8,VaxCare Hóc Môn - Đông Thạnh,5,1,0,16,16:00:00,9,10,2,0.222,0.2618,10,0,30
2026-06-23,8,VaxCare Hóc Môn - Đông Thạnh,1,0,0,10,10:00:00,8,10,7,0.875,0.7894,72,1,30
2026-05-18,8,VaxCare Hóc Môn - Đông Thạnh,0,0,0,9,09:00:00,8,10,5,0.625,0.6468,15,0,30
2026-05-25,8,VaxCare Hóc Môn - Đông Thạnh,0,0,0,13,13:00:00,8,10,4,0.5,0.433,27,0,30
2026-07-24,8,VaxCare Hóc Môn - Đông Thạnh,4,0,0,10,10:00:00,9,10,3,0.333,0.2318,5,0,30
2026-05-21,8,VaxCare Hóc Môn - Đông Thạnh,3,0,0,11,11:00:00,7,10,3,0.429,0.2742,12,0,30
2026-06-14,8,VaxCare Hóc Môn - Đông Thạnh,6,1,0,11,11:00:00,8,10,2,0.25,0.3132,10,0,30
2026-07-18,8,VaxCare Hóc Môn - Đông Thạnh,5,1,0,16,16:00:00,8,10,1,0.125,0.0841,12,0,30
2026-06-28,8,VaxCare Hóc Môn - Đông Thạnh,6,1,0,15,15:00:00,7,10,3,0.429,0.4445,29,0,30
2026-07-12,8,VaxCare Hóc Môn - Đông Thạnh,6,1,0,10,10:00:00,7,10,2,0.286,0.3122,5,0,30
2026-06-28,8,VaxCare Hóc Môn - Đông Thạnh,6,1,0,13,13:00:00,9,10,2,0.222,0.1848,8,0,30
2026-06-09,8,VaxCare Hóc Môn - Đông Thạnh,1,0,0,16,16:00:00,8,10,1,0.125,0.1449,3,0,30
2026-07-06,8,VaxCare Hóc Môn - Đông Thạnh,0,0,0,15,15:00:00,9,10,8,0.889,0.6174,72,1,30
2026-05-14,8,VaxCare Hóc Môn - Đông Thạnh,3,0,0,8,08:00:00,7,10,5,0.714,0.5329,36,0,30
2026-05-15,8,VaxCare Hóc Môn - Đông Thạnh,4,0,0,10,10:00:00,7,10,7,1.0,0.8605,50,1,30
2026-07-24,8,VaxCare Hóc Môn - Đông Thạnh,4,0,0,11,11:00:00,9,10,3,0.333,0.3384,3,0,30
2026-05-27,8,VaxCare Hóc Môn - Đông Thạnh,2,0,0,13,13:00:00,7,10,2,0.286,0.3924,7,0,30
2026-07-20,8,VaxCare Hóc Môn - Đông Thạnh,0,0,0,14,14:00:00,8,10,4,0.5,0.3819,22,0,30
2026-06-17,8,VaxCare Hóc Môn - Đông Thạnh,2,0,0,14,14:00:00,8,10,2,0.25,0.1706,18,0,30
2026-05-12,8,VaxCare Hóc Môn - Đông Thạnh,1,0,0,13,13:00:00,8,10,2,0.25,0.1237,6,0,30
2026-05-01,8,VaxCare Hóc Môn - Đông Thạnh,4,0,0,16,16:00:00,9,10,5,0.556,0.4878,17,0,30
2026-05-12,8,VaxCare Hóc Môn - Đông Thạnh,1,0,0,9,09:00:00,7,10,6,0.857,0.7372,83,1,30
2026-07-08,8,VaxCare Hóc Môn - Đông Thạnh,2,0,0,9,09:00:00,9,10,6,0.667,0.4389,38,0,30
2026-07-26,8,VaxCare Hóc Môn - Đông Thạnh,6,1,0,8,08:00:00,8,10,2,0.25,0.1845,3,0,30
2026-07-07,8,VaxCare Hóc Môn - Đông Thạnh,1,0,0,10,10:00:00,8,10,8,1.0,0.7922,63,1,30
2026-07-08,8,VaxCare Hóc Môn - Đông Thạnh,2,0,0,16,16:00:00,8,10,3,0.375,0.4022,15,0,30
2026-07-14,8,VaxCare Hóc Môn - Đông Thạnh,1,0,0,15,15:00:00,8,10,3,0.375,0.3566,26,0,30
2026-07-27,8,VaxCare Hóc Môn - Đông Thạnh,0,0,0,9,09:00:00,7,10,2,0.286,0.3043,7,0,30
2026-05-18,8,VaxCare Hóc Môn - Đông Thạnh,0,0,0,13,13:00:00,8,10,3,0.375,0.4056,14,0,30
2026-05-04,8,VaxCare Hóc Môn - Đông Thạnh,0,0,0,13,13:00:00,9,10,7,0.778,0.6993,24,1,30
2026-05-06,8,VaxCare Hóc Môn - Đông Thạnh,2,0,0,11,11:00:00,8,10,4,0.5,0.3187,20,0,30
2026-05-06,8,VaxCare Hóc Môn - Đông Thạnh,2,0,0,10,10:00:00,8,10,6,0.75,0.7175,32,1,30
2026-05-10,8,VaxCare Hóc Môn - Đông Thạnh,6,1,0,9,09:00:00,8,10,5,0.625,0.4438,11,0,30
2026-05-21,8,VaxCare Hóc Môn - Đông Thạnh,3,0,0,16,16:00:00,7,10,5,0.714,0.503,29,0,30
2026-07-09,8,VaxCare Hóc Môn - Đông Thạnh,3,0,0,14,14:00:00,9,10,8,0.889,0.5602,65,1,30
2026-07-18,8,VaxCare Hóc Môn - Đông Thạnh,5,1,0,14,14:00:00,8,10,2,0.25,0.2863,10,0,30
2026-05-09,8,VaxCare Hóc Môn - Đông Thạnh,5,1,0,10,10:00:00,8,10,6,0.75,0.6791,25,1,30
2026-05-02,8,VaxCare Hóc Môn - Đông Thạnh,5,1,0,11,11:00:00,8,10,1,0.125,0.0339,8,0,30
2026-06-10,8,VaxCare Hóc Môn - Đông Thạnh,2,0,0,15,15:00:00,8,10,2,0.25,0.2344,10,0,30
2026-07-13,8,VaxCare Hóc Môn - Đông Thạnh,0,0,0,10,10:00:00,7,10,5,0.714,0.5408,32,0,30
2026-05-23,8,VaxCare Hóc Môn - Đông Thạnh,5,1,0,10,10:00:00,7,10,3,0.429,0.3853,15,0,30
2026-06-05,8,VaxCare Hóc Môn - Đông Thạnh,4,0,0,15,15:00:00,7,10,3,0.429,0.3764,26,0,30
2026-07-08,8,VaxCare Hóc Môn - Đông Thạnh,2,0,0,11,11:00:00,9,10,6,0.667,0.4216,33,0,30
2026-06-24,8,VaxCare Hóc Môn - Đông Thạnh,2,0,0,10,10:00:00,8,10,7,0.875,0.7549,80,1,30
2026-07-25,8,VaxCare Hóc Môn - Đông Thạnh,5,1,0,13,13:00:00,8,10,2,0.25,0.3782,10,0,30
2026-06-26,8,VaxCare Hóc Môn - Đông Thạnh,4,0,0,11,11:00:00,8,10,5,0.625,0.5604,24,0,30
2026-05-23,8,VaxCare Hóc Môn - Đông Thạnh,5,1,0,9,09:00:00,9,10,5,0.556,0.29,20,0,30
2026-07-04,8,VaxCare Hóc Môn - Đông Thạnh,5,1,0,9,09:00:00,8,10,4,0.5,0.5114,24,0,30
2026-07-21,8,VaxCare Hóc Môn - Đông Thạnh,1,0,1,9,09:00:00,9,10,1,0.111,0.0317,8,0,30
2026-05-11,8,VaxCare Hóc Môn - Đông Thạnh,0,0,0,11,11:00:00,8,10,8,1.0,0.7837,62,1,30
2026-05-28,8,VaxCare Hóc Môn - Đông Thạnh,3,0,0,10,10:00:00,8,10,5,0.625,0.3601,30,0,30
2026-06-30,8,VaxCare Hóc Môn - Đông Thạnh,1,0,0,14,14:00:00,8,10,7,0.875,0.6509,64,1,30
2026-07-03,8,VaxCare Hóc Môn - Đông Thạnh,4,0,0,11,11:00:00,8,10,6,0.75,0.7232,35,1,30
2026-06-28,8,VaxCare Hóc Môn - Đông Thạnh,6,1,0,11,11:00:00,7,10,2,0.286,0.1795,14,0,30
2026-07-17,8,VaxCare Hóc Môn - Đông Thạnh,4,0,0,14,14:00:00,7,10,6,0.857,0.6278,57,1,30
2026-07-19,8,VaxCare Hóc Môn - Đông Thạnh,6,1,0,9,09:00:00,9,10,3,0.333,0.3264,11,0,30
2026-06-22,8,VaxCare Hóc Môn - Đông Thạnh,0,0,0,15,15:00:00,8,10,5,0.625,0.5056,23,0,30
2026-05-10,8,VaxCare Hóc Môn - Đông Thạnh,6,1,0,16,16:00:00,9,10,4,0.444,0.3352,9,0,30
2026-05-03,8,VaxCare Hóc Môn - Đông Thạnh,6,1,0,16,16:00:00,8,10,2,0.25,0.2154,7,0,30
2026-05-02,8,VaxCare Hóc Môn - Đông Thạnh,5,1,0,16,16:00:00,8,10,1,0.125,0.09,8,0,30
2026-06-21,8,VaxCare Hóc Môn - Đông Thạnh,6,1,0,11,11:00:00,8,10,2,0.25,0.2176,9,0,30
2026-06-25,8,VaxCare Hóc Môn - Đông Thạnh,3,0,0,14,14:00:00,8,10,8,1.0,0.7841,82,1,30
2026-06-04,8,VaxCare Hóc Môn - Đông Thạnh,3,0,0,11,11:00:00,8,10,3,0.375,0.3488,20,0,30
2026-05-31,8,VaxCare Hóc Môn - Đông Thạnh,6,1,0,16,16:00:00,7,10,0,0.0,0.01,7,0,30
2026-06-07,8,VaxCare Hóc Môn - Đông Thạnh,6,1,0,8,08:00:00,9,10,0,0.0,0.01,4,0,30
2026-07-06,8,VaxCare Hóc Môn - Đông Thạnh,0,0,0,9,09:00:00,8,10,7,0.875,0.7619,72,1,30
2026-06-30,8,VaxCare Hóc Môn - Đông Thạnh,1,0,0,16,16:00:00,8,10,5,0.625,0.4847,31,0,30
2026-06-03,8,VaxCare Hóc Môn - Đông Thạnh,2,0,0,8,08:00:00,8,10,0,0.0,0.01,15,0,30
2026-06-17,8,VaxCare Hóc Môn - Đông Thạnh,2,0,0,13,13:00:00,8,10,5,0.625,0.3037,11,0,30
2026-06-11,8,VaxCare Hóc Môn - Đông Thạnh,3,0,0,11,11:00:00,8,10,2,0.25,0.3039,3,0,30
2026-06-11,8,VaxCare Hóc Môn - Đông Thạnh,3,0,0,15,15:00:00,8,10,3,0.375,0.3235,17,0,30
2026-06-23,8,VaxCare Hóc Môn - Đông Thạnh,1,0,0,9,09:00:00,8,10,6,0.75,0.7332,44,1,30
2026-05-02,8,VaxCare Hóc Môn - Đông Thạnh,5,1,0,9,09:00:00,8,10,5,0.625,0.4703,24,0,30
2026-06-01,8,VaxCare Hóc Môn - Đông Thạnh,0,0,0,9,09:00:00,7,10,4,0.571,0.5743,13,0,30
2026-05-03,8,VaxCare Hóc Môn - Đông Thạnh,6,1,0,15,15:00:00,8,10,2,0.25,0.1711,5,0,30
2026-05-28,8,VaxCare Hóc Môn - Đông Thạnh,3,0,0,14,14:00:00,7,10,3,0.429,0.4702,27,0,30
2026-07-18,8,VaxCare Hóc Môn - Đông Thạnh,5,1,0,13,13:00:00,9,10,0,0.0,0.01,14,0,30
2026-07-28,8,VaxCare Hóc Môn - Đông Thạnh,1,0,0,8,08:00:00,8,10,2,0.25,0.2688,11,0,30
2026-06-15,8,VaxCare Hóc Môn - Đông Thạnh,0,0,0,10,10:00:00,8,10,1,0.125,0.1207,10,0,30
2026-07-15,8,VaxCare Hóc Môn - Đông Thạnh,2,0,0,9,09:00:00,8,10,8,1.0,0.99,54,1,30
2026-05-26,8,VaxCare Hóc Môn - Đông Thạnh,1,0,0,11,11:00:00,8,10,2,0.25,0.01,6,0,30
2026-06-23,8,VaxCare Hóc Môn - Đông Thạnh,1,0,0,14,14:00:00,8,10,7,0.875,0.8679,81,1,30
2026-05-12,8,VaxCare Hóc Môn - Đông Thạnh,1,0,0,14,14:00:00,7,10,7,1.0,0.9584,45,1,30
2026-07-09,8,VaxCare Hóc Môn - Đông Thạnh,3,0,0,16,16:00:00,8,10,4,0.5,0.503,8,0,30
2026-06-05,8,VaxCare Hóc Môn - Đông Thạnh,4,0,0,13,13:00:00,9,10,3,0.333,0.3652,7,0,30
2026-06-20,8,VaxCare Hóc Môn - Đông Thạnh,5,1,0,14,14:00:00,8,10,3,0.375,0.3414,18,0,30
2026-05-24,8,VaxCare Hóc Môn - Đông Thạnh,6,1,0,8,08:00:00,8,10,2,0.25,0.269,5,0,30
2026-07-12,8,VaxCare Hóc Môn - Đông Thạnh,6,1,0,13,13:00:00,9,10,1,0.111,0.1114,7,0,30
2026-06-09,8,VaxCare Hóc Môn - Đông Thạnh,1,0,0,10,10:00:00,8,10,0,0.0,0.1298,5,0,30
2026-05-20,8,VaxCare Hóc Môn - Đông Thạnh,2,0,0,9,09:00:00,8,10,6,0.75,0.4753,41,1,30
2026-05-10,8,VaxCare Hóc Môn - Đông Thạnh,6,1,0,11,11:00:00,7,10,4,0.571,0.6522,16,0,30
2026-06-15,8,VaxCare Hóc Môn - Đông Thạnh,0,0,0,8,08:00:00,8,10,3,0.375,0.4037,9,0,30
2026-06-04,8,VaxCare Hóc Môn - Đông Thạnh,3,0,0,14,14:00:00,8,10,4,0.5,0.3269,20,0,30
2026-05-09,8,VaxCare Hóc Môn - Đông Thạnh,5,1,0,13,13:00:00,7,10,5,0.714,0.6499,30,0,30
2026-06-21,8,VaxCare Hóc Môn - Đông Thạnh,6,1,0,9,09:00:00,7,10,4,0.571,0.528,6,0,30
2026-05-24,8,VaxCare Hóc Môn - Đông Thạnh,6,1,0,13,13:00:00,8,10,4,0.5,0.46,26,0,30
2026-06-03,8,VaxCare Hóc Môn - Đông Thạnh,2,0,0,16,16:00:00,8,10,2,0.25,0.2533,12,0,30
2026-05-30,8,VaxCare Hóc Môn - Đông Thạnh,5,1,0,13,13:00:00,8,10,3,0.375,0.328,8,0,30
2026-05-12,8,VaxCare Hóc Môn - Đông Thạnh,1,0,0,8,08:00:00,8,10,7,0.875,0.7806,57,1,30
2026-07-16,8,VaxCare Hóc Môn - Đông Thạnh,3,0,0,9,09:00:00,8,10,5,0.625,0.5856,8,0,30
2026-05-15,8,VaxCare Hóc Môn - Đông Thạnh,4,0,0,14,14:00:00,8,10,7,0.875,0.702,74,1,30
2026-05-16,8,VaxCare Hóc Môn - Đông Thạnh,5,1,0,14,14:00:00,8,10,3,0.375,0.2449,30,0,30
2026-07-13,8,VaxCare Hóc Môn - Đông Thạnh,0,0,0,15,15:00:00,8,10,4,0.5,0.4029,28,0,30
2026-06-06,8,VaxCare Hóc Môn - Đông Thạnh,5,1,0,9,09:00:00,8,10,0,0.0,0.0402,3,0,30
2026-05-30,8,VaxCare Hóc Môn - Đông Thạnh,5,1,0,15,15:00:00,8,10,1,0.125,0.2229,3,0,30
2026-05-01,8,VaxCare Hóc Môn - Đông Thạnh,4,0,0,8,08:00:00,8,10,3,0.375,0.3009,25,0,30
2026-07-28,8,VaxCare Hóc Môn - Đông Thạnh,1,0,0,16,16:00:00,7,10,3,0.429,0.3278,22,0,30
2026-06-11,8,VaxCare Hóc Môn - Đông Thạnh,3,0,0,13,13:00:00,7,10,0,0.0,0.01,8,0,30
2026-07-04,8,VaxCare Hóc Môn - Đông Thạnh,5,1,0,13,13:00:00,8,10,2,0.25,0.2023,3,0,30
2026-06-12,9,VaxCare Hiệp Bình,4,0,0,13,13:00:00,11,12,2,0.182,0.1893,4,0,40
2026-06-06,9,VaxCare Hiệp Bình,5,1,0,10,10:00:00,13,12,0,0.0,0.01,5,0,40
2026-05-07,9,VaxCare Hiệp Bình,3,0,0,15,15:00:00,11,12,7,0.636,0.4045,12,0,40
2026-05-25,9,VaxCare Hiệp Bình,0,0,0,15,15:00:00,12,12,5,0.417,0.3978,26,0,40
2026-06-26,9,VaxCare Hiệp Bình,4,0,0,14,14:00:00,12,12,6,0.5,0.4418,27,0,40
2026-05-09,9,VaxCare Hiệp Bình,5,1,0,9,09:00:00,12,12,5,0.417,0.3677,13,0,40
2026-05-08,9,VaxCare Hiệp Bình,4,0,0,16,16:00:00,13,12,9,0.692,0.6141,45,0,40
2026-05-19,9,VaxCare Hiệp Bình,1,0,0,9,09:00:00,12,12,12,1.0,0.786,75,1,40
2026-06-06,9,VaxCare Hiệp Bình,5,1,0,13,13:00:00,12,12,1,0.083,0.1633,3,0,40
2026-06-18,9,VaxCare Hiệp Bình,3,0,0,15,15:00:00,12,12,3,0.25,0.2618,11,0,40
2026-07-28,9,VaxCare Hiệp Bình,1,0,0,10,10:00:00,12,12,5,0.417,0.2801,18,0,40
2026-06-26,9,VaxCare Hiệp Bình,4,0,0,8,08:00:00,12,12,5,0.417,0.2929,24,0,40
2026-05-05,9,VaxCare Hiệp Bình,1,0,0,16,16:00:00,10,12,4,0.4,0.2757,24,0,40
2026-05-13,9,VaxCare Hiệp Bình,2,0,0,14,14:00:00,12,12,11,0.917,0.6304,48,1,40
2026-06-23,9,VaxCare Hiệp Bình,1,0,0,15,15:00:00,12,12,5,0.417,0.4313,23,0,40
2026-06-11,9,VaxCare Hiệp Bình,3,0,0,8,08:00:00,11,12,0,0.0,0.01,10,0,40
2026-05-11,9,VaxCare Hiệp Bình,0,0,0,15,15:00:00,12,12,9,0.75,0.5838,47,1,40
2026-07-18,9,VaxCare Hiệp Bình,5,1,0,11,11:00:00,11,12,2,0.182,0.1464,10,0,40
2026-06-02,9,VaxCare Hiệp Bình,1,0,0,11,11:00:00,12,12,4,0.333,0.3307,3,0,40
2026-05-27,9,VaxCare Hiệp Bình,2,0,0,14,14:00:00,11,12,7,0.636,0.633,25,0,40
2026-06-25,9,VaxCare Hiệp Bình,3,0,0,15,15:00:00,13,12,7,0.538,0.3365,18,0,40
2026-06-15,9,VaxCare Hiệp Bình,0,0,0,16,16:00:00,12,12,5,0.417,0.333,20,0,40
2026-05-05,9,VaxCare Hiệp Bình,1,0,0,9,09:00:00,11,12,6,0.545,0.5059,22,0,40
2026-07-25,9,VaxCare Hiệp Bình,5,1,0,15,15:00:00,12,12,4,0.333,0.2613,6,0,40
2026-06-29,9,VaxCare Hiệp Bình,0,0,0,15,15:00:00,11,12,9,0.818,0.7528,46,1,40
2026-06-10,9,VaxCare Hiệp Bình,2,0,0,11,11:00:00,11,12,1,0.091,0.01,7,0,40
2026-06-01,9,VaxCare Hiệp Bình,0,0,0,15,15:00:00,11,12,4,0.364,0.2202,13,0,40
2026-05-27,9,VaxCare Hiệp Bình,2,0,0,10,10:00:00,11,12,11,1.0,0.8501,66,1,40
2026-05-16,9,VaxCare Hiệp Bình,5,1,0,8,08:00:00,11,12,6,0.545,0.4847,22,0,40
2026-05-17,9,VaxCare Hiệp Bình,6,1,0,14,14:00:00,12,12,8,0.667,0.5555,37,0,40
2026-06-22,9,VaxCare Hiệp Bình,0,0,0,9,09:00:00,12,12,10,0.833,0.6821,43,1,40
2026-06-15,9,VaxCare Hiệp Bình,0,0,0,11,11:00:00,11,12,5,0.455,0.4785,27,0,40
2026-06-12,9,VaxCare Hiệp Bình,4,0,0,8,08:00:00,11,12,6,0.545,0.5417,26,0,40
2026-06-16,9,VaxCare Hiệp Bình,1,0,0,16,16:00:00,11,12,3,0.273,0.2735,11,0,40
2026-07-11,9,VaxCare Hiệp Bình,5,1,0,11,11:00:00,11,12,0,0.0,0.0194,5,0,40
2026-07-19,9,VaxCare Hiệp Bình,6,1,0,13,13:00:00,12,12,5,0.417,0.4551,22,0,40
2026-07-29,9,VaxCare Hiệp Bình,2,0,0,13,13:00:00,12,12,2,0.167,0.1516,10,0,40
2026-07-11,9,VaxCare Hiệp Bình,5,1,0,9,09:00:00,11,12,5,0.455,0.4283,13,0,40
2026-07-12,9,VaxCare Hiệp Bình,6,1,0,16,16:00:00,11,12,2,0.182,0.178,10,0,40
2026-07-01,9,VaxCare Hiệp Bình,2,0,0,14,14:00:00,11,12,8,0.727,0.5903,29,0,40
2026-06-07,9,VaxCare Hiệp Bình,6,1,0,13,13:00:00,12,12,0,0.0,0.0281,6,0,40
2026-05-17,9,VaxCare Hiệp Bình,6,1,0,16,16:00:00,10,12,4,0.4,0.2988,25,0,40
2026-05-07,9,VaxCare Hiệp Bình,3,0,0,9,09:00:00,11,12,11,1.0,0.9071,80,1,40
2026-07-29,9,VaxCare Hiệp Bình,2,0,0,8,08:00:00,12,12,1,0.083,0.1862,3,0,40
2026-06-22,9,VaxCare Hiệp Bình,0,0,0,8,08:00:00,12,12,5,0.417,0.3195,25,0,40
2026-05-10,9,VaxCare Hiệp Bình,6,1,0,8,08:00:00,12,12,6,0.5,0.4781,32,0,40
2026-06-12,9,VaxCare Hiệp Bình,4,0,0,15,15:00:00,12,12,1,0.083,0.1204,13,0,40
2026-07-14,9,VaxCare Hiệp Bình,1,0,0,14,14:00:00,12,12,10,0.833,0.7076,33,1,40
2026-07-21,9,VaxCare Hiệp Bình,1,0,1,11,11:00:00,11,12,0,0.0,0.039,20,0,40
2026-05-10,9,VaxCare Hiệp Bình,6,1,0,14,14:00:00,12,12,4,0.333,0.3446,3,0,40
2026-07-05,9,VaxCare Hiệp Bình,6,1,0,10,10:00:00,13,12,10,0.769,0.7385,51,1,40
2026-07-24,9,VaxCare Hiệp Bình,4,0,0,8,08:00:00,12,12,1,0.083,0.1218,7,0,40
2026-06-24,9,VaxCare Hiệp Bình,2,0,0,14,14:00:00,11,12,10,0.909,0.8579,80,1,40
2026-07-13,9,VaxCare Hiệp Bình,0,0,0,16,16:00:00,11,12,5,0.455,0.4066,31,0,40
2026-05-17,9,VaxCare Hiệp Bình,6,1,0,11,11:00:00,11,12,3,0.273,0.4319,4,0,40
2026-06-14,9,VaxCare Hiệp Bình,6,1,0,8,08:00:00,13,12,2,0.154,0.1027,3,0,40
2026-05-27,9,VaxCare Hiệp Bình,2,0,0,11,11:00:00,12,12,4,0.333,0.1854,3,0,40
2026-05-27,9,VaxCare Hiệp Bình,2,0,0,16,16:00:00,12,12,7,0.583,0.5383,20,0,40
2026-05-11,9,VaxCare Hiệp Bình,0,0,0,13,13:00:00,10,12,6,0.6,0.5231,13,0,40
2026-06-11,9,VaxCare Hiệp Bình,3,0,0,9,09:00:00,11,12,2,0.182,0.1435,6,0,40
2026-07-06,9,VaxCare Hiệp Bình,0,0,0,13,13:00:00,11,12,8,0.727,0.5079,36,0,40
2026-05-02,9,VaxCare Hiệp Bình,5,1,0,10,10:00:00,12,12,5,0.417,0.4152,20,0,40
2026-05-10,9,VaxCare Hiệp Bình,6,1,0,15,15:00:00,11,12,2,0.182,0.0868,6,0,40
2026-06-19,9,VaxCare Hiệp Bình,4,0,0,9,09:00:00,12,12,7,0.583,0.432,26,0,40
2026-06-01,9,VaxCare Hiệp Bình,0,0,0,10,10:00:00,12,12,5,0.417,0.3358,25,0,40
2026-05-13,9,VaxCare Hiệp Bình,2,0,0,9,09:00:00,12,12,12,1.0,0.8594,62,1,40
2026-07-21,9,VaxCare Hiệp Bình,1,0,1,15,15:00:00,12,12,2,0.167,0.01,6,0,40
2026-05-20,9,VaxCare Hiệp Bình,2,0,0,11,11:00:00,12,12,7,0.583,0.5074,30,0,40
2026-07-05,9,VaxCare Hiệp Bình,6,1,0,16,16:00:00,11,12,5,0.455,0.2729,24,0,40
2026-07-14,9,VaxCare Hiệp Bình,1,0,0,13,13:00:00,11,12,3,0.273,0.1374,9,0,40
2026-07-23,9,VaxCare Hiệp Bình,3,0,0,13,13:00:00,11,12,1,0.091,0.1605,15,0,40
2026-06-21,9,VaxCare Hiệp Bình,6,1,0,8,08:00:00,11,12,2,0.182,0.0778,3,0,40
2026-05-11,9,VaxCare Hiệp Bình,0,0,0,9,09:00:00,11,12,11,1.0,0.9661,47,1,40
2026-06-17,9,VaxCare Hiệp Bình,2,0,0,15,15:00:00,12,12,7,0.583,0.4727,19,0,40
2026-05-19,9,VaxCare Hiệp Bình,1,0,0,13,13:00:00,13,12,10,0.769,0.4368,40,1,40
2026-07-07,9,VaxCare Hiệp Bình,1,0,0,8,08:00:00,11,12,7,0.636,0.512,15,0,40
2026-07-12,9,VaxCare Hiệp Bình,6,1,0,14,14:00:00,11,12,6,0.545,0.4341,17,0,40
2026-06-13,9,VaxCare Hiệp Bình,5,1,0,8,08:00:00,11,12,4,0.364,0.2234,24,0,40
2026-07-29,9,VaxCare Hiệp Bình,2,0,0,10,10:00:00,11,12,4,0.364,0.4716,19,0,40
2026-06-01,9,VaxCare Hiệp Bình,0,0,0,8,08:00:00,12,12,0,0.0,0.01,4,0,40
2026-07-06,9,VaxCare Hiệp Bình,0,0,0,14,14:00:00,11,12,11,1.0,0.8877,59,1,40
2026-06-08,9,VaxCare Hiệp Bình,0,0,0,10,10:00:00,11,12,8,0.727,0.6341,25,0,40
2026-05-25,9,VaxCare Hiệp Bình,0,0,0,8,08:00:00,12,12,5,0.417,0.522,19,0,40
2026-06-07,9,VaxCare Hiệp Bình,6,1,0,11,11:00:00,12,12,1,0.083,0.1019,6,0,40
2026-05-04,9,VaxCare Hiệp Bình,0,0,0,16,16:00:00,12,12,3,0.25,0.0595,3,0,40
2026-07-02,9,VaxCare Hiệp Bình,3,0,0,16,16:00:00,11,12,7,0.636,0.5522,23,0,40
2026-07-08,9,VaxCare Hiệp Bình,2,0,0,14,14:00:00,11,12,11,1.0,0.7556,54,1,40
2026-05-29,9,VaxCare Hiệp Bình,4,0,0,16,16:00:00,11,12,1,0.091,0.1068,4,0,40
2026-06-27,9,VaxCare Hiệp Bình,5,1,0,9,09:00:00,10,12,3,0.3,0.2089,9,0,40
2026-07-22,9,VaxCare Hiệp Bình,2,0,0,13,13:00:00,12,12,4,0.333,0.4149,6,0,40
2026-05-30,9,VaxCare Hiệp Bình,5,1,0,10,10:00:00,11,12,3,0.273,0.164,7,0,40
2026-05-07,9,VaxCare Hiệp Bình,3,0,0,16,16:00:00,12,12,6,0.5,0.4883,9,0,40
2026-05-27,9,VaxCare Hiệp Bình,2,0,0,9,09:00:00,12,12,6,0.5,0.3857,13,0,40
2026-06-12,9,VaxCare Hiệp Bình,4,0,0,10,10:00:00,12,12,5,0.417,0.2764,8,0,40
2026-05-22,9,VaxCare Hiệp Bình,4,0,0,15,15:00:00,11,12,7,0.636,0.606,12,0,40
2026-06-13,9,VaxCare Hiệp Bình,5,1,0,15,15:00:00,12,12,3,0.25,0.0412,14,0,40
2026-05-10,9,VaxCare Hiệp Bình,6,1,0,13,13:00:00,12,12,4,0.333,0.3328,3,0,40
2026-05-01,9,VaxCare Hiệp Bình,4,0,0,10,10:00:00,10,12,5,0.5,0.4799,23,0,40
2026-07-08,9,VaxCare Hiệp Bình,2,0,0,13,13:00:00,12,12,9,0.75,0.7756,33,1,40
2026-05-14,9,VaxCare Hiệp Bình,3,0,0,14,14:00:00,11,12,9,0.818,0.5814,35,1,40
2026-06-06,9,VaxCare Hiệp Bình,5,1,0,11,11:00:00,12,12,2,0.167,0.178,8,0,40
2026-07-29,9,VaxCare Hiệp Bình,2,0,0,11,11:00:00,12,12,4,0.333,0.3544,12,0,40
2026-06-08,9,VaxCare Hiệp Bình,0,0,0,16,16:00:00,12,12,6,0.5,0.5281,30,0,40
2026-06-13,9,VaxCare Hiệp Bình,5,1,0,16,16:00:00,12,12,3,0.25,0.1368,12,0,40
2026-05-27,9,VaxCare Hiệp Bình,2,0,0,8,08:00:00,10,12,2,0.2,0.1922,3,0,40
2026-06-14,9,VaxCare Hiệp Bình,6,1,0,14,14:00:00,12,12,5,0.417,0.2871,10,0,40
2026-05-23,9,VaxCare Hiệp Bình,5,1,0,14,14:00:00,11,12,8,0.727,0.6479,34,0,40
2026-05-30,9,VaxCare Hiệp Bình,5,1,0,11,11:00:00,11,12,1,0.091,0.01,8,0,40
2026-05-29,9,VaxCare Hiệp Bình,4,0,0,11,11:00:00,12,12,3,0.25,0.1446,12,0,40
2026-07-22,9,VaxCare Hiệp Bình,2,0,0,9,09:00:00,11,12,6,0.545,0.3551,18,0,40
2026-05-15,9,VaxCare Hiệp Bình,4,0,0,15,15:00:00,10,12,6,0.6,0.4865,19,0,40
2026-06-26,9,VaxCare Hiệp Bình,4,0,0,10,10:00:00,12,12,10,0.833,0.661,42,1,40
2026-07-17,9,VaxCare Hiệp Bình,4,0,0,16,16:00:00,11,12,1,0.091,0.2063,3,0,40
2026-05-12,9,VaxCare Hiệp Bình,1,0,0,10,10:00:00,12,12,9,0.75,0.702,40,1,40
2026-07-04,9,VaxCare Hiệp Bình,5,1,0,10,10:00:00,12,12,8,0.667,0.6002,44,0,40
2026-06-10,9,VaxCare Hiệp Bình,2,0,0,16,16:00:00,12,12,5,0.417,0.3892,18,0,40
2026-06-17,9,VaxCare Hiệp Bình,2,0,0,9,09:00:00,12,12,8,0.667,0.5321,46,0,40
2026-05-08,9,VaxCare Hiệp Bình,4,0,0,13,13:00:00,11,12,9,0.818,0.6921,25,1,40
2026-07-12,9,VaxCare Hiệp Bình,6,1,0,11,11:00:00,12,12,4,0.333,0.1909,3,0,40
2026-05-04,9,VaxCare Hiệp Bình,0,0,0,15,15:00:00,12,12,5,0.417,0.4075,18,0,40
2026-05-09,9,VaxCare Hiệp Bình,5,1,0,14,14:00:00,11,12,9,0.818,0.7509,42,1,40
2026-06-19,9,VaxCare Hiệp Bình,4,0,0,15,15:00:00,12,12,3,0.25,0.3807,3,0,40
2026-07-17,9,VaxCare Hiệp Bình,4,0,0,15,15:00:00,13,12,3,0.231,0.1317,3,0,40
2026-05-06,9,VaxCare Hiệp Bình,2,0,0,13,13:00:00,12,12,4,0.333,0.2626,3,0,40
2026-06-06,9,VaxCare Hiệp Bình,5,1,0,15,15:00:00,11,12,2,0.182,0.1725,9,0,40
2026-05-09,9,VaxCare Hiệp Bình,5,1,0,15,15:00:00,11,12,3,0.273,0.2518,3,0,40
2026-06-18,9,VaxCare Hiệp Bình,3,0,0,13,13:00:00,11,12,3,0.273,0.1781,4,0,40
2026-07-21,9,VaxCare Hiệp Bình,1,0,1,13,13:00:00,11,12,0,0.0,0.01,4,0,40
2026-07-13,9,VaxCare Hiệp Bình,0,0,0,13,13:00:00,11,12,6,0.545,0.4053,12,0,40
2026-06-27,9,VaxCare Hiệp Bình,5,1,0,15,15:00:00,10,12,3,0.3,0.0825,8,0,40
2026-07-24,9,VaxCare Hiệp Bình,4,0,0,9,09:00:00,11,12,3,0.273,0.0301,15,0,40
2026-06-22,9,VaxCare Hiệp Bình,0,0,0,13,13:00:00,11,12,5,0.455,0.5241,14,0,40
2026-05-28,9,VaxCare Hiệp Bình,3,0,0,13,13:00:00,12,12,3,0.25,0.2658,4,0,40
2026-07-09,9,VaxCare Hiệp Bình,3,0,0,8,08:00:00,12,12,8,0.667,0.6252,26,0,40
2026-06-11,9,VaxCare Hiệp Bình,3,0,0,16,16:00:00,11,12,1,0.091,0.01,8,0,40
2026-07-28,9,VaxCare Hiệp Bình,1,0,0,15,15:00:00,11,12,2,0.182,0.1969,14,0,40
2026-05-18,9,VaxCare Hiệp Bình,0,0,0,8,08:00:00,11,12,6,0.545,0.3856,12,0,40
2026-05-01,9,VaxCare Hiệp Bình,4,0,0,15,15:00:00,13,12,9,0.692,0.4265,29,0,40
2026-05-28,9,VaxCare Hiệp Bình,3,0,0,16,16:00:00,12,12,5,0.417,0.3238,24,0,40
2026-05-21,9,VaxCare Hiệp Bình,3,0,0,13,13:00:00,11,12,7,0.636,0.4748,22,0,40
2026-05-21,9,VaxCare Hiệp Bình,3,0,0,14,14:00:00,11,12,11,1.0,0.9342,85,1,40
2026-05-25,9,VaxCare Hiệp Bình,0,0,0,16,16:00:00,12,12,10,0.833,0.6195,39,1,40
2026-05-17,9,VaxCare Hiệp Bình,6,1,0,13,13:00:00,12,12,3,0.25,0.1639,9,0,40
2026-07-02,9,VaxCare Hiệp Bình,3,0,0,14,14:00:00,13,12,13,1.0,0.9102,52,1,40
2026-06-19,9,VaxCare Hiệp Bình,4,0,0,11,11:00:00,12,12,7,0.583,0.514,32,0,40
2026-05-06,9,VaxCare Hiệp Bình,2,0,0,9,09:00:00,12,12,12,1.0,0.9457,77,1,40
2026-05-14,9,VaxCare Hiệp Bình,3,0,0,13,13:00:00,12,12,8,0.667,0.5308,32,0,40
2026-07-20,9,VaxCare Hiệp Bình,0,0,0,13,13:00:00,11,12,4,0.364,0.2924,20,0,40
2026-05-08,9,VaxCare Hiệp Bình,4,0,0,8,08:00:00,11,12,4,0.364,0.2439,20,0,40
2026-05-20,9,VaxCare Hiệp Bình,2,0,0,15,15:00:00,12,12,7,0.583,0.5514,25,0,40
2026-06-28,9,VaxCare Hiệp Bình,6,1,0,8,08:00:00,12,12,2,0.167,0.3067,6,0,40
2026-06-10,9,VaxCare Hiệp Bình,2,0,0,13,13:00:00,11,12,4,0.364,0.564,21,0,40
2026-07-06,9,VaxCare Hiệp Bình,0,0,0,11,11:00:00,12,12,5,0.417,0.29,18,0,40
2026-05-04,9,VaxCare Hiệp Bình,0,0,0,8,08:00:00,13,12,6,0.462,0.3237,24,0,40
2026-07-07,9,VaxCare Hiệp Bình,1,0,0,14,14:00:00,12,12,10,0.833,0.6073,41,1,40
2026-06-02,9,VaxCare Hiệp Bình,1,0,0,13,13:00:00,12,12,3,0.25,0.2468,7,0,40
2026-07-08,9,VaxCare Hiệp Bình,2,0,0,15,15:00:00,12,12,4,0.333,0.3527,7,0,40
2026-06-07,9,VaxCare Hiệp Bình,6,1,0,15,15:00:00,12,12,0,0.0,0.0645,8,0,40
2026-06-23,9,VaxCare Hiệp Bình,1,0,0,16,16:00:00,12,12,2,0.167,0.1966,10,0,40
2026-05-14,9,VaxCare Hiệp Bình,3,0,0,15,15:00:00,11,12,8,0.727,0.6048,38,0,40
2026-05-11,9,VaxCare Hiệp Bình,0,0,0,10,10:00:00,11,12,11,1.0,0.7461,79,1,40
2026-05-07,9,VaxCare Hiệp Bình,3,0,0,11,11:00:00,11,12,6,0.545,0.4118,22,0,40
2026-07-24,9,VaxCare Hiệp Bình,4,0,0,16,16:00:00,12,12,2,0.167,0.1954,5,0,40
2026-07-12,9,VaxCare Hiệp Bình,6,1,0,8,08:00:00,11,12,4,0.364,0.4302,15,0,40
2026-07-13,9,VaxCare Hiệp Bình,0,0,0,14,14:00:00,11,12,6,0.545,0.4182,10,0,40
2026-06-05,9,VaxCare Hiệp Bình,4,0,0,9,09:00:00,10,12,3,0.3,0.2195,3,0,40
2026-06-02,9,VaxCare Hiệp Bình,1,0,0,9,09:00:00,10,12,4,0.4,0.3809,13,0,40
2026-07-19,9,VaxCare Hiệp Bình,6,1,0,16,16:00:00,11,12,3,0.273,0.2269,11,0,40
2026-06-09,9,VaxCare Hiệp Bình,1,0,0,15,15:00:00,11,12,8,0.727,0.7011,29,0,40
2026-05-03,9,VaxCare Hiệp Bình,6,1,0,10,10:00:00,12,12,4,0.333,0.349,9,0,40
2026-05-31,9,VaxCare Hiệp Bình,6,1,0,13,13:00:00,12,12,3,0.25,0.141,9,0,40
2026-06-19,9,VaxCare Hiệp Bình,4,0,0,10,10:00:00,11,12,3,0.273,0.1369,7,0,40
2026-07-15,9,VaxCare Hiệp Bình,2,0,0,11,11:00:00,11,12,2,0.182,0.152,8,0,40
2026-07-02,9,VaxCare Hiệp Bình,3,0,0,11,11:00:00,11,12,6,0.545,0.4611,11,0,40
2026-05-08,9,VaxCare Hiệp Bình,4,0,0,14,14:00:00,11,12,11,1.0,0.8464,69,1,40
2026-05-23,9,VaxCare Hiệp Bình,5,1,0,15,15:00:00,11,12,1,0.091,0.01,3,0,40
2026-07-03,9,VaxCare Hiệp Bình,4,0,0,10,10:00:00,10,12,9,0.9,0.9629,60,1,40
2026-05-04,9,VaxCare Hiệp Bình,0,0,0,14,14:00:00,11,12,7,0.636,0.7178,17,0,40
2026-05-26,9,VaxCare Hiệp Bình,1,0,0,13,13:00:00,12,12,7,0.583,0.5271,19,0,40
2026-07-27,9,VaxCare Hiệp Bình,0,0,0,14,14:00:00,11,12,4,0.364,0.3003,12,0,40
2026-06-03,9,VaxCare Hiệp Bình,2,0,0,9,09:00:00,12,12,7,0.583,0.4546,16,0,40
2026-06-14,9,VaxCare Hiệp Bình,6,1,0,13,13:00:00,12,12,2,0.167,0.0851,16,0,40
2026-06-28,9,VaxCare Hiệp Bình,6,1,0,14,14:00:00,11,12,7,0.636,0.5553,26,0,40
2026-07-23,9,VaxCare Hiệp Bình,3,0,0,11,11:00:00,12,12,4,0.333,0.3365,3,0,40
2026-06-26,9,VaxCare Hiệp Bình,4,0,0,9,09:00:00,12,12,9,0.75,0.6598,46,1,40
2026-06-24,9,VaxCare Hiệp Bình,2,0,0,8,08:00:00,12,12,6,0.5,0.3843,22,0,40
2026-07-17,9,VaxCare Hiệp Bình,4,0,0,11,11:00:00,12,12,6,0.5,0.3882,26,0,40
2026-06-02,9,VaxCare Hiệp Bình,1,0,0,8,08:00:00,12,12,7,0.583,0.4029,26,0,40
2026-06-14,9,VaxCare Hiệp Bình,6,1,0,9,09:00:00,12,12,6,0.5,0.4638,15,0,40
2026-06-24,9,VaxCare Hiệp Bình,2,0,0,16,16:00:00,13,12,6,0.462,0.3626,26,0,40
2026-05-23,9,VaxCare Hiệp Bình,5,1,0,8,08:00:00,11,12,6,0.545,0.4072,11,0,40
2026-05-30,9,VaxCare Hiệp Bình,5,1,0,16,16:00:00,10,12,4,0.4,0.4873,21,0,40
2026-06-23,9,VaxCare Hiệp Bình,1,0,0,10,10:00:00,12,12,8,0.667,0.6037,51,0,40
2026-05-18,9,VaxCare Hiệp Bình,0,0,0,9,09:00:00,12,12,12,1.0,0.8782,71,1,40
2026-05-25,9,VaxCare Hiệp Bình,0,0,0,13,13:00:00,11,12,8,0.727,0.6331,44,0,40
2026-07-24,9,VaxCare Hiệp Bình,4,0,0,10,10:00:00,11,12,6,0.545,0.3752,20,0,40
2026-05-21,9,VaxCare Hiệp Bình,3,0,0,11,11:00:00,12,12,8,0.667,0.6195,34,0,40
2026-06-14,9,VaxCare Hiệp Bình,6,1,0,11,11:00:00,12,12,0,0.0,0.0352,18,0,40
2026-07-18,9,VaxCare Hiệp Bình,5,1,0,16,16:00:00,11,12,4,0.364,0.3856,17,0,40
2026-06-28,9,VaxCare Hiệp Bình,6,1,0,15,15:00:00,13,12,6,0.462,0.3104,22,0,40
2026-07-12,9,VaxCare Hiệp Bình,6,1,0,10,10:00:00,10,12,5,0.5,0.4116,20,0,40
2026-06-28,9,VaxCare Hiệp Bình,6,1,0,13,13:00:00,12,12,9,0.75,0.7049,39,1,40
2026-06-09,9,VaxCare Hiệp Bình,1,0,0,16,16:00:00,11,12,0,0.0,0.0345,7,0,40
2026-07-06,9,VaxCare Hiệp Bình,0,0,0,15,15:00:00,12,12,7,0.583,0.4516,21,0,40
2026-05-14,9,VaxCare Hiệp Bình,3,0,0,8,08:00:00,11,12,8,0.727,0.6011,27,0,40
2026-05-15,9,VaxCare Hiệp Bình,4,0,0,10,10:00:00,11,12,10,0.909,0.777,62,1,40
2026-07-24,9,VaxCare Hiệp Bình,4,0,0,11,11:00:00,11,12,2,0.182,0.2143,14,0,40
2026-05-27,9,VaxCare Hiệp Bình,2,0,0,13,13:00:00,12,12,6,0.5,0.4169,19,0,40
2026-07-20,9,VaxCare Hiệp Bình,0,0,0,14,14:00:00,10,12,2,0.2,0.1818,7,0,40
2026-06-17,9,VaxCare Hiệp Bình,2,0,0,14,14:00:00,12,12,6,0.5,0.4737,14,0,40
2026-05-12,9,VaxCare Hiệp Bình,1,0,0,13,13:00:00,11,12,8,0.727,0.7519,43,0,40
2026-05-01,9,VaxCare Hiệp Bình,4,0,0,16,16:00:00,12,12,6,0.5,0.2658,6,0,40
2026-05-12,9,VaxCare Hiệp Bình,1,0,0,9,09:00:00,10,12,10,1.0,0.9297,57,1,40
2026-07-08,9,VaxCare Hiệp Bình,2,0,0,9,09:00:00,11,12,7,0.636,0.4394,23,0,40
2026-07-26,9,VaxCare Hiệp Bình,6,1,0,8,08:00:00,12,12,0,0.0,0.01,6,0,40
2026-07-07,9,VaxCare Hiệp Bình,1,0,0,10,10:00:00,10,12,10,1.0,0.8689,83,1,40
2026-07-08,9,VaxCare Hiệp Bình,2,0,0,16,16:00:00,11,12,7,0.636,0.6462,30,0,40
2026-07-14,9,VaxCare Hiệp Bình,1,0,0,15,15:00:00,11,12,5,0.455,0.4017,21,0,40
2026-07-27,9,VaxCare Hiệp Bình,0,0,0,9,09:00:00,11,12,5,0.455,0.3859,16,0,40
2026-05-18,9,VaxCare Hiệp Bình,0,0,0,13,13:00:00,12,12,9,0.75,0.7002,34,1,40
2026-05-04,9,VaxCare Hiệp Bình,0,0,0,13,13:00:00,12,12,6,0.5,0.3812,13,0,40
2026-05-06,9,VaxCare Hiệp Bình,2,0,0,11,11:00:00,12,12,6,0.5,0.4585,24,0,40
2026-05-06,9,VaxCare Hiệp Bình,2,0,0,10,10:00:00,11,12,10,0.909,0.924,81,1,40
2026-05-10,9,VaxCare Hiệp Bình,6,1,0,9,09:00:00,11,12,5,0.455,0.5861,14,0,40
2026-05-21,9,VaxCare Hiệp Bình,3,0,0,16,16:00:00,13,12,11,0.846,0.6277,46,1,40
2026-07-09,9,VaxCare Hiệp Bình,3,0,0,14,14:00:00,11,12,11,1.0,0.8168,64,1,40
2026-07-18,9,VaxCare Hiệp Bình,5,1,0,14,14:00:00,11,12,5,0.455,0.3506,15,0,40
2026-05-09,9,VaxCare Hiệp Bình,5,1,0,10,10:00:00,12,12,9,0.75,0.5896,38,1,40
2026-05-02,9,VaxCare Hiệp Bình,5,1,0,11,11:00:00,10,12,4,0.4,0.3063,15,0,40
2026-06-10,9,VaxCare Hiệp Bình,2,0,0,15,15:00:00,11,12,1,0.091,0.0816,6,0,40
2026-07-13,9,VaxCare Hiệp Bình,0,0,0,10,10:00:00,10,12,8,0.8,0.5702,42,1,40
2026-05-23,9,VaxCare Hiệp Bình,5,1,0,10,10:00:00,10,12,4,0.4,0.372,23,0,40
2026-06-05,9,VaxCare Hiệp Bình,4,0,0,15,15:00:00,13,12,4,0.308,0.2788,8,0,40
2026-07-08,9,VaxCare Hiệp Bình,2,0,0,11,11:00:00,11,12,8,0.727,0.6613,40,0,40
2026-06-24,9,VaxCare Hiệp Bình,2,0,0,10,10:00:00,11,12,6,0.545,0.4404,16,0,40
2026-07-25,9,VaxCare Hiệp Bình,5,1,0,13,13:00:00,11,12,3,0.273,0.3962,4,0,40
2026-06-26,9,VaxCare Hiệp Bình,4,0,0,11,11:00:00,10,12,4,0.4,0.3181,24,0,40
2026-05-23,9,VaxCare Hiệp Bình,5,1,0,9,09:00:00,12,12,4,0.333,0.2956,10,0,40
2026-07-04,9,VaxCare Hiệp Bình,5,1,0,9,09:00:00,12,12,6,0.5,0.632,12,0,40
2026-07-21,9,VaxCare Hiệp Bình,1,0,1,9,09:00:00,11,12,0,0.0,0.146,3,0,40
2026-05-11,9,VaxCare Hiệp Bình,0,0,0,11,11:00:00,11,12,7,0.636,0.7362,17,0,40
2026-05-28,9,VaxCare Hiệp Bình,3,0,0,10,10:00:00,12,12,8,0.667,0.6632,32,0,40
2026-06-30,9,VaxCare Hiệp Bình,1,0,0,14,14:00:00,12,12,12,1.0,0.7932,41,1,40
2026-07-03,9,VaxCare Hiệp Bình,4,0,0,11,11:00:00,10,12,10,1.0,0.9084,74,1,40
2026-06-28,9,VaxCare Hiệp Bình,6,1,0,11,11:00:00,12,12,4,0.333,0.1768,3,0,40
2026-07-17,9,VaxCare Hiệp Bình,4,0,0,14,14:00:00,12,12,8,0.667,0.5056,42,0,40
2026-07-19,9,VaxCare Hiệp Bình,6,1,0,9,09:00:00,12,12,4,0.333,0.2451,7,0,40
2026-06-22,9,VaxCare Hiệp Bình,0,0,0,15,15:00:00,11,12,4,0.364,0.2921,13,0,40
2026-05-10,9,VaxCare Hiệp Bình,6,1,0,16,16:00:00,11,12,6,0.545,0.5991,14,0,40
2026-05-03,9,VaxCare Hiệp Bình,6,1,0,16,16:00:00,12,12,4,0.333,0.2128,3,0,40
2026-05-02,9,VaxCare Hiệp Bình,5,1,0,16,16:00:00,11,12,6,0.545,0.4461,13,0,40
2026-06-21,9,VaxCare Hiệp Bình,6,1,0,11,11:00:00,13,12,5,0.385,0.2435,22,0,40
2026-06-25,9,VaxCare Hiệp Bình,3,0,0,14,14:00:00,11,12,6,0.545,0.4548,12,0,40
2026-06-04,9,VaxCare Hiệp Bình,3,0,0,11,11:00:00,12,12,4,0.333,0.2664,4,0,40
2026-05-31,9,VaxCare Hiệp Bình,6,1,0,16,16:00:00,12,12,4,0.333,0.2713,3,0,40
2026-06-07,9,VaxCare Hiệp Bình,6,1,0,8,08:00:00,12,12,3,0.25,0.1697,3,0,40
2026-07-06,9,VaxCare Hiệp Bình,0,0,0,9,09:00:00,12,12,10,0.833,0.8208,38,1,40
2026-06-30,9,VaxCare Hiệp Bình,1,0,0,16,16:00:00,11,12,8,0.727,0.6425,27,0,40
2026-06-03,9,VaxCare Hiệp Bình,2,0,0,8,08:00:00,12,12,4,0.333,0.383,8,0,40
2026-06-17,9,VaxCare Hiệp Bình,2,0,0,13,13:00:00,11,12,3,0.273,0.2908,9,0,40
2026-06-11,9,VaxCare Hiệp Bình,3,0,0,11,11:00:00,12,12,2,0.167,0.3209,5,0,40
2026-06-11,9,VaxCare Hiệp Bình,3,0,0,15,15:00:00,12,12,2,0.167,0.0143,8,0,40
2026-06-23,9,VaxCare Hiệp Bình,1,0,0,9,09:00:00,13,12,13,1.0,0.9509,64,1,40
2026-05-02,9,VaxCare Hiệp Bình,5,1,0,9,09:00:00,12,12,2,0.167,0.2681,5,0,40
2026-06-01,9,VaxCare Hiệp Bình,0,0,0,9,09:00:00,11,12,7,0.636,0.3833,24,0,40
2026-05-03,9,VaxCare Hiệp Bình,6,1,0,15,15:00:00,12,12,2,0.167,0.157,5,0,40
2026-05-28,9,VaxCare Hiệp Bình,3,0,0,14,14:00:00,11,12,10,0.909,0.7115,66,1,40
2026-07-18,9,VaxCare Hiệp Bình,5,1,0,13,13:00:00,12,12,4,0.333,0.2688,3,0,40
2026-07-28,9,VaxCare Hiệp Bình,1,0,0,8,08:00:00,10,12,2,0.2,0.2321,7,0,40
2026-06-15,9,VaxCare Hiệp Bình,0,0,0,10,10:00:00,11,12,7,0.636,0.4195,15,0,40
2026-07-15,9,VaxCare Hiệp Bình,2,0,0,9,09:00:00,13,12,8,0.615,0.5737,21,0,40
2026-05-26,9,VaxCare Hiệp Bình,1,0,0,11,11:00:00,13,12,10,0.769,0.5938,28,1,40
2026-06-23,9,VaxCare Hiệp Bình,1,0,0,14,14:00:00,11,12,8,0.727,0.7219,49,0,40
2026-05-12,9,VaxCare Hiệp Bình,1,0,0,14,14:00:00,11,12,11,1.0,0.8343,76,1,40
2026-07-09,9,VaxCare Hiệp Bình,3,0,0,16,16:00:00,11,12,7,0.636,0.492,15,0,40
2026-06-05,9,VaxCare Hiệp Bình,4,0,0,13,13:00:00,13,12,6,0.462,0.351,20,0,40
2026-06-20,9,VaxCare Hiệp Bình,5,1,0,14,14:00:00,11,12,3,0.273,0.2853,8,0,40
2026-05-24,9,VaxCare Hiệp Bình,6,1,0,8,08:00:00,12,12,1,0.083,0.2731,3,0,40
2026-07-12,9,VaxCare Hiệp Bình,6,1,0,13,13:00:00,12,12,6,0.5,0.4223,18,0,40
2026-06-09,9,VaxCare Hiệp Bình,1,0,0,10,10:00:00,11,12,5,0.455,0.3792,22,0,40
2026-05-20,9,VaxCare Hiệp Bình,2,0,0,9,09:00:00,12,12,10,0.833,0.582,41,1,40
2026-05-10,9,VaxCare Hiệp Bình,6,1,0,11,11:00:00,11,12,5,0.455,0.3588,18,0,40
2026-06-15,9,VaxCare Hiệp Bình,0,0,0,8,08:00:00,11,12,4,0.364,0.3934,20,0,40
2026-06-04,9,VaxCare Hiệp Bình,3,0,0,14,14:00:00,12,12,5,0.417,0.3641,32,0,40
2026-05-09,9,VaxCare Hiệp Bình,5,1,0,13,13:00:00,12,12,7,0.583,0.3291,15,0,40
2026-06-21,9,VaxCare Hiệp Bình,6,1,0,9,09:00:00,12,12,6,0.5,0.4838,17,0,40
2026-05-24,9,VaxCare Hiệp Bình,6,1,0,13,13:00:00,12,12,6,0.5,0.5322,24,0,40
2026-06-03,9,VaxCare Hiệp Bình,2,0,0,16,16:00:00,11,12,2,0.182,0.1074,10,0,40
2026-05-30,9,VaxCare Hiệp Bình,5,1,0,13,13:00:00,11,12,3,0.273,0.1963,12,0,40
2026-05-12,9,VaxCare Hiệp Bình,1,0,0,8,08:00:00,11,12,8,0.727,0.5407,28,0,40
2026-07-16,9,VaxCare Hiệp Bình,3,0,0,9,09:00:00,10,12,5,0.5,0.2649,17,0,40
2026-05-15,9,VaxCare Hiệp Bình,4,0,0,14,14:00:00,11,12,11,1.0,0.7971,47,1,40
2026-05-16,9,VaxCare Hiệp Bình,5,1,0,14,14:00:00,12,12,8,0.667,0.5677,46,0,40
2026-07-13,9,VaxCare Hiệp Bình,0,0,0,15,15:00:00,11,12,6,0.545,0.4532,18,0,40
2026-06-06,9,VaxCare Hiệp Bình,5,1,0,9,09:00:00,11,12,3,0.273,0.311,3,0,40
2026-05-30,9,VaxCare Hiệp Bình,5,1,0,15,15:00:00,12,12,4,0.333,0.3714,3,0,40
2026-05-01,9,VaxCare Hiệp Bình,4,0,0,8,08:00:00,12,12,4,0.333,0.1911,5,0,40
2026-07-28,9,VaxCare Hiệp Bình,1,0,0,16,16:00:00,11,12,2,0.182,0.1441,8,0,40
2026-06-11,9,VaxCare Hiệp Bình,3,0,0,13,13:00:00,12,12,1,0.083,0.2554,9,0,40
2026-07-04,9,VaxCare Hiệp Bình,5,1,0,13,13:00:00,12,12,4,0.333,0.3015,6,0,40
2026-06-12,10,VaxCare Tân Định,4,0,0,13,13:00:00,18,15,1,0.056,0.0336,3,0,50
2026-06-06,10,VaxCare Tân Định,5,1,0,10,10:00:00,18,15,11,0.611,0.5151,28,0,50
2026-05-07,10,VaxCare Tân Định,3,0,0,15,15:00:00,18,15,10,0.556,0.3598,21,0,50
2026-05-25,10,VaxCare Tân Định,0,0,0,15,15:00:00,18,15,10,0.556,0.3472,12,0,50
2026-06-26,10,VaxCare Tân Định,4,0,0,14,14:00:00,20,15,15,0.75,0.9076,52,1,50
2026-05-09,10,VaxCare Tân Định,5,1,0,9,09:00:00,20,15,12,0.6,0.3958,13,0,50
2026-05-08,10,VaxCare Tân Định,4,0,0,16,16:00:00,18,15,12,0.667,0.5673,27,0,50
2026-05-19,10,VaxCare Tân Định,1,0,0,9,09:00:00,19,15,19,1.0,0.9766,63,1,50
2026-06-06,10,VaxCare Tân Định,5,1,0,13,13:00:00,17,15,5,0.294,0.4707,3,0,50
2026-06-18,10,VaxCare Tân Định,3,0,0,15,15:00:00,20,15,6,0.3,0.2574,5,0,50
2026-07-28,10,VaxCare Tân Định,1,0,0,10,10:00:00,18,15,4,0.222,0.2576,3,0,50
2026-06-26,10,VaxCare Tân Định,4,0,0,8,08:00:00,20,15,11,0.55,0.3987,16,0,50
2026-05-05,10,VaxCare Tân Định,1,0,0,16,16:00:00,19,15,16,0.842,0.8077,49,1,50
2026-05-13,10,VaxCare Tân Định,2,0,0,14,14:00:00,18,15,16,0.889,0.9313,71,1,50
2026-06-23,10,VaxCare Tân Định,1,0,0,15,15:00:00,18,15,10,0.556,0.4624,29,0,50
2026-06-11,10,VaxCare Tân Định,3,0,0,8,08:00:00,18,15,0,0.0,0.0725,12,0,50
2026-05-11,10,VaxCare Tân Định,0,0,0,15,15:00:00,17,15,14,0.824,0.6443,51,1,50
2026-07-18,10,VaxCare Tân Định,5,1,0,11,11:00:00,20,15,4,0.2,0.0458,11,0,50
2026-06-02,10,VaxCare Tân Định,1,0,0,11,11:00:00,18,15,0,0.0,0.0488,7,0,50
2026-05-27,10,VaxCare Tân Định,2,0,0,14,14:00:00,18,15,9,0.5,0.269,24,0,50
2026-06-25,10,VaxCare Tân Định,3,0,0,15,15:00:00,19,15,11,0.579,0.2492,8,0,50
2026-06-15,10,VaxCare Tân Định,0,0,0,16,16:00:00,19,15,0,0.0,0.0257,10,0,50
2026-05-05,10,VaxCare Tân Định,1,0,0,9,09:00:00,17,15,13,0.765,0.5595,35,1,50
2026-07-25,10,VaxCare Tân Định,5,1,0,15,15:00:00,17,15,2,0.118,0.1378,10,0,50
2026-06-29,10,VaxCare Tân Định,0,0,0,15,15:00:00,19,15,7,0.368,0.3203,15,0,50
2026-06-10,10,VaxCare Tân Định,2,0,0,11,11:00:00,17,15,10,0.588,0.4329,20,0,50
2026-06-01,10,VaxCare Tân Định,0,0,0,15,15:00:00,19,15,9,0.474,0.4833,20,0,50
2026-05-27,10,VaxCare Tân Định,2,0,0,10,10:00:00,17,15,9,0.529,0.5086,19,0,50
2026-05-16,10,VaxCare Tân Định,5,1,0,8,08:00:00,18,15,9,0.5,0.5285,25,0,50
2026-05-17,10,VaxCare Tân Định,6,1,0,14,14:00:00,18,15,10,0.556,0.4654,13,0,50
2026-06-22,10,VaxCare Tân Định,0,0,0,9,09:00:00,18,15,15,0.833,0.7003,43,1,50
2026-06-15,10,VaxCare Tân Định,0,0,0,11,11:00:00,20,15,10,0.5,0.4103,12,0,50
2026-06-12,10,VaxCare Tân Định,4,0,0,8,08:00:00,19,15,10,0.526,0.5029,14,0,50
2026-06-16,10,VaxCare Tân Định,1,0,0,16,16:00:00,18,15,9,0.5,0.4786,25,0,50
2026-07-11,10,VaxCare Tân Định,5,1,0,11,11:00:00,18,15,4,0.222,0.3392,8,0,50
2026-07-19,10,VaxCare Tân Định,6,1,0,13,13:00:00,19,15,5,0.263,0.3708,9,0,50
2026-07-29,10,VaxCare Tân Định,2,0,0,13,13:00:00,19,15,6,0.316,0.1507,13,0,50
2026-07-11,10,VaxCare Tân Định,5,1,0,9,09:00:00,17,15,9,0.529,0.3259,28,0,50
2026-07-12,10,VaxCare Tân Định,6,1,0,16,16:00:00,19,15,2,0.105,0.1314,3,0,50
2026-07-01,10,VaxCare Tân Định,2,0,0,14,14:00:00,18,15,15,0.833,0.5525,35,1,50
2026-06-07,10,VaxCare Tân Định,6,1,0,13,13:00:00,19,15,2,0.105,0.0616,7,0,50
2026-05-17,10,VaxCare Tân Định,6,1,0,16,16:00:00,19,15,8,0.421,0.3599,20,0,50
2026-05-07,10,VaxCare Tân Định,3,0,0,9,09:00:00,17,15,17,1.0,0.8348,40,1,50
2026-07-29,10,VaxCare Tân Định,2,0,0,8,08:00:00,18,15,4,0.222,0.1906,4,0,50
2026-06-22,10,VaxCare Tân Định,0,0,0,8,08:00:00,17,15,14,0.824,0.692,28,1,50
2026-05-10,10,VaxCare Tân Định,6,1,0,8,08:00:00,20,15,12,0.6,0.5161,28,0,50
2026-06-12,10,VaxCare Tân Định,4,0,0,15,15:00:00,19,15,4,0.211,0.2121,9,0,50
2026-07-14,10,VaxCare Tân Định,1,0,0,14,14:00:00,19,15,13,0.684,0.656,37,0,50
2026-07-21,10,VaxCare Tân Định,1,0,1,11,11:00:00,19,15,0,0.0,0.1111,9,0,50
2026-05-10,10,VaxCare Tân Định,6,1,0,14,14:00:00,20,15,12,0.6,0.4513,18,0,50
2026-07-05,10,VaxCare Tân Định,6,1,0,10,10:00:00,19,15,11,0.579,0.5125,23,0,50
2026-07-24,10,VaxCare Tân Định,4,0,0,8,08:00:00,19,15,4,0.211,0.1386,3,0,50
2026-06-24,10,VaxCare Tân Định,2,0,0,14,14:00:00,17,15,16,0.941,0.8178,47,1,50
2026-07-13,10,VaxCare Tân Định,0,0,0,16,16:00:00,18,15,7,0.389,0.2978,17,0,50
2026-05-17,10,VaxCare Tân Định,6,1,0,11,11:00:00,17,15,9,0.529,0.2648,8,0,50
2026-06-14,10,VaxCare Tân Định,6,1,0,8,08:00:00,19,15,7,0.368,0.3467,17,0,50
2026-05-27,10,VaxCare Tân Định,2,0,0,11,11:00:00,19,15,12,0.632,0.4756,16,0,50
2026-05-27,10,VaxCare Tân Định,2,0,0,16,16:00:00,18,15,8,0.444,0.3679,8,0,50
2026-05-11,10,VaxCare Tân Định,0,0,0,13,13:00:00,18,15,9,0.5,0.3005,15,0,50
2026-06-11,10,VaxCare Tân Định,3,0,0,9,09:00:00,18,15,8,0.444,0.3787,6,0,50
2026-07-06,10,VaxCare Tân Định,0,0,0,13,13:00:00,18,15,12,0.667,0.6577,28,0,50
2026-05-02,10,VaxCare Tân Định,5,1,0,10,10:00:00,18,15,5,0.278,0.2351,8,0,50
2026-05-10,10,VaxCare Tân Định,6,1,0,15,15:00:00,20,15,9,0.45,0.4524,19,0,50
2026-06-19,10,VaxCare Tân Định,4,0,0,9,09:00:00,18,15,12,0.667,0.6239,43,0,50
2026-06-01,10,VaxCare Tân Định,0,0,0,10,10:00:00,18,15,12,0.667,0.5892,27,0,50
2026-05-13,10,VaxCare Tân Định,2,0,0,9,09:00:00,18,15,17,0.944,0.8035,45,1,50
2026-07-21,10,VaxCare Tân Định,1,0,1,15,15:00:00,19,15,0,0.0,0.01,12,0,50
2026-05-20,10,VaxCare Tân Định,2,0,0,11,11:00:00,18,15,11,0.611,0.4899,21,0,50
2026-07-05,10,VaxCare Tân Định,6,1,0,16,16:00:00,17,15,6,0.353,0.3755,20,0,50
2026-07-14,10,VaxCare Tân Định,1,0,0,13,13:00:00,20,15,16,0.8,0.8046,30,1,50
2026-07-23,10,VaxCare Tân Định,3,0,0,13,13:00:00,17,15,2,0.118,0.01,13,0,50
2026-06-21,10,VaxCare Tân Định,6,1,0,8,08:00:00,16,15,6,0.375,0.3119,27,0,50
2026-05-11,10,VaxCare Tân Định,0,0,0,9,09:00:00,19,15,19,1.0,0.7318,68,1,50
2026-06-17,10,VaxCare Tân Định,2,0,0,15,15:00:00,20,15,10,0.5,0.4516,12,0,50
2026-05-19,10,VaxCare Tân Định,1,0,0,13,13:00:00,20,15,8,0.4,0.4396,23,0,50
2026-07-07,10,VaxCare Tân Định,1,0,0,8,08:00:00,17,15,14,0.824,0.737,33,1,50
2026-07-12,10,VaxCare Tân Định,6,1,0,14,14:00:00,18,15,7,0.389,0.1914,22,0,50
2026-06-13,10,VaxCare Tân Định,5,1,0,8,08:00:00,19,15,9,0.474,0.332,17,0,50
2026-07-29,10,VaxCare Tân Định,2,0,0,10,10:00:00,19,15,7,0.368,0.309,16,0,50
2026-06-01,10,VaxCare Tân Định,0,0,0,8,08:00:00,20,15,4,0.2,0.1933,3,0,50
2026-07-06,10,VaxCare Tân Định,0,0,0,14,14:00:00,17,15,17,1.0,0.9737,60,1,50
2026-06-08,10,VaxCare Tân Định,0,0,0,10,10:00:00,17,15,8,0.471,0.4986,6,0,50
2026-05-25,10,VaxCare Tân Định,0,0,0,8,08:00:00,19,15,13,0.684,0.6815,27,0,50
2026-06-07,10,VaxCare Tân Định,6,1,0,11,11:00:00,18,15,6,0.333,0.3195,3,0,50
2026-05-04,10,VaxCare Tân Định,0,0,0,16,16:00:00,19,15,6,0.316,0.4241,11,0,50
2026-07-02,10,VaxCare Tân Định,3,0,0,16,16:00:00,16,15,9,0.562,0.4244,25,0,50
2026-07-08,10,VaxCare Tân Định,2,0,0,14,14:00:00,18,15,17,0.944,0.8709,65,1,50
2026-05-29,10,VaxCare Tân Định,4,0,0,16,16:00:00,18,15,8,0.444,0.2629,15,0,50
2026-06-27,10,VaxCare Tân Định,5,1,0,9,09:00:00,17,15,10,0.588,0.5787,17,0,50
2026-07-22,10,VaxCare Tân Định,2,0,0,13,13:00:00,20,15,7,0.35,0.4306,6,0,50
2026-05-30,10,VaxCare Tân Định,5,1,0,10,10:00:00,19,15,8,0.421,0.3675,18,0,50
2026-05-07,10,VaxCare Tân Định,3,0,0,16,16:00:00,20,15,10,0.5,0.4409,3,0,50
2026-05-27,10,VaxCare Tân Định,2,0,0,9,09:00:00,17,15,9,0.529,0.5061,16,0,50
2026-06-12,10,VaxCare Tân Định,4,0,0,10,10:00:00,18,15,7,0.389,0.472,25,0,50
2026-05-22,10,VaxCare Tân Định,4,0,0,15,15:00:00,19,15,12,0.632,0.6378,10,0,50
2026-06-13,10,VaxCare Tân Định,5,1,0,15,15:00:00,17,15,0,0.0,0.01,5,0,50
2026-05-10,10,VaxCare Tân Định,6,1,0,13,13:00:00,19,15,5,0.263,0.2538,9,0,50
2026-05-01,10,VaxCare Tân Định,4,0,0,10,10:00:00,18,15,13,0.722,0.5509,33,0,50
2026-07-08,10,VaxCare Tân Định,2,0,0,13,13:00:00,20,15,14,0.7,0.7508,45,0,50
2026-05-14,10,VaxCare Tân Định,3,0,0,14,14:00:00,18,15,15,0.833,0.7695,33,1,50
2026-06-06,10,VaxCare Tân Định,5,1,0,11,11:00:00,18,15,2,0.111,0.01,3,0,50
2026-07-29,10,VaxCare Tân Định,2,0,0,11,11:00:00,18,15,10,0.556,0.2954,23,0,50
2026-06-08,10,VaxCare Tân Định,0,0,0,16,16:00:00,16,15,4,0.25,0.1901,4,0,50
2026-06-13,10,VaxCare Tân Định,5,1,0,16,16:00:00,19,15,3,0.158,0.3196,5,0,50
2026-05-27,10,VaxCare Tân Định,2,0,0,8,08:00:00,20,15,6,0.3,0.1582,3,0,50
2026-06-14,10,VaxCare Tân Định,6,1,0,14,14:00:00,18,15,9,0.5,0.3246,19,0,50
2026-05-23,10,VaxCare Tân Định,5,1,0,14,14:00:00,19,15,8,0.421,0.3159,11,0,50
2026-05-30,10,VaxCare Tân Định,5,1,0,11,11:00:00,20,15,2,0.1,0.2458,11,0,50
2026-05-29,10,VaxCare Tân Định,4,0,0,11,11:00:00,19,15,9,0.474,0.4319,10,0,50
2026-07-22,10,VaxCare Tân Định,2,0,0,9,09:00:00,18,15,6,0.333,0.2162,3,0,50
2026-05-15,10,VaxCare Tân Định,4,0,0,15,15:00:00,17,15,12,0.706,0.5942,42,0,50
2026-06-26,10,VaxCare Tân Định,4,0,0,10,10:00:00,19,15,12,0.632,0.5258,23,0,50
2026-07-17,10,VaxCare Tân Định,4,0,0,16,16:00:00,19,15,9,0.474,0.2772,22,0,50
2026-05-12,10,VaxCare Tân Định,1,0,0,10,10:00:00,18,15,16,0.889,0.7683,79,1,50
2026-07-04,10,VaxCare Tân Định,5,1,0,10,10:00:00,19,15,12,0.632,0.5336,15,0,50
2026-06-10,10,VaxCare Tân Định,2,0,0,16,16:00:00,17,15,6,0.353,0.3083,30,0,50
2026-06-17,10,VaxCare Tân Định,2,0,0,9,09:00:00,19,15,10,0.526,0.5614,17,0,50
2026-05-08,10,VaxCare Tân Định,4,0,0,13,13:00:00,18,15,10,0.556,0.4575,11,0,50
2026-07-12,10,VaxCare Tân Định,6,1,0,11,11:00:00,18,15,7,0.389,0.3912,29,0,50
2026-05-04,10,VaxCare Tân Định,0,0,0,15,15:00:00,18,15,11,0.611,0.4997,20,0,50
2026-05-09,10,VaxCare Tân Định,5,1,0,14,14:00:00,20,15,11,0.55,0.6037,18,0,50
2026-06-19,10,VaxCare Tân Định,4,0,0,15,15:00:00,20,15,4,0.2,0.1043,4,0,50
2026-07-17,10,VaxCare Tân Định,4,0,0,15,15:00:00,19,15,0,0.0,0.01,17,0,50
2026-05-06,10,VaxCare Tân Định,2,0,0,13,13:00:00,18,15,13,0.722,0.6908,25,0,50
2026-06-06,10,VaxCare Tân Định,5,1,0,15,15:00:00,20,15,5,0.25,0.1642,14,0,50
2026-05-09,10,VaxCare Tân Định,5,1,0,15,15:00:00,20,15,4,0.2,0.1965,9,0,50
2026-06-18,10,VaxCare Tân Định,3,0,0,13,13:00:00,20,15,1,0.05,0.01,6,0,50
2026-07-21,10,VaxCare Tân Định,1,0,1,13,13:00:00,19,15,0,0.0,0.01,3,0,50
2026-07-13,10,VaxCare Tân Định,0,0,0,13,13:00:00,17,15,13,0.765,0.6985,45,1,50
2026-06-27,10,VaxCare Tân Định,5,1,0,15,15:00:00,19,15,7,0.368,0.301,16,0,50
2026-07-24,10,VaxCare Tân Định,4,0,0,9,09:00:00,19,15,7,0.368,0.2937,9,0,50
2026-06-22,10,VaxCare Tân Định,0,0,0,13,13:00:00,17,15,4,0.235,0.1869,3,0,50
2026-05-28,10,VaxCare Tân Định,3,0,0,13,13:00:00,18,15,5,0.278,0.2643,3,0,50
2026-07-09,10,VaxCare Tân Định,3,0,0,8,08:00:00,18,15,11,0.611,0.4873,24,0,50
2026-06-11,10,VaxCare Tân Định,3,0,0,16,16:00:00,20,15,7,0.35,0.131,7,0,50
2026-07-28,10,VaxCare Tân Định,1,0,0,15,15:00:00,20,15,6,0.3,0.3666,7,0,50
2026-05-18,10,VaxCare Tân Định,0,0,0,8,08:00:00,18,15,12,0.667,0.6027,33,0,50
2026-05-01,10,VaxCare Tân Định,4,0,0,15,15:00:00,17,15,7,0.412,0.4806,7,0,50
2026-05-28,10,VaxCare Tân Định,3,0,0,16,16:00:00,17,15,4,0.235,0.2629,8,0,50
2026-05-21,10,VaxCare Tân Định,3,0,0,13,13:00:00,17,15,14,0.824,0.6004,31,1,50
2026-05-21,10,VaxCare Tân Định,3,0,0,14,14:00:00,18,15,17,0.944,0.8461,54,1,50
2026-05-25,10,VaxCare Tân Định,0,0,0,16,16:00:00,17,15,11,0.647,0.5285,11,0,50
2026-05-17,10,VaxCare Tân Định,6,1,0,13,13:00:00,19,15,14,0.737,0.592,35,0,50
2026-07-02,10,VaxCare Tân Định,3,0,0,14,14:00:00,17,15,17,1.0,0.7181,50,1,50
2026-06-19,10,VaxCare Tân Định,4,0,0,11,11:00:00,19,15,10,0.526,0.3213,14,0,50
2026-05-06,10,VaxCare Tân Định,2,0,0,9,09:00:00,18,15,16,0.889,0.7756,58,1,50
2026-05-14,10,VaxCare Tân Định,3,0,0,13,13:00:00,19,15,11,0.579,0.5245,27,0,50
2026-07-20,10,VaxCare Tân Định,0,0,0,13,13:00:00,19,15,1,0.053,0.0313,5,0,50
2026-05-08,10,VaxCare Tân Định,4,0,0,8,08:00:00,18,15,9,0.5,0.5421,30,0,50
2026-05-20,10,VaxCare Tân Định,2,0,0,15,15:00:00,18,15,11,0.611,0.5909,23,0,50
2026-06-28,10,VaxCare Tân Định,6,1,0,8,08:00:00,17,15,15,0.882,0.5862,50,1,50
2026-06-10,10,VaxCare Tân Định,2,0,0,13,13:00:00,19,15,7,0.368,0.285,26,0,50
2026-07-06,10,VaxCare Tân Định,0,0,0,11,11:00:00,17,15,7,0.412,0.4588,21,0,50
2026-05-04,10,VaxCare Tân Định,0,0,0,8,08:00:00,18,15,13,0.722,0.6973,35,0,50
2026-07-07,10,VaxCare Tân Định,1,0,0,14,14:00:00,18,15,14,0.778,0.6514,40,1,50
2026-06-02,10,VaxCare Tân Định,1,0,0,13,13:00:00,19,15,10,0.526,0.3914,6,0,50
2026-07-08,10,VaxCare Tân Định,2,0,0,15,15:00:00,18,15,10,0.556,0.5073,12,0,50
2026-06-07,10,VaxCare Tân Định,6,1,0,15,15:00:00,20,15,0,0.0,0.01,9,0,50
2026-06-23,10,VaxCare Tân Định,1,0,0,16,16:00:00,18,15,7,0.389,0.3984,25,0,50
2026-05-14,10,VaxCare Tân Định,3,0,0,15,15:00:00,18,15,12,0.667,0.6484,26,0,50
2026-05-11,10,VaxCare Tân Định,0,0,0,10,10:00:00,18,15,18,1.0,0.7484,52,1,50
2026-05-07,10,VaxCare Tân Định,3,0,0,11,11:00:00,17,15,8,0.471,0.2936,10,0,50
2026-07-24,10,VaxCare Tân Định,4,0,0,16,16:00:00,20,15,5,0.25,0.2107,9,0,50
2026-07-12,10,VaxCare Tân Định,6,1,0,8,08:00:00,17,15,5,0.294,0.2263,12,0,50
2026-07-13,10,VaxCare Tân Định,0,0,0,14,14:00:00,18,15,13,0.722,0.5553,21,0,50
2026-06-05,10,VaxCare Tân Định,4,0,0,9,09:00:00,17,15,5,0.294,0.1217,12,0,50
2026-06-02,10,VaxCare Tân Định,1,0,0,9,09:00:00,17,15,5,0.294,0.2483,3,0,50
2026-07-19,10,VaxCare Tân Định,6,1,0,16,16:00:00,19,15,5,0.263,0.1032,5,0,50
2026-06-09,10,VaxCare Tân Định,1,0,0,15,15:00:00,18,15,4,0.222,0.2883,12,0,50
2026-05-03,10,VaxCare Tân Định,6,1,0,10,10:00:00,16,15,9,0.562,0.4424,17,0,50
2026-05-31,10,VaxCare Tân Định,6,1,0,13,13:00:00,17,15,4,0.235,0.2422,3,0,50
2026-06-19,10,VaxCare Tân Định,4,0,0,10,10:00:00,18,15,3,0.167,0.1248,9,0,50
2026-07-15,10,VaxCare Tân Định,2,0,0,11,11:00:00,19,15,10,0.526,0.4412,25,0,50
2026-07-02,10,VaxCare Tân Định,3,0,0,11,11:00:00,17,15,14,0.824,0.6699,53,1,50
2026-05-08,10,VaxCare Tân Định,4,0,0,14,14:00:00,18,15,14,0.778,0.6541,26,1,50
2026-05-23,10,VaxCare Tân Định,5,1,0,15,15:00:00,19,15,10,0.526,0.3945,8,0,50
2026-07-03,10,VaxCare Tân Định,4,0,0,10,10:00:00,17,15,17,1.0,0.9355,41,1,50
2026-05-04,10,VaxCare Tân Định,0,0,0,14,14:00:00,20,15,19,0.95,0.683,83,1,50
2026-05-26,10,VaxCare Tân Định,1,0,0,13,13:00:00,18,15,6,0.333,0.2139,10,0,50
2026-07-27,10,VaxCare Tân Định,0,0,0,14,14:00:00,17,15,1,0.059,0.0958,12,0,50
2026-06-03,10,VaxCare Tân Định,2,0,0,9,09:00:00,19,15,5,0.263,0.2633,10,0,50
2026-06-14,10,VaxCare Tân Định,6,1,0,13,13:00:00,19,15,0,0.0,0.01,8,0,50
2026-06-28,10,VaxCare Tân Định,6,1,0,14,14:00:00,20,15,5,0.25,0.4054,10,0,50
2026-07-23,10,VaxCare Tân Định,3,0,0,11,11:00:00,19,15,3,0.158,0.1943,7,0,50
2026-06-26,10,VaxCare Tân Định,4,0,0,9,09:00:00,18,15,18,1.0,0.8253,74,1,50
2026-06-24,10,VaxCare Tân Định,2,0,0,8,08:00:00,20,15,12,0.6,0.5705,25,0,50
2026-07-17,10,VaxCare Tân Định,4,0,0,11,11:00:00,17,15,13,0.765,0.5946,31,1,50
2026-06-02,10,VaxCare Tân Định,1,0,0,8,08:00:00,19,15,5,0.263,0.1961,3,0,50
2026-06-14,10,VaxCare Tân Định,6,1,0,9,09:00:00,18,15,4,0.222,0.3334,5,0,50
2026-06-24,10,VaxCare Tân Định,2,0,0,16,16:00:00,19,15,10,0.526,0.4648,27,0,50
2026-05-23,10,VaxCare Tân Định,5,1,0,8,08:00:00,18,15,8,0.444,0.4362,18,0,50
2026-05-30,10,VaxCare Tân Định,5,1,0,16,16:00:00,17,15,5,0.294,0.3335,16,0,50
2026-06-23,10,VaxCare Tân Định,1,0,0,10,10:00:00,17,15,10,0.588,0.4099,26,0,50
2026-05-18,10,VaxCare Tân Định,0,0,0,9,09:00:00,20,15,20,1.0,0.9319,72,1,50
2026-05-25,10,VaxCare Tân Định,0,0,0,13,13:00:00,17,15,10,0.588,0.462,14,0,50
2026-07-24,10,VaxCare Tân Định,4,0,0,10,10:00:00,20,15,8,0.4,0.3414,9,0,50
2026-05-21,10,VaxCare Tân Định,3,0,0,11,11:00:00,18,15,15,0.833,0.6465,43,1,50
2026-06-14,10,VaxCare Tân Định,6,1,0,11,11:00:00,18,15,9,0.5,0.425,16,0,50
2026-07-18,10,VaxCare Tân Định,5,1,0,16,16:00:00,18,15,4,0.222,0.204,3,0,50
2026-06-28,10,VaxCare Tân Định,6,1,0,15,15:00:00,17,15,6,0.353,0.2978,30,0,50
2026-07-12,10,VaxCare Tân Định,6,1,0,10,10:00:00,20,15,9,0.45,0.4669,13,0,50
2026-06-28,10,VaxCare Tân Định,6,1,0,13,13:00:00,19,15,11,0.579,0.4257,25,0,50
2026-06-09,10,VaxCare Tân Định,1,0,0,16,16:00:00,17,15,4,0.235,0.4433,3,0,50
2026-07-06,10,VaxCare Tân Định,0,0,0,15,15:00:00,20,15,19,0.95,0.7171,75,1,50
2026-05-14,10,VaxCare Tân Định,3,0,0,8,08:00:00,19,15,16,0.842,0.7163,39,1,50
2026-05-15,10,VaxCare Tân Định,4,0,0,10,10:00:00,19,15,17,0.895,0.7261,54,1,50
2026-07-24,10,VaxCare Tân Định,4,0,0,11,11:00:00,17,15,7,0.412,0.3548,20,0,50
2026-05-27,10,VaxCare Tân Định,2,0,0,13,13:00:00,19,15,11,0.579,0.528,7,0,50
2026-07-20,10,VaxCare Tân Định,0,0,0,14,14:00:00,19,15,9,0.474,0.3554,14,0,50
2026-06-17,10,VaxCare Tân Định,2,0,0,14,14:00:00,20,15,7,0.35,0.2166,13,0,50
2026-05-12,10,VaxCare Tân Định,1,0,0,13,13:00:00,18,15,11,0.611,0.653,26,0,50
2026-05-01,10,VaxCare Tân Định,4,0,0,16,16:00:00,18,15,4,0.222,0.2309,6,0,50
2026-05-12,10,VaxCare Tân Định,1,0,0,9,09:00:00,17,15,12,0.706,0.4474,44,0,50
2026-07-08,10,VaxCare Tân Định,2,0,0,9,09:00:00,19,15,10,0.526,0.4684,25,0,50
2026-07-26,10,VaxCare Tân Định,6,1,0,8,08:00:00,17,15,1,0.059,0.01,7,0,50
2026-07-07,10,VaxCare Tân Định,1,0,0,10,10:00:00,19,15,19,1.0,0.839,63,1,50
2026-07-08,10,VaxCare Tân Định,2,0,0,16,16:00:00,18,15,13,0.722,0.5994,33,0,50
2026-07-14,10,VaxCare Tân Định,1,0,0,15,15:00:00,17,15,9,0.529,0.3928,28,0,50
2026-07-27,10,VaxCare Tân Định,0,0,0,9,09:00:00,19,15,6,0.316,0.3053,12,0,50
2026-05-18,10,VaxCare Tân Định,0,0,0,13,13:00:00,19,15,10,0.526,0.4651,21,0,50
2026-05-04,10,VaxCare Tân Định,0,0,0,13,13:00:00,16,15,7,0.438,0.4113,11,0,50
2026-05-06,10,VaxCare Tân Định,2,0,0,11,11:00:00,18,15,13,0.722,0.6207,49,0,50
2026-05-06,10,VaxCare Tân Định,2,0,0,10,10:00:00,18,15,15,0.833,0.7518,38,1,50
2026-05-10,10,VaxCare Tân Định,6,1,0,9,09:00:00,17,15,9,0.529,0.5237,16,0,50
2026-05-21,10,VaxCare Tân Định,3,0,0,16,16:00:00,18,15,12,0.667,0.4474,51,0,50
2026-07-09,10,VaxCare Tân Định,3,0,0,14,14:00:00,20,15,18,0.9,0.7424,68,1,50
2026-07-18,10,VaxCare Tân Định,5,1,0,14,14:00:00,17,15,6,0.353,0.3118,17,0,50
2026-05-09,10,VaxCare Tân Định,5,1,0,10,10:00:00,17,15,10,0.588,0.4488,19,0,50
2026-05-02,10,VaxCare Tân Định,5,1,0,11,11:00:00,19,15,9,0.474,0.4225,25,0,50
2026-06-10,10,VaxCare Tân Định,2,0,0,15,15:00:00,19,15,9,0.474,0.4553,17,0,50
2026-07-13,10,VaxCare Tân Định,0,0,0,10,10:00:00,20,15,16,0.8,0.8196,33,1,50
2026-05-23,10,VaxCare Tân Định,5,1,0,10,10:00:00,19,15,12,0.632,0.4154,20,0,50
2026-06-05,10,VaxCare Tân Định,4,0,0,15,15:00:00,19,15,8,0.421,0.3706,21,0,50
2026-07-08,10,VaxCare Tân Định,2,0,0,11,11:00:00,18,15,6,0.333,0.4165,9,0,50
2026-06-24,10,VaxCare Tân Định,2,0,0,10,10:00:00,18,15,18,1.0,0.8007,45,1,50
2026-07-25,10,VaxCare Tân Định,5,1,0,13,13:00:00,17,15,5,0.294,0.2133,11,0,50
2026-06-26,10,VaxCare Tân Định,4,0,0,11,11:00:00,18,15,9,0.5,0.3526,19,0,50
2026-05-23,10,VaxCare Tân Định,5,1,0,9,09:00:00,19,15,5,0.263,0.2274,14,0,50
2026-07-04,10,VaxCare Tân Định,5,1,0,9,09:00:00,17,15,14,0.824,0.6722,24,1,50
2026-07-21,10,VaxCare Tân Định,1,0,1,9,09:00:00,18,15,4,0.222,0.1392,8,0,50
2026-05-11,10,VaxCare Tân Định,0,0,0,11,11:00:00,17,15,12,0.706,0.5546,28,0,50
2026-05-28,10,VaxCare Tân Định,3,0,0,10,10:00:00,18,15,11,0.611,0.5501,19,0,50
2026-06-30,10,VaxCare Tân Định,1,0,0,14,14:00:00,18,15,18,1.0,0.7233,75,1,50
2026-07-03,10,VaxCare Tân Định,4,0,0,11,11:00:00,17,15,15,0.882,0.6482,58,1,50
2026-06-28,10,VaxCare Tân Định,6,1,0,11,11:00:00,20,15,2,0.1,0.0442,6,0,50
2026-07-17,10,VaxCare Tân Định,4,0,0,14,14:00:00,18,15,11,0.611,0.4526,27,0,50
2026-07-19,10,VaxCare Tân Định,6,1,0,9,09:00:00,17,15,10,0.588,0.478,22,0,50
2026-06-22,10,VaxCare Tân Định,0,0,0,15,15:00:00,16,15,8,0.5,0.4781,26,0,50
2026-05-10,10,VaxCare Tân Định,6,1,0,16,16:00:00,19,15,6,0.316,0.2886,6,0,50
2026-05-03,10,VaxCare Tân Định,6,1,0,16,16:00:00,17,15,5,0.294,0.2462,7,0,50
2026-05-02,10,VaxCare Tân Định,5,1,0,16,16:00:00,18,15,7,0.389,0.2523,22,0,50
2026-06-21,10,VaxCare Tân Định,6,1,0,11,11:00:00,19,15,5,0.263,0.0764,10,0,50
2026-06-25,10,VaxCare Tân Định,3,0,0,14,14:00:00,19,15,15,0.789,0.5477,28,1,50
2026-06-04,10,VaxCare Tân Định,3,0,0,11,11:00:00,19,15,9,0.474,0.4484,14,0,50
2026-05-31,10,VaxCare Tân Định,6,1,0,16,16:00:00,16,15,3,0.188,0.2791,7,0,50
2026-06-07,10,VaxCare Tân Định,6,1,0,8,08:00:00,19,15,5,0.263,0.4086,5,0,50
2026-07-06,10,VaxCare Tân Định,0,0,0,9,09:00:00,19,15,10,0.526,0.4029,15,0,50
2026-06-30,10,VaxCare Tân Định,1,0,0,16,16:00:00,20,15,13,0.65,0.45,34,0,50
2026-06-03,10,VaxCare Tân Định,2,0,0,8,08:00:00,19,15,7,0.368,0.3317,32,0,50
2026-06-17,10,VaxCare Tân Định,2,0,0,13,13:00:00,18,15,7,0.389,0.426,14,0,50
2026-06-11,10,VaxCare Tân Định,3,0,0,11,11:00:00,18,15,11,0.611,0.7,14,0,50
2026-06-11,10,VaxCare Tân Định,3,0,0,15,15:00:00,19,15,6,0.316,0.4265,11,0,50
2026-06-23,10,VaxCare Tân Định,1,0,0,9,09:00:00,20,15,11,0.55,0.4228,23,0,50
2026-05-02,10,VaxCare Tân Định,5,1,0,9,09:00:00,19,15,3,0.158,0.1797,9,0,50
2026-06-01,10,VaxCare Tân Định,0,0,0,9,09:00:00,19,15,11,0.579,0.5235,28,0,50
2026-05-03,10,VaxCare Tân Định,6,1,0,15,15:00:00,20,15,1,0.05,0.1677,13,0,50
2026-05-28,10,VaxCare Tân Định,3,0,0,14,14:00:00,19,15,9,0.474,0.3444,21,0,50
2026-07-18,10,VaxCare Tân Định,5,1,0,13,13:00:00,20,15,5,0.25,0.1098,12,0,50
2026-07-28,10,VaxCare Tân Định,1,0,0,8,08:00:00,20,15,4,0.2,0.1802,11,0,50
2026-06-15,10,VaxCare Tân Định,0,0,0,10,10:00:00,17,15,8,0.471,0.453,19,0,50
2026-07-15,10,VaxCare Tân Định,2,0,0,9,09:00:00,18,15,7,0.389,0.2569,25,0,50
2026-05-26,10,VaxCare Tân Định,1,0,0,11,11:00:00,19,15,10,0.526,0.555,17,0,50
2026-06-23,10,VaxCare Tân Định,1,0,0,14,14:00:00,19,15,19,1.0,0.8456,79,1,50
2026-05-12,10,VaxCare Tân Định,1,0,0,14,14:00:00,19,15,16,0.842,0.8191,29,1,50
2026-07-09,10,VaxCare Tân Định,3,0,0,16,16:00:00,20,15,14,0.7,0.696,40,0,50
2026-06-05,10,VaxCare Tân Định,4,0,0,13,13:00:00,19,15,2,0.105,0.0138,6,0,50
2026-06-20,10,VaxCare Tân Định,5,1,0,14,14:00:00,19,15,7,0.368,0.2121,7,0,50
2026-05-24,10,VaxCare Tân Định,6,1,0,8,08:00:00,19,15,9,0.474,0.45,16,0,50
2026-07-12,10,VaxCare Tân Định,6,1,0,13,13:00:00,19,15,9,0.474,0.4532,22,0,50
2026-06-09,10,VaxCare Tân Định,1,0,0,10,10:00:00,19,15,10,0.526,0.5254,4,0,50
2026-05-20,10,VaxCare Tân Định,2,0,0,9,09:00:00,19,15,8,0.421,0.3185,14,0,50
2026-05-10,10,VaxCare Tân Định,6,1,0,11,11:00:00,20,15,7,0.35,0.4536,22,0,50
2026-06-15,10,VaxCare Tân Định,0,0,0,8,08:00:00,17,15,8,0.471,0.2903,11,0,50
2026-06-04,10,VaxCare Tân Định,3,0,0,14,14:00:00,18,15,6,0.333,0.3949,12,0,50
2026-05-09,10,VaxCare Tân Định,5,1,0,13,13:00:00,19,15,7,0.368,0.2976,12,0,50
2026-06-21,10,VaxCare Tân Định,6,1,0,9,09:00:00,17,15,3,0.176,0.1871,12,0,50
2026-05-24,10,VaxCare Tân Định,6,1,0,13,13:00:00,18,15,1,0.056,0.0619,3,0,50
2026-06-03,10,VaxCare Tân Định,2,0,0,16,16:00:00,19,15,7,0.368,0.3139,12,0,50
2026-05-30,10,VaxCare Tân Định,5,1,0,13,13:00:00,20,15,0,0.0,0.01,10,0,50
2026-05-12,10,VaxCare Tân Định,1,0,0,8,08:00:00,19,15,15,0.789,0.6228,39,1,50
2026-07-16,10,VaxCare Tân Định,3,0,0,9,09:00:00,17,15,11,0.647,0.6947,24,0,50
2026-05-15,10,VaxCare Tân Định,4,0,0,14,14:00:00,18,15,15,0.833,0.6278,28,1,50
2026-05-16,10,VaxCare Tân Định,5,1,0,14,14:00:00,17,15,7,0.412,0.3839,27,0,50
2026-07-13,10,VaxCare Tân Định,0,0,0,15,15:00:00,19,15,8,0.421,0.3154,17,0,50
2026-06-06,10,VaxCare Tân Định,5,1,0,9,09:00:00,17,15,6,0.353,0.3064,26,0,50
2026-05-30,10,VaxCare Tân Định,5,1,0,15,15:00:00,19,15,3,0.158,0.093,8,0,50
2026-05-01,10,VaxCare Tân Định,4,0,0,8,08:00:00,18,15,6,0.333,0.2216,8,0,50
2026-07-28,10,VaxCare Tân Định,1,0,0,16,16:00:00,18,15,2,0.111,0.1073,3,0,50
2026-06-11,10,VaxCare Tân Định,3,0,0,13,13:00:00,18,15,5,0.278,0.363,5,0,50
2026-07-04,10,VaxCare Tân Định,5,1,0,13,13:00:00,20,15,5,0.25,0.0722,4,0,50
2026-06-12,11,VaxCare An Lạc,4,0,0,13,13:00:00,13,12,0,0.0,0.0984,3,0,40
2026-06-06,11,VaxCare An Lạc,5,1,0,10,10:00:00,11,12,1,0.091,0.01,7,0,40
2026-05-07,11,VaxCare An Lạc,3,0,0,15,15:00:00,11,12,8,0.727,0.6865,48,0,40
2026-05-25,11,VaxCare An Lạc,0,0,0,15,15:00:00,12,12,7,0.583,0.4332,19,0,40
2026-06-26,11,VaxCare An Lạc,4,0,0,14,14:00:00,11,12,8,0.727,0.6041,43,0,40
2026-05-09,11,VaxCare An Lạc,5,1,0,9,09:00:00,11,12,8,0.727,0.6887,35,0,40
2026-05-08,11,VaxCare An Lạc,4,0,0,16,16:00:00,12,12,10,0.833,0.8129,26,1,40
2026-05-19,11,VaxCare An Lạc,1,0,0,9,09:00:00,13,12,11,0.846,0.822,38,1,40
2026-06-06,11,VaxCare An Lạc,5,1,0,13,13:00:00,12,12,3,0.25,0.1696,3,0,40
2026-06-18,11,VaxCare An Lạc,3,0,0,15,15:00:00,11,12,4,0.364,0.219,13,0,40
2026-07-28,11,VaxCare An Lạc,1,0,0,10,10:00:00,12,12,5,0.417,0.3956,18,0,40
2026-06-26,11,VaxCare An Lạc,4,0,0,8,08:00:00,13,12,11,0.846,0.7644,29,1,40
2026-05-05,11,VaxCare An Lạc,1,0,0,16,16:00:00,12,12,5,0.417,0.2872,26,0,40
2026-05-13,11,VaxCare An Lạc,2,0,0,14,14:00:00,12,12,9,0.75,0.7651,49,1,40
2026-06-23,11,VaxCare An Lạc,1,0,0,15,15:00:00,10,12,6,0.6,0.3513,28,0,40
2026-06-11,11,VaxCare An Lạc,3,0,0,8,08:00:00,12,12,6,0.5,0.5173,9,0,40
2026-05-11,11,VaxCare An Lạc,0,0,0,15,15:00:00,11,12,9,0.818,0.6599,51,1,40
2026-07-18,11,VaxCare An Lạc,5,1,0,11,11:00:00,13,12,0,0.0,0.01,3,0,40
2026-06-02,11,VaxCare An Lạc,1,0,0,11,11:00:00,12,12,1,0.083,0.1147,3,0,40
2026-05-27,11,VaxCare An Lạc,2,0,0,14,14:00:00,12,12,10,0.833,0.768,24,1,40
2026-06-25,11,VaxCare An Lạc,3,0,0,15,15:00:00,12,12,7,0.583,0.3546,24,0,40
2026-06-15,11,VaxCare An Lạc,0,0,0,16,16:00:00,12,12,5,0.417,0.2719,9,0,40
2026-05-05,11,VaxCare An Lạc,1,0,0,9,09:00:00,11,12,5,0.455,0.5313,19,0,40
2026-07-25,11,VaxCare An Lạc,5,1,0,15,15:00:00,11,12,0,0.0,0.0628,4,0,40
2026-06-29,11,VaxCare An Lạc,0,0,0,15,15:00:00,13,12,12,0.923,0.875,47,1,40
2026-06-10,11,VaxCare An Lạc,2,0,0,11,11:00:00,12,12,5,0.417,0.3464,4,0,40
2026-06-01,11,VaxCare An Lạc,0,0,0,15,15:00:00,11,12,4,0.364,0.2447,13,0,40
2026-05-27,11,VaxCare An Lạc,2,0,0,10,10:00:00,11,12,1,0.091,0.0911,8,0,40
2026-05-16,11,VaxCare An Lạc,5,1,0,8,08:00:00,12,12,6,0.5,0.3896,5,0,40
2026-05-17,11,VaxCare An Lạc,6,1,0,14,14:00:00,11,12,7,0.636,0.5266,34,0,40
2026-06-22,11,VaxCare An Lạc,0,0,0,9,09:00:00,11,12,6,0.545,0.4979,10,0,40
2026-06-15,11,VaxCare An Lạc,0,0,0,11,11:00:00,11,12,4,0.364,0.4131,26,0,40
2026-06-12,11,VaxCare An Lạc,4,0,0,8,08:00:00,11,12,5,0.455,0.3518,19,0,40
2026-06-16,11,VaxCare An Lạc,1,0,0,16,16:00:00,13,12,4,0.308,0.1989,3,0,40
2026-07-11,11,VaxCare An Lạc,5,1,0,11,11:00:00,12,12,2,0.167,0.1249,5,0,40
2026-07-19,11,VaxCare An Lạc,6,1,0,13,13:00:00,10,12,2,0.2,0.046,3,0,40
2026-07-29,11,VaxCare An Lạc,2,0,0,13,13:00:00,13,12,0,0.0,0.0684,3,0,40
2026-07-11,11,VaxCare An Lạc,5,1,0,9,09:00:00,11,12,5,0.455,0.4391,24,0,40
2026-07-12,11,VaxCare An Lạc,6,1,0,16,16:00:00,11,12,5,0.455,0.375,22,0,40
2026-07-01,11,VaxCare An Lạc,2,0,0,14,14:00:00,11,12,11,1.0,0.837,64,1,40
2026-06-07,11,VaxCare An Lạc,6,1,0,13,13:00:00,12,12,4,0.333,0.3543,8,0,40
2026-05-17,11,VaxCare An Lạc,6,1,0,16,16:00:00,11,12,5,0.455,0.4249,9,0,40
2026-05-07,11,VaxCare An Lạc,3,0,0,9,09:00:00,12,12,12,1.0,0.8838,59,1,40
2026-07-29,11,VaxCare An Lạc,2,0,0,8,08:00:00,10,12,3,0.3,0.1111,3,0,40
2026-06-22,11,VaxCare An Lạc,0,0,0,8,08:00:00,12,12,5,0.417,0.2486,16,0,40
2026-05-10,11,VaxCare An Lạc,6,1,0,8,08:00:00,11,12,5,0.455,0.3733,14,0,40
2026-06-12,11,VaxCare An Lạc,4,0,0,15,15:00:00,11,12,2,0.182,0.1271,11,0,40
2026-07-14,11,VaxCare An Lạc,1,0,0,14,14:00:00,12,12,8,0.667,0.6246,40,0,40
2026-07-21,11,VaxCare An Lạc,1,0,1,11,11:00:00,12,12,3,0.25,0.204,17,0,40
2026-05-10,11,VaxCare An Lạc,6,1,0,14,14:00:00,12,12,6,0.5,0.5334,12,0,40
2026-07-05,11,VaxCare An Lạc,6,1,0,10,10:00:00,11,12,7,0.636,0.6732,9,0,40
2026-07-24,11,VaxCare An Lạc,4,0,0,8,08:00:00,11,12,2,0.182,0.223,9,0,40
2026-06-24,11,VaxCare An Lạc,2,0,0,14,14:00:00,10,12,7,0.7,0.5045,51,0,40
2026-07-13,11,VaxCare An Lạc,0,0,0,16,16:00:00,12,12,9,0.75,0.5087,27,1,40
2026-05-17,11,VaxCare An Lạc,6,1,0,11,11:00:00,11,12,5,0.455,0.2929,18,0,40
2026-06-14,11,VaxCare An Lạc,6,1,0,8,08:00:00,11,12,0,0.0,0.0148,3,0,40
2026-05-27,11,VaxCare An Lạc,2,0,0,11,11:00:00,12,12,5,0.417,0.5334,10,0,40
2026-05-27,11,VaxCare An Lạc,2,0,0,16,16:00:00,12,12,3,0.25,0.1216,12,0,40
2026-05-11,11,VaxCare An Lạc,0,0,0,13,13:00:00,10,12,10,1.0,0.947,62,1,40
2026-06-11,11,VaxCare An Lạc,3,0,0,9,09:00:00,12,12,4,0.333,0.3273,7,0,40
2026-07-06,11,VaxCare An Lạc,0,0,0,13,13:00:00,12,12,6,0.5,0.4208,15,0,40
2026-05-02,11,VaxCare An Lạc,5,1,0,10,10:00:00,12,12,2,0.167,0.0474,9,0,40
2026-05-10,11,VaxCare An Lạc,6,1,0,15,15:00:00,12,12,7,0.583,0.6024,22,0,40
2026-06-19,11,VaxCare An Lạc,4,0,0,9,09:00:00,11,12,8,0.727,0.6083,34,0,40
2026-06-01,11,VaxCare An Lạc,0,0,0,10,10:00:00,13,12,3,0.231,0.382,15,0,40
2026-05-13,11,VaxCare An Lạc,2,0,0,9,09:00:00,10,12,9,0.9,0.8087,46,1,40
2026-07-21,11,VaxCare An Lạc,1,0,1,15,15:00:00,11,12,0,0.0,0.0307,3,0,40
2026-05-20,11,VaxCare An Lạc,2,0,0,11,11:00:00,12,12,7,0.583,0.5883,15,0,40
2026-07-05,11,VaxCare An Lạc,6,1,0,16,16:00:00,13,12,2,0.154,0.0299,5,0,40
2026-07-14,11,VaxCare An Lạc,1,0,0,13,13:00:00,11,12,6,0.545,0.3699,12,0,40
2026-07-23,11,VaxCare An Lạc,3,0,0,13,13:00:00,11,12,6,0.545,0.3245,30,0,40
2026-06-21,11,VaxCare An Lạc,6,1,0,8,08:00:00,12,12,0,0.0,0.01,16,0,40
2026-05-11,11,VaxCare An Lạc,0,0,0,9,09:00:00,12,12,12,1.0,0.8613,59,1,40
2026-06-17,11,VaxCare An Lạc,2,0,0,15,15:00:00,10,12,3,0.3,0.118,10,0,40
2026-05-19,11,VaxCare An Lạc,1,0,0,13,13:00:00,11,12,7,0.636,0.5759,8,0,40
2026-07-07,11,VaxCare An Lạc,1,0,0,8,08:00:00,13,12,9,0.692,0.6205,44,0,40
2026-07-12,11,VaxCare An Lạc,6,1,0,14,14:00:00,11,12,4,0.364,0.2402,26,0,40
2026-06-13,11,VaxCare An Lạc,5,1,0,8,08:00:00,11,12,3,0.273,0.3086,8,0,40
2026-07-29,11,VaxCare An Lạc,2,0,0,10,10:00:00,12,12,2,0.167,0.1262,6,0,40
2026-06-01,11,VaxCare An Lạc,0,0,0,8,08:00:00,12,12,4,0.333,0.3147,6,0,40
2026-07-06,11,VaxCare An Lạc,0,0,0,14,14:00:00,12,12,11,0.917,0.8271,83,1,40
2026-06-08,11,VaxCare An Lạc,0,0,0,10,10:00:00,12,12,2,0.167,0.0336,13,0,40
2026-05-25,11,VaxCare An Lạc,0,0,0,8,08:00:00,12,12,6,0.5,0.327,19,0,40
2026-06-07,11,VaxCare An Lạc,6,1,0,11,11:00:00,11,12,0,0.0,0.01,5,0,40
2026-05-04,11,VaxCare An Lạc,0,0,0,16,16:00:00,12,12,4,0.333,0.324,3,0,40
2026-07-02,11,VaxCare An Lạc,3,0,0,16,16:00:00,11,12,9,0.818,0.6547,35,1,40
2026-07-08,11,VaxCare An Lạc,2,0,0,14,14:00:00,10,12,10,1.0,0.9142,59,1,40
2026-05-29,11,VaxCare An Lạc,4,0,0,16,16:00:00,12,12,9,0.75,0.6521,36,1,40
2026-06-27,11,VaxCare An Lạc,5,1,0,9,09:00:00,11,12,3,0.273,0.1884,11,0,40
2026-07-22,11,VaxCare An Lạc,2,0,0,13,13:00:00,11,12,0,0.0,0.01,14,0,40
2026-05-30,11,VaxCare An Lạc,5,1,0,10,10:00:00,10,12,0,0.0,0.1397,8,0,40
2026-05-07,11,VaxCare An Lạc,3,0,0,16,16:00:00,11,12,7,0.636,0.5873,19,0,40
2026-05-27,11,VaxCare An Lạc,2,0,0,9,09:00:00,11,12,9,0.818,0.6354,39,1,40
2026-06-12,11,VaxCare An Lạc,4,0,0,10,10:00:00,12,12,6,0.5,0.4501,15,0,40
2026-05-22,11,VaxCare An Lạc,4,0,0,15,15:00:00,11,12,4,0.364,0.3906,12,0,40
2026-06-13,11,VaxCare An Lạc,5,1,0,15,15:00:00,13,12,4,0.308,0.1081,12,0,40
2026-05-10,11,VaxCare An Lạc,6,1,0,13,13:00:00,11,12,7,0.636,0.5918,19,0,40
2026-05-01,11,VaxCare An Lạc,4,0,0,10,10:00:00,12,12,7,0.583,0.5315,22,0,40
2026-07-08,11,VaxCare An Lạc,2,0,0,13,13:00:00,11,12,4,0.364,0.2322,20,0,40
2026-05-14,11,VaxCare An Lạc,3,0,0,14,14:00:00,13,12,11,0.846,0.6497,34,1,40
2026-06-06,11,VaxCare An Lạc,5,1,0,11,11:00:00,12,12,0,0.0,0.01,9,0,40
2026-07-29,11,VaxCare An Lạc,2,0,0,11,11:00:00,11,12,4,0.364,0.2566,17,0,40
2026-06-08,11,VaxCare An Lạc,0,0,0,16,16:00:00,10,12,4,0.4,0.2691,11,0,40
2026-06-13,11,VaxCare An Lạc,5,1,0,16,16:00:00,11,12,1,0.091,0.1722,8,0,40
2026-05-27,11,VaxCare An Lạc,2,0,0,8,08:00:00,11,12,3,0.273,0.3005,9,0,40
2026-06-14,11,VaxCare An Lạc,6,1,0,14,14:00:00,11,12,2,0.182,0.2598,6,0,40
2026-05-23,11,VaxCare An Lạc,5,1,0,14,14:00:00,11,12,5,0.455,0.3677,25,0,40
2026-05-30,11,VaxCare An Lạc,5,1,0,11,11:00:00,13,12,0,0.0,0.1702,5,0,40
2026-05-29,11,VaxCare An Lạc,4,0,0,11,11:00:00,11,12,2,0.182,0.2537,5,0,40
2026-07-22,11,VaxCare An Lạc,2,0,0,9,09:00:00,11,12,5,0.455,0.4364,10,0,40
2026-05-15,11,VaxCare An Lạc,4,0,0,15,15:00:00,12,12,10,0.833,0.7891,47,1,40
2026-06-26,11,VaxCare An Lạc,4,0,0,10,10:00:00,11,12,11,1.0,0.7315,87,1,40
2026-07-17,11,VaxCare An Lạc,4,0,0,16,16:00:00,10,12,4,0.4,0.3655,30,0,40
2026-05-12,11,VaxCare An Lạc,1,0,0,10,10:00:00,11,12,11,1.0,0.9727,55,1,40
2026-07-04,11,VaxCare An Lạc,5,1,0,10,10:00:00,11,12,7,0.636,0.6662,18,0,40
2026-06-10,11,VaxCare An Lạc,2,0,0,16,16:00:00,12,12,0,0.0,0.0834,8,0,40
2026-06-17,11,VaxCare An Lạc,2,0,0,9,09:00:00,12,12,5,0.417,0.2788,13,0,40
2026-05-08,11,VaxCare An Lạc,4,0,0,13,13:00:00,12,12,8,0.667,0.4338,55,0,40
2026-07-12,11,VaxCare An Lạc,6,1,0,11,11:00:00,12,12,6,0.5,0.408,21,0,40
2026-05-04,11,VaxCare An Lạc,0,0,0,15,15:00:00,11,12,7,0.636,0.4863,15,0,40
2026-05-09,11,VaxCare An Lạc,5,1,0,14,14:00:00,12,12,4,0.333,0.1237,8,0,40
2026-06-19,11,VaxCare An Lạc,4,0,0,15,15:00:00,11,12,7,0.636,0.5855,27,0,40
2026-07-17,11,VaxCare An Lạc,4,0,0,15,15:00:00,12,12,5,0.417,0.22,15,0,40
2026-05-06,11,VaxCare An Lạc,2,0,0,13,13:00:00,12,12,7,0.583,0.354,15,0,40
2026-06-06,11,VaxCare An Lạc,5,1,0,15,15:00:00,11,12,0,0.0,0.0528,3,0,40
2026-05-09,11,VaxCare An Lạc,5,1,0,15,15:00:00,12,12,5,0.417,0.4234,21,0,40
2026-06-18,11,VaxCare An Lạc,3,0,0,13,13:00:00,13,12,8,0.615,0.4767,19,0,40
2026-07-21,11,VaxCare An Lạc,1,0,1,13,13:00:00,12,12,2,0.167,0.0204,11,0,40
2026-07-13,11,VaxCare An Lạc,0,0,0,13,13:00:00,13,12,7,0.538,0.3498,31,0,40
2026-06-27,11,VaxCare An Lạc,5,1,0,15,15:00:00,12,12,1,0.083,0.183,8,0,40
2026-07-24,11,VaxCare An Lạc,4,0,0,9,09:00:00,13,12,0,0.0,0.0653,3,0,40
2026-06-22,11,VaxCare An Lạc,0,0,0,13,13:00:00,11,12,5,0.455,0.3947,24,0,40
2026-05-28,11,VaxCare An Lạc,3,0,0,13,13:00:00,12,12,6,0.5,0.4595,25,0,40
2026-07-09,11,VaxCare An Lạc,3,0,0,8,08:00:00,12,12,8,0.667,0.4098,23,0,40
2026-06-11,11,VaxCare An Lạc,3,0,0,16,16:00:00,11,12,4,0.364,0.2212,21,0,40
2026-07-28,11,VaxCare An Lạc,1,0,0,15,15:00:00,11,12,3,0.273,0.2784,10,0,40
2026-05-18,11,VaxCare An Lạc,0,0,0,8,08:00:00,12,12,9,0.75,0.6056,19,1,40
2026-05-01,11,VaxCare An Lạc,4,0,0,15,15:00:00,12,12,7,0.583,0.4886,29,0,40
2026-05-28,11,VaxCare An Lạc,3,0,0,16,16:00:00,11,12,6,0.545,0.5367,25,0,40
2026-05-21,11,VaxCare An Lạc,3,0,0,13,13:00:00,12,12,5,0.417,0.2671,22,0,40
2026-05-21,11,VaxCare An Lạc,3,0,0,14,14:00:00,12,12,12,1.0,0.8685,79,1,40
2026-05-25,11,VaxCare An Lạc,0,0,0,16,16:00:00,12,12,6,0.5,0.472,12,0,40
2026-05-17,11,VaxCare An Lạc,6,1,0,13,13:00:00,12,12,5,0.417,0.2387,21,0,40
2026-07-02,11,VaxCare An Lạc,3,0,0,14,14:00:00,13,12,10,0.769,0.628,36,1,40
2026-06-19,11,VaxCare An Lạc,4,0,0,11,11:00:00,12,12,5,0.417,0.3864,31,0,40
2026-05-06,11,VaxCare An Lạc,2,0,0,9,09:00:00,13,12,13,1.0,0.8461,81,1,40
2026-05-14,11,VaxCare An Lạc,3,0,0,13,13:00:00,13,12,10,0.769,0.5952,39,1,40
2026-07-20,11,VaxCare An Lạc,0,0,0,13,13:00:00,11,12,2,0.182,0.0839,8,0,40
2026-05-08,11,VaxCare An Lạc,4,0,0,8,08:00:00,12,12,7,0.583,0.3955,11,0,40
2026-05-20,11,VaxCare An Lạc,2,0,0,15,15:00:00,12,12,8,0.667,0.4963,41,0,40
2026-06-28,11,VaxCare An Lạc,6,1,0,8,08:00:00,12,12,2,0.167,0.1401,3,0,40
2026-06-10,11,VaxCare An Lạc,2,0,0,13,13:00:00,12,12,6,0.5,0.406,25,0,40
2026-07-06,11,VaxCare An Lạc,0,0,0,11,11:00:00,13,12,7,0.538,0.4152,28,0,40
2026-05-04,11,VaxCare An Lạc,0,0,0,8,08:00:00,12,12,6,0.5,0.359,25,0,40
2026-07-07,11,VaxCare An Lạc,1,0,0,14,14:00:00,12,12,12,1.0,0.803,39,1,40
2026-06-02,11,VaxCare An Lạc,1,0,0,13,13:00:00,11,12,3,0.273,0.3581,3,0,40
2026-07-08,11,VaxCare An Lạc,2,0,0,15,15:00:00,11,12,3,0.273,0.1942,3,0,40
2026-06-07,11,VaxCare An Lạc,6,1,0,15,15:00:00,11,12,0,0.0,0.01,4,0,40
2026-06-23,11,VaxCare An Lạc,1,0,0,16,16:00:00,11,12,5,0.455,0.4993,24,0,40
2026-05-14,11,VaxCare An Lạc,3,0,0,15,15:00:00,11,12,5,0.455,0.3908,32,0,40
2026-05-11,11,VaxCare An Lạc,0,0,0,10,10:00:00,11,12,9,0.818,0.7223,35,1,40
2026-05-07,11,VaxCare An Lạc,3,0,0,11,11:00:00,12,12,9,0.75,0.4328,47,1,40
2026-07-24,11,VaxCare An Lạc,4,0,0,16,16:00:00,13,12,1,0.077,0.0425,10,0,40
2026-07-12,11,VaxCare An Lạc,6,1,0,8,08:00:00,11,12,5,0.455,0.4092,25,0,40
2026-07-13,11,VaxCare An Lạc,0,0,0,14,14:00:00,11,12,9,0.818,0.6923,49,1,40
2026-06-05,11,VaxCare An Lạc,4,0,0,9,09:00:00,13,12,3,0.231,0.1058,3,0,40
2026-06-02,11,VaxCare An Lạc,1,0,0,9,09:00:00,11,12,4,0.364,0.2271,20,0,40
2026-07-19,11,VaxCare An Lạc,6,1,0,16,16:00:00,12,12,1,0.083,0.0929,14,0,40
2026-06-09,11,VaxCare An Lạc,1,0,0,15,15:00:00,12,12,3,0.25,0.2543,3,0,40
2026-05-03,11,VaxCare An Lạc,6,1,0,10,10:00:00,12,12,7,0.583,0.3957,9,0,40
2026-05-31,11,VaxCare An Lạc,6,1,0,13,13:00:00,11,12,2,0.182,0.1655,8,0,40
2026-06-19,11,VaxCare An Lạc,4,0,0,10,10:00:00,10,12,8,0.8,0.7321,39,1,40
2026-07-15,11,VaxCare An Lạc,2,0,0,11,11:00:00,12,12,4,0.333,0.2924,9,0,40
2026-07-02,11,VaxCare An Lạc,3,0,0,11,11:00:00,12,12,10,0.833,0.7748,30,1,40
2026-05-08,11,VaxCare An Lạc,4,0,0,14,14:00:00,13,12,13,1.0,0.8744,67,1,40
2026-05-23,11,VaxCare An Lạc,5,1,0,15,15:00:00,10,12,4,0.4,0.2084,20,0,40
2026-07-03,11,VaxCare An Lạc,4,0,0,10,10:00:00,11,12,11,1.0,0.8217,47,1,40
2026-05-04,11,VaxCare An Lạc,0,0,0,14,14:00:00,11,12,8,0.727,0.6471,29,0,40
2026-05-26,11,VaxCare An Lạc,1,0,0,13,13:00:00,12,12,5,0.417,0.4019,18,0,40
2026-07-27,11,VaxCare An Lạc,0,0,0,14,14:00:00,11,12,1,0.091,0.0583,4,0,40
2026-06-03,11,VaxCare An Lạc,2,0,0,9,09:00:00,12,12,2,0.167,0.01,4,0,40
2026-06-14,11,VaxCare An Lạc,6,1,0,13,13:00:00,11,12,4,0.364,0.3965,17,0,40
2026-06-28,11,VaxCare An Lạc,6,1,0,14,14:00:00,12,12,7,0.583,0.446,23,0,40
2026-07-23,11,VaxCare An Lạc,3,0,0,11,11:00:00,11,12,6,0.545,0.3886,27,0,40
2026-06-26,11,VaxCare An Lạc,4,0,0,9,09:00:00,10,12,7,0.7,0.6436,29,0,40
2026-06-24,11,VaxCare An Lạc,2,0,0,8,08:00:00,13,12,7,0.538,0.4109,24,0,40
2026-07-17,11,VaxCare An Lạc,4,0,0,11,11:00:00,13,12,5,0.385,0.2922,20,0,40
2026-06-02,11,VaxCare An Lạc,1,0,0,8,08:00:00,12,12,3,0.25,0.283,11,0,40
2026-06-14,11,VaxCare An Lạc,6,1,0,9,09:00:00,10,12,4,0.4,0.2176,22,0,40
2026-06-24,11,VaxCare An Lạc,2,0,0,16,16:00:00,12,12,4,0.333,0.3607,8,0,40
2026-05-23,11,VaxCare An Lạc,5,1,0,8,08:00:00,11,12,3,0.273,0.2884,4,0,40
2026-05-30,11,VaxCare An Lạc,5,1,0,16,16:00:00,11,12,2,0.182,0.1616,13,0,40
2026-06-23,11,VaxCare An Lạc,1,0,0,10,10:00:00,12,12,8,0.667,0.5225,35,0,40
2026-05-18,11,VaxCare An Lạc,0,0,0,9,09:00:00,12,12,12,1.0,0.6445,47,1,40
2026-05-25,11,VaxCare An Lạc,0,0,0,13,13:00:00,11,12,6,0.545,0.4425,19,0,40
2026-07-24,11,VaxCare An Lạc,4,0,0,10,10:00:00,11,12,5,0.455,0.4486,20,0,40
2026-05-21,11,VaxCare An Lạc,3,0,0,11,11:00:00,12,12,6,0.5,0.3832,27,0,40
2026-06-14,11,VaxCare An Lạc,6,1,0,11,11:00:00,12,12,0,0.0,0.0386,7,0,40
2026-07-18,11,VaxCare An Lạc,5,1,0,16,16:00:00,11,12,2,0.182,0.1338,5,0,40
2026-06-28,11,VaxCare An Lạc,6,1,0,15,15:00:00,11,12,4,0.364,0.3133,32,0,40
2026-07-12,11,VaxCare An Lạc,6,1,0,10,10:00:00,12,12,6,0.5,0.5541,20,0,40
2026-06-28,11,VaxCare An Lạc,6,1,0,13,13:00:00,12,12,6,0.5,0.3239,19,0,40
2026-06-09,11,VaxCare An Lạc,1,0,0,16,16:00:00,11,12,2,0.182,0.0931,3,0,40
2026-07-06,11,VaxCare An Lạc,0,0,0,15,15:00:00,12,12,6,0.5,0.2701,20,0,40
2026-05-14,11,VaxCare An Lạc,3,0,0,8,08:00:00,12,12,6,0.5,0.4364,17,0,40
2026-05-15,11,VaxCare An Lạc,4,0,0,10,10:00:00,12,12,11,0.917,0.7825,80,1,40
2026-07-24,11,VaxCare An Lạc,4,0,0,11,11:00:00,10,12,2,0.2,0.2777,3,0,40
2026-05-27,11,VaxCare An Lạc,2,0,0,13,13:00:00,12,12,6,0.5,0.4986,12,0,40
2026-07-20,11,VaxCare An Lạc,0,0,0,14,14:00:00,11,12,3,0.273,0.2417,6,0,40
2026-06-17,11,VaxCare An Lạc,2,0,0,14,14:00:00,11,12,5,0.455,0.4337,12,0,40
2026-05-12,11,VaxCare An Lạc,1,0,0,13,13:00:00,12,12,10,0.833,0.7462,27,1,40
2026-05-01,11,VaxCare An Lạc,4,0,0,16,16:00:00,11,12,4,0.364,0.2643,20,0,40
2026-05-12,11,VaxCare An Lạc,1,0,0,9,09:00:00,10,12,10,1.0,0.6429,37,1,40
2026-07-08,11,VaxCare An Lạc,2,0,0,9,09:00:00,12,12,10,0.833,0.6426,43,1,40
2026-07-26,11,VaxCare An Lạc,6,1,0,8,08:00:00,11,12,4,0.364,0.2947,19,0,40
2026-07-07,11,VaxCare An Lạc,1,0,0,10,10:00:00,11,12,11,1.0,0.9296,40,1,40
2026-07-08,11,VaxCare An Lạc,2,0,0,16,16:00:00,11,12,3,0.273,0.0515,7,0,40
2026-07-14,11,VaxCare An Lạc,1,0,0,15,15:00:00,12,12,6,0.5,0.3723,23,0,40
2026-07-27,11,VaxCare An Lạc,0,0,0,9,09:00:00,12,12,5,0.417,0.3102,8,0,40
2026-05-18,11,VaxCare An Lạc,0,0,0,13,13:00:00,12,12,8,0.667,0.587,41,0,40
2026-05-04,11,VaxCare An Lạc,0,0,0,13,13:00:00,12,12,9,0.75,0.6186,45,1,40
2026-05-06,11,VaxCare An Lạc,2,0,0,11,11:00:00,12,12,9,0.75,0.6898,38,1,40
2026-05-06,11,VaxCare An Lạc,2,0,0,10,10:00:00,12,12,11,0.917,0.7259,50,1,40
2026-05-10,11,VaxCare An Lạc,6,1,0,9,09:00:00,12,12,5,0.417,0.448,21,0,40
2026-05-21,11,VaxCare An Lạc,3,0,0,16,16:00:00,12,12,7,0.583,0.3901,18,0,40
2026-07-09,11,VaxCare An Lạc,3,0,0,14,14:00:00,10,12,10,1.0,0.7679,82,1,40
2026-07-18,11,VaxCare An Lạc,5,1,0,14,14:00:00,12,12,8,0.667,0.6474,32,0,40
2026-05-09,11,VaxCare An Lạc,5,1,0,10,10:00:00,12,12,6,0.5,0.3594,19,0,40
2026-05-02,11,VaxCare An Lạc,5,1,0,11,11:00:00,12,12,2,0.167,0.1372,12,0,40
2026-06-10,11,VaxCare An Lạc,2,0,0,15,15:00:00,12,12,4,0.333,0.2129,13,0,40
2026-07-13,11,VaxCare An Lạc,0,0,0,10,10:00:00,12,12,11,0.917,0.686,63,1,40
2026-05-23,11,VaxCare An Lạc,5,1,0,10,10:00:00,12,12,3,0.25,0.216,6,0,40
2026-06-05,11,VaxCare An Lạc,4,0,0,15,15:00:00,11,12,3,0.273,0.1231,3,0,40
2026-07-08,11,VaxCare An Lạc,2,0,0,11,11:00:00,11,12,8,0.727,0.6121,30,0,40
2026-06-24,11,VaxCare An Lạc,2,0,0,10,10:00:00,12,12,10,0.833,0.7625,39,1,40
2026-07-25,11,VaxCare An Lạc,5,1,0,13,13:00:00,11,12,0,0.0,0.01,5,0,40
2026-06-26,11,VaxCare An Lạc,4,0,0,11,11:00:00,12,12,5,0.417,0.35,23,0,40
2026-05-23,11,VaxCare An Lạc,5,1,0,9,09:00:00,12,12,8,0.667,0.5195,27,0,40
2026-07-04,11,VaxCare An Lạc,5,1,0,9,09:00:00,11,12,6,0.545,0.4019,10,0,40
2026-07-21,11,VaxCare An Lạc,1,0,1,9,09:00:00,12,12,0,0.0,0.0962,13,0,40
2026-05-11,11,VaxCare An Lạc,0,0,0,11,11:00:00,13,12,8,0.615,0.4384,8,0,40
2026-05-28,11,VaxCare An Lạc,3,0,0,10,10:00:00,12,12,8,0.667,0.4866,47,0,40
2026-06-30,11,VaxCare An Lạc,1,0,0,14,14:00:00,11,12,10,0.909,0.8295,52,1,40
2026-07-03,11,VaxCare An Lạc,4,0,0,11,11:00:00,11,12,9,0.818,0.753,39,1,40
2026-06-28,11,VaxCare An Lạc,6,1,0,11,11:00:00,12,12,6,0.5,0.4478,16,0,40
2026-07-17,11,VaxCare An Lạc,4,0,0,14,14:00:00,12,12,8,0.667,0.5227,35,0,40
2026-07-19,11,VaxCare An Lạc,6,1,0,9,09:00:00,12,12,6,0.5,0.5081,30,0,40
2026-06-22,11,VaxCare An Lạc,0,0,0,15,15:00:00,11,12,5,0.455,0.4529,21,0,40
2026-05-10,11,VaxCare An Lạc,6,1,0,16,16:00:00,12,12,5,0.417,0.2271,31,0,40
2026-05-03,11,VaxCare An Lạc,6,1,0,16,16:00:00,12,12,5,0.417,0.4742,31,0,40
2026-05-02,11,VaxCare An Lạc,5,1,0,16,16:00:00,11,12,5,0.455,0.3455,26,0,40
2026-06-21,11,VaxCare An Lạc,6,1,0,11,11:00:00,12,12,3,0.25,0.1747,3,0,40
2026-06-25,11,VaxCare An Lạc,3,0,0,14,14:00:00,12,12,10,0.833,0.7137,27,1,40
2026-06-04,11,VaxCare An Lạc,3,0,0,11,11:00:00,11,12,2,0.182,0.2418,7,0,40
2026-05-31,11,VaxCare An Lạc,6,1,0,16,16:00:00,11,12,5,0.455,0.3514,10,0,40
2026-06-07,11,VaxCare An Lạc,6,1,0,8,08:00:00,11,12,2,0.182,0.1141,4,0,40
2026-07-06,11,VaxCare An Lạc,0,0,0,9,09:00:00,11,12,11,1.0,0.8369,72,1,40
2026-06-30,11,VaxCare An Lạc,1,0,0,16,16:00:00,11,12,6,0.545,0.5772,7,0,40
2026-06-03,11,VaxCare An Lạc,2,0,0,8,08:00:00,11,12,4,0.364,0.2222,19,0,40
2026-06-17,11,VaxCare An Lạc,2,0,0,13,13:00:00,11,12,5,0.455,0.344,25,0,40
2026-06-11,11,VaxCare An Lạc,3,0,0,11,11:00:00,12,12,0,0.0,0.139,3,0,40
2026-06-11,11,VaxCare An Lạc,3,0,0,15,15:00:00,11,12,1,0.091,0.1505,9,0,40
2026-06-23,11,VaxCare An Lạc,1,0,0,9,09:00:00,11,12,6,0.545,0.5216,9,0,40
2026-05-02,11,VaxCare An Lạc,5,1,0,9,09:00:00,11,12,4,0.364,0.3898,27,0,40
2026-06-01,11,VaxCare An Lạc,0,0,0,9,09:00:00,11,12,8,0.727,0.6161,38,0,40
2026-05-03,11,VaxCare An Lạc,6,1,0,15,15:00:00,11,12,2,0.182,0.1703,14,0,40
2026-05-28,11,VaxCare An Lạc,3,0,0,14,14:00:00,10,12,7,0.7,0.6054,27,0,40
2026-07-18,11,VaxCare An Lạc,5,1,0,13,13:00:00,12,12,2,0.167,0.277,6,0,40
2026-07-28,11,VaxCare An Lạc,1,0,0,8,08:00:00,12,12,3,0.25,0.1663,12,0,40
2026-06-15,11,VaxCare An Lạc,0,0,0,10,10:00:00,11,12,8,0.727,0.5645,27,0,40
2026-07-15,11,VaxCare An Lạc,2,0,0,9,09:00:00,12,12,7,0.583,0.5667,25,0,40
2026-05-26,11,VaxCare An Lạc,1,0,0,11,11:00:00,11,12,6,0.545,0.3373,29,0,40
2026-06-23,11,VaxCare An Lạc,1,0,0,14,14:00:00,12,12,10,0.833,0.7091,24,1,40
2026-05-12,11,VaxCare An Lạc,1,0,0,14,14:00:00,11,12,9,0.818,0.6897,34,1,40
2026-07-09,11,VaxCare An Lạc,3,0,0,16,16:00:00,12,12,6,0.5,0.4446,30,0,40
2026-06-05,11,VaxCare An Lạc,4,0,0,13,13:00:00,12,12,2,0.167,0.2287,7,0,40
2026-06-20,11,VaxCare An Lạc,5,1,0,14,14:00:00,12,12,2,0.167,0.1015,16,0,40
2026-05-24,11,VaxCare An Lạc,6,1,0,8,08:00:00,12,12,3,0.25,0.1992,3,0,40
2026-07-12,11,VaxCare An Lạc,6,1,0,13,13:00:00,12,12,0,0.0,0.01,8,0,40
2026-06-09,11,VaxCare An Lạc,1,0,0,10,10:00:00,10,12,7,0.7,0.5207,24,0,40
2026-05-20,11,VaxCare An Lạc,2,0,0,9,09:00:00,11,12,8,0.727,0.531,36,0,40
2026-05-10,11,VaxCare An Lạc,6,1,0,11,11:00:00,12,12,4,0.333,0.3063,3,0,40
2026-06-15,11,VaxCare An Lạc,0,0,0,8,08:00:00,11,12,5,0.455,0.3085,13,0,40
2026-06-04,11,VaxCare An Lạc,3,0,0,14,14:00:00,12,12,4,0.333,0.4117,3,0,40
2026-05-09,11,VaxCare An Lạc,5,1,0,13,13:00:00,11,12,4,0.364,0.335,19,0,40
2026-06-21,11,VaxCare An Lạc,6,1,0,9,09:00:00,11,12,9,0.818,0.5703,40,1,40
2026-05-24,11,VaxCare An Lạc,6,1,0,13,13:00:00,12,12,4,0.333,0.2016,5,0,40
2026-06-03,11,VaxCare An Lạc,2,0,0,16,16:00:00,12,12,5,0.417,0.2448,24,0,40
2026-05-30,11,VaxCare An Lạc,5,1,0,13,13:00:00,11,12,0,0.0,0.01,11,0,40
2026-05-12,11,VaxCare An Lạc,1,0,0,8,08:00:00,11,12,5,0.455,0.1972,14,0,40
2026-07-16,11,VaxCare An Lạc,3,0,0,9,09:00:00,11,12,6,0.545,0.4278,27,0,40
2026-05-15,11,VaxCare An Lạc,4,0,0,14,14:00:00,12,12,12,1.0,0.8398,64,1,40
2026-05-16,11,VaxCare An Lạc,5,1,0,14,14:00:00,11,12,11,1.0,0.8199,42,1,40
2026-07-13,11,VaxCare An Lạc,0,0,0,15,15:00:00,13,12,5,0.385,0.4063,25,0,40
2026-06-06,11,VaxCare An Lạc,5,1,0,9,09:00:00,13,12,3,0.231,0.2101,5,0,40
2026-05-30,11,VaxCare An Lạc,5,1,0,15,15:00:00,12,12,1,0.083,0.1086,7,0,40
2026-05-01,11,VaxCare An Lạc,4,0,0,8,08:00:00,11,12,11,1.0,0.8338,84,1,40
2026-07-28,11,VaxCare An Lạc,1,0,0,16,16:00:00,11,12,3,0.273,0.2952,14,0,40
2026-06-11,11,VaxCare An Lạc,3,0,0,13,13:00:00,11,12,6,0.545,0.4517,13,0,40
2026-07-04,11,VaxCare An Lạc,5,1,0,13,13:00:00,12,12,8,0.667,0.6035,43,0,40
2026-06-12,12,VaxCare Phú Thuận,4,0,0,13,13:00:00,10,11,1,0.1,0.0835,9,0,35
2026-06-06,12,VaxCare Phú Thuận,5,1,0,10,10:00:00,10,11,0,0.0,0.01,10,0,35
2026-05-07,12,VaxCare Phú Thuận,3,0,0,15,15:00:00,11,11,6,0.545,0.5289,16,0,35
2026-05-25,12,VaxCare Phú Thuận,0,0,0,15,15:00:00,10,11,6,0.6,0.7007,14,0,35
2026-06-26,12,VaxCare Phú Thuận,4,0,0,14,14:00:00,10,11,8,0.8,0.5794,30,1,35
2026-05-09,12,VaxCare Phú Thuận,5,1,0,9,09:00:00,10,11,5,0.5,0.506,11,0,35
2026-05-08,12,VaxCare Phú Thuận,4,0,0,16,16:00:00,10,11,4,0.4,0.3982,31,0,35
2026-05-19,12,VaxCare Phú Thuận,1,0,0,9,09:00:00,9,11,9,1.0,0.802,55,1,35
2026-06-06,12,VaxCare Phú Thuận,5,1,0,13,13:00:00,11,11,0,0.0,0.01,3,0,35
2026-06-18,12,VaxCare Phú Thuận,3,0,0,15,15:00:00,10,11,4,0.4,0.3009,28,0,35
2026-07-28,12,VaxCare Phú Thuận,1,0,0,10,10:00:00,11,11,4,0.364,0.2465,17,0,35
2026-06-26,12,VaxCare Phú Thuận,4,0,0,8,08:00:00,10,11,4,0.4,0.3011,27,0,35
2026-05-05,12,VaxCare Phú Thuận,1,0,0,16,16:00:00,11,11,3,0.273,0.1976,8,0,35
2026-05-13,12,VaxCare Phú Thuận,2,0,0,14,14:00:00,10,11,7,0.7,0.5756,34,0,35
2026-06-23,12,VaxCare Phú Thuận,1,0,0,15,15:00:00,10,11,4,0.4,0.2515,25,0,35
2026-06-11,12,VaxCare Phú Thuận,3,0,0,8,08:00:00,11,11,5,0.455,0.5051,21,0,35
2026-05-11,12,VaxCare Phú Thuận,0,0,0,15,15:00:00,10,11,6,0.6,0.5726,22,0,35
2026-07-18,12,VaxCare Phú Thuận,5,1,0,11,11:00:00,10,11,3,0.3,0.3705,7,0,35
2026-06-02,12,VaxCare Phú Thuận,1,0,0,11,11:00:00,10,11,1,0.1,0.0531,12,0,35
2026-05-27,12,VaxCare Phú Thuận,2,0,0,14,14:00:00,11,11,6,0.545,0.3959,17,0,35
2026-06-25,12,VaxCare Phú Thuận,3,0,0,15,15:00:00,10,11,5,0.5,0.3929,25,0,35
2026-06-15,12,VaxCare Phú Thuận,0,0,0,16,16:00:00,11,11,3,0.273,0.2241,14,0,35
2026-05-05,12,VaxCare Phú Thuận,1,0,0,9,09:00:00,11,11,9,0.818,0.6892,44,1,35
2026-07-25,12,VaxCare Phú Thuận,5,1,0,15,15:00:00,10,11,0,0.0,0.01,3,0,35
2026-06-29,12,VaxCare Phú Thuận,0,0,0,15,15:00:00,10,11,6,0.6,0.4967,14,0,35
2026-06-10,12,VaxCare Phú Thuận,2,0,0,11,11:00:00,12,11,0,0.0,0.0466,9,0,35
2026-06-01,12,VaxCare Phú Thuận,0,0,0,15,15:00:00,11,11,4,0.364,0.3058,20,0,35
2026-05-27,12,VaxCare Phú Thuận,2,0,0,10,10:00:00,10,11,6,0.6,0.5305,16,0,35
2026-05-16,12,VaxCare Phú Thuận,5,1,0,8,08:00:00,11,11,3,0.273,0.1526,12,0,35
2026-05-17,12,VaxCare Phú Thuận,6,1,0,14,14:00:00,10,11,5,0.5,0.5193,20,0,35
2026-06-22,12,VaxCare Phú Thuận,0,0,0,9,09:00:00,11,11,9,0.818,0.7569,43,1,35
2026-06-15,12,VaxCare Phú Thuận,0,0,0,11,11:00:00,10,11,4,0.4,0.3303,18,0,35
2026-06-12,12,VaxCare Phú Thuận,4,0,0,8,08:00:00,10,11,5,0.5,0.3983,20,0,35
2026-06-16,12,VaxCare Phú Thuận,1,0,0,16,16:00:00,11,11,3,0.273,0.1176,9,0,35
2026-07-11,12,VaxCare Phú Thuận,5,1,0,11,11:00:00,11,11,5,0.455,0.414,29,0,35
2026-07-19,12,VaxCare Phú Thuận,6,1,0,13,13:00:00,10,11,0,0.0,0.1184,10,0,35
2026-07-29,12,VaxCare Phú Thuận,2,0,0,13,13:00:00,11,11,3,0.273,0.146,9,0,35
2026-07-11,12,VaxCare Phú Thuận,5,1,0,9,09:00:00,10,11,4,0.4,0.593,12,0,35
2026-07-12,12,VaxCare Phú Thuận,6,1,0,16,16:00:00,11,11,4,0.364,0.25,31,0,35
2026-07-01,12,VaxCare Phú Thuận,2,0,0,14,14:00:00,11,11,9,0.818,0.7149,38,1,35
2026-06-07,12,VaxCare Phú Thuận,6,1,0,13,13:00:00,11,11,1,0.091,0.01,6,0,35
2026-05-17,12,VaxCare Phú Thuận,6,1,0,16,16:00:00,10,11,4,0.4,0.4192,19,0,35
2026-05-07,12,VaxCare Phú Thuận,3,0,0,9,09:00:00,12,11,9,0.75,0.7158,52,1,35
2026-07-29,12,VaxCare Phú Thuận,2,0,0,8,08:00:00,12,11,0,0.0,0.01,10,0,35
2026-06-22,12,VaxCare Phú Thuận,0,0,0,8,08:00:00,10,11,3,0.3,0.2385,12,0,35
2026-05-10,12,VaxCare Phú Thuận,6,1,0,8,08:00:00,11,11,2,0.182,0.064,7,0,35
2026-06-12,12,VaxCare Phú Thuận,4,0,0,15,15:00:00,11,11,4,0.364,0.43,17,0,35
2026-07-14,12,VaxCare Phú Thuận,1,0,0,14,14:00:00,10,11,6,0.6,0.6572,25,0,35
2026-07-21,12,VaxCare Phú Thuận,1,0,1,11,11:00:00,11,11,4,0.364,0.2496,16,0,35
2026-05-10,12,VaxCare Phú Thuận,6,1,0,14,14:00:00,11,11,4,0.364,0.3468,16,0,35
2026-07-05,12,VaxCare Phú Thuận,6,1,0,10,10:00:00,11,11,5,0.455,0.3967,16,0,35
2026-07-24,12,VaxCare Phú Thuận,4,0,0,8,08:00:00,11,11,0,0.0,0.0884,5,0,35
2026-06-24,12,VaxCare Phú Thuận,2,0,0,14,14:00:00,12,11,12,1.0,0.8373,72,1,35
2026-07-13,12,VaxCare Phú Thuận,0,0,0,16,16:00:00,10,11,4,0.4,0.3701,19,0,35
2026-05-17,12,VaxCare Phú Thuận,6,1,0,11,11:00:00,10,11,0,0.0,0.01,10,0,35
2026-06-14,12,VaxCare Phú Thuận,6,1,0,8,08:00:00,11,11,4,0.364,0.2397,13,0,35
2026-05-27,12,VaxCare Phú Thuận,2,0,0,11,11:00:00,11,11,4,0.364,0.2237,18,0,35
2026-05-27,12,VaxCare Phú Thuận,2,0,0,16,16:00:00,10,11,6,0.6,0.4613,19,0,35
2026-05-11,12,VaxCare Phú Thuận,0,0,0,13,13:00:00,11,11,9,0.818,0.5748,35,1,35
2026-06-11,12,VaxCare Phú Thuận,3,0,0,9,09:00:00,11,11,3,0.273,0.4331,11,0,35
2026-07-06,12,VaxCare Phú Thuận,0,0,0,13,13:00:00,10,11,7,0.7,0.5681,41,0,35
2026-05-02,12,VaxCare Phú Thuận,5,1,0,10,10:00:00,10,11,3,0.3,0.3043,3,0,35
2026-05-10,12,VaxCare Phú Thuận,6,1,0,15,15:00:00,11,11,4,0.364,0.3687,19,0,35
2026-06-19,12,VaxCare Phú Thuận,4,0,0,9,09:00:00,11,11,4,0.364,0.1953,15,0,35
2026-06-01,12,VaxCare Phú Thuận,0,0,0,10,10:00:00,11,11,5,0.455,0.466,14,0,35
2026-05-13,12,VaxCare Phú Thuận,2,0,0,9,09:00:00,11,11,10,0.909,0.8741,51,1,35
2026-07-21,12,VaxCare Phú Thuận,1,0,1,15,15:00:00,11,11,2,0.182,0.166,7,0,35
2026-05-20,12,VaxCare Phú Thuận,2,0,0,11,11:00:00,12,11,9,0.75,0.6525,33,1,35
2026-07-05,12,VaxCare Phú Thuận,6,1,0,16,16:00:00,11,11,7,0.636,0.6531,26,0,35
2026-07-14,12,VaxCare Phú Thuận,1,0,0,13,13:00:00,10,11,3,0.3,0.1836,6,0,35
2026-07-23,12,VaxCare Phú Thuận,3,0,0,13,13:00:00,12,11,1,0.083,0.0359,8,0,35
2026-06-21,12,VaxCare Phú Thuận,6,1,0,8,08:00:00,11,11,2,0.182,0.1512,15,0,35
2026-05-11,12,VaxCare Phú Thuận,0,0,0,9,09:00:00,11,11,11,1.0,0.7742,81,1,35
2026-06-17,12,VaxCare Phú Thuận,2,0,0,15,15:00:00,10,11,5,0.5,0.4939,19,0,35
2026-05-19,12,VaxCare Phú Thuận,1,0,0,13,13:00:00,12,11,9,0.75,0.8003,32,1,35
2026-07-07,12,VaxCare Phú Thuận,1,0,0,8,08:00:00,10,11,6,0.6,0.477,11,0,35
2026-07-12,12,VaxCare Phú Thuận,6,1,0,14,14:00:00,10,11,2,0.2,0.2167,12,0,35
2026-06-13,12,VaxCare Phú Thuận,5,1,0,8,08:00:00,9,11,3,0.333,0.2082,12,0,35
2026-07-29,12,VaxCare Phú Thuận,2,0,0,10,10:00:00,11,11,3,0.273,0.2153,6,0,35
2026-06-01,12,VaxCare Phú Thuận,0,0,0,8,08:00:00,10,11,2,0.2,0.1712,4,0,35
2026-07-06,12,VaxCare Phú Thuận,0,0,0,14,14:00:00,10,11,9,0.9,0.8216,32,1,35
2026-06-08,12,VaxCare Phú Thuận,0,0,0,10,10:00:00,11,11,1,0.091,0.1248,8,0,35
2026-05-25,12,VaxCare Phú Thuận,0,0,0,8,08:00:00,11,11,3,0.273,0.2668,3,0,35
2026-06-07,12,VaxCare Phú Thuận,6,1,0,11,11:00:00,10,11,0,0.0,0.0685,6,0,35
2026-05-04,12,VaxCare Phú Thuận,0,0,0,16,16:00:00,10,11,7,0.7,0.5858,39,0,35
2026-07-02,12,VaxCare Phú Thuận,3,0,0,16,16:00:00,10,11,8,0.8,0.8391,37,1,35
2026-07-08,12,VaxCare Phú Thuận,2,0,0,14,14:00:00,11,11,11,1.0,0.7682,79,1,35
2026-05-29,12,VaxCare Phú Thuận,4,0,0,16,16:00:00,10,11,0,0.0,0.1537,12,0,35
2026-06-27,12,VaxCare Phú Thuận,5,1,0,9,09:00:00,10,11,3,0.3,0.3701,7,0,35
2026-07-22,12,VaxCare Phú Thuận,2,0,0,13,13:00:00,11,11,4,0.364,0.3115,22,0,35
2026-05-30,12,VaxCare Phú Thuận,5,1,0,10,10:00:00,10,11,7,0.7,0.5893,26,0,35
2026-05-07,12,VaxCare Phú Thuận,3,0,0,16,16:00:00,10,11,6,0.6,0.5046,17,0,35
2026-05-27,12,VaxCare Phú Thuận,2,0,0,9,09:00:00,11,11,5,0.455,0.5004,22,0,35
2026-06-12,12,VaxCare Phú Thuận,4,0,0,10,10:00:00,11,11,5,0.455,0.4241,24,0,35
2026-05-22,12,VaxCare Phú Thuận,4,0,0,15,15:00:00,10,11,5,0.5,0.3583,21,0,35
2026-06-13,12,VaxCare Phú Thuận,5,1,0,15,15:00:00,11,11,1,0.091,0.01,7,0,35
2026-05-10,12,VaxCare Phú Thuận,6,1,0,13,13:00:00,9,11,2,0.222,0.2062,12,0,35
2026-05-01,12,VaxCare Phú Thuận,4,0,0,10,10:00:00,11,11,10,0.909,0.7226,62,1,35
2026-07-08,12,VaxCare Phú Thuận,2,0,0,13,13:00:00,11,11,8,0.727,0.5596,37,0,35
2026-05-14,12,VaxCare Phú Thuận,3,0,0,14,14:00:00,10,11,5,0.5,0.393,19,0,35
2026-06-06,12,VaxCare Phú Thuận,5,1,0,11,11:00:00,12,11,0,0.0,0.1404,8,0,35
2026-07-29,12,VaxCare Phú Thuận,2,0,0,11,11:00:00,10,11,2,0.2,0.1979,3,0,35
2026-06-08,12,VaxCare Phú Thuận,0,0,0,16,16:00:00,10,11,4,0.4,0.379,19,0,35
2026-06-13,12,VaxCare Phú Thuận,5,1,0,16,16:00:00,10,11,3,0.3,0.1314,10,0,35
2026-05-27,12,VaxCare Phú Thuận,2,0,0,8,08:00:00,11,11,5,0.455,0.3545,21,0,35
2026-06-14,12,VaxCare Phú Thuận,6,1,0,14,14:00:00,10,11,0,0.0,0.01,7,0,35
2026-05-23,12,VaxCare Phú Thuận,5,1,0,14,14:00:00,11,11,3,0.273,0.2854,9,0,35
2026-05-30,12,VaxCare Phú Thuận,5,1,0,11,11:00:00,11,11,5,0.455,0.4248,15,0,35
2026-05-29,12,VaxCare Phú Thuận,4,0,0,11,11:00:00,11,11,6,0.545,0.4605,28,0,35
2026-07-22,12,VaxCare Phú Thuận,2,0,0,9,09:00:00,11,11,4,0.364,0.2772,13,0,35
2026-05-15,12,VaxCare Phú Thuận,4,0,0,15,15:00:00,11,11,7,0.636,0.5125,25,0,35
2026-06-26,12,VaxCare Phú Thuận,4,0,0,10,10:00:00,11,11,10,0.909,0.7548,75,1,35
2026-07-17,12,VaxCare Phú Thuận,4,0,0,16,16:00:00,10,11,6,0.6,0.5567,21,0,35
2026-05-12,12,VaxCare Phú Thuận,1,0,0,10,10:00:00,11,11,10,0.909,0.7503,41,1,35
2026-07-04,12,VaxCare Phú Thuận,5,1,0,10,10:00:00,10,11,5,0.5,0.4475,16,0,35
2026-06-10,12,VaxCare Phú Thuận,2,0,0,16,16:00:00,11,11,3,0.273,0.1805,15,0,35
2026-06-17,12,VaxCare Phú Thuận,2,0,0,9,09:00:00,11,11,7,0.636,0.452,25,0,35
2026-05-08,12,VaxCare Phú Thuận,4,0,0,13,13:00:00,10,11,5,0.5,0.4569,22,0,35
2026-07-12,12,VaxCare Phú Thuận,6,1,0,11,11:00:00,11,11,2,0.182,0.0886,7,0,35
2026-05-04,12,VaxCare Phú Thuận,0,0,0,15,15:00:00,10,11,4,0.4,0.338,22,0,35
2026-05-09,12,VaxCare Phú Thuận,5,1,0,14,14:00:00,11,11,6,0.545,0.5734,29,0,35
2026-06-19,12,VaxCare Phú Thuận,4,0,0,15,15:00:00,10,11,3,0.3,0.2867,3,0,35
2026-07-17,12,VaxCare Phú Thuận,4,0,0,15,15:00:00,11,11,6,0.545,0.445,32,0,35
2026-05-06,12,VaxCare Phú Thuận,2,0,0,13,13:00:00,10,11,5,0.5,0.5118,26,0,35
2026-06-06,12,VaxCare Phú Thuận,5,1,0,15,15:00:00,10,11,2,0.2,0.0561,9,0,35
2026-05-09,12,VaxCare Phú Thuận,5,1,0,15,15:00:00,11,11,1,0.091,0.0551,14,0,35
2026-06-18,12,VaxCare Phú Thuận,3,0,0,13,13:00:00,11,11,1,0.091,0.01,7,0,35
2026-07-21,12,VaxCare Phú Thuận,1,0,1,13,13:00:00,11,11,1,0.091,0.1026,12,0,35
2026-07-13,12,VaxCare Phú Thuận,0,0,0,13,13:00:00,9,11,5,0.556,0.4972,14,0,35
2026-06-27,12,VaxCare Phú Thuận,5,1,0,15,15:00:00,9,11,2,0.222,0.0309,3,0,35
2026-07-24,12,VaxCare Phú Thuận,4,0,0,9,09:00:00,10,11,1,0.1,0.0458,10,0,35
2026-06-22,12,VaxCare Phú Thuận,0,0,0,13,13:00:00,10,11,3,0.3,0.2398,14,0,35
2026-05-28,12,VaxCare Phú Thuận,3,0,0,13,13:00:00,11,11,6,0.545,0.5515,29,0,35
2026-07-09,12,VaxCare Phú Thuận,3,0,0,8,08:00:00,12,11,5,0.417,0.2756,18,0,35
2026-06-11,12,VaxCare Phú Thuận,3,0,0,16,16:00:00,10,11,2,0.2,0.2861,10,0,35
2026-07-28,12,VaxCare Phú Thuận,1,0,0,15,15:00:00,11,11,2,0.182,0.0211,7,0,35
2026-05-18,12,VaxCare Phú Thuận,0,0,0,8,08:00:00,9,11,5,0.556,0.4723,31,0,35
2026-05-01,12,VaxCare Phú Thuận,4,0,0,15,15:00:00,10,11,3,0.3,0.1745,7,0,35
2026-05-28,12,VaxCare Phú Thuận,3,0,0,16,16:00:00,11,11,2,0.182,0.0775,3,0,35
2026-05-21,12,VaxCare Phú Thuận,3,0,0,13,13:00:00,11,11,6,0.545,0.4233,15,0,35
2026-05-21,12,VaxCare Phú Thuận,3,0,0,14,14:00:00,11,11,9,0.818,0.5461,43,1,35
2026-05-25,12,VaxCare Phú Thuận,0,0,0,16,16:00:00,10,11,5,0.5,0.4642,21,0,35
2026-05-17,12,VaxCare Phú Thuận,6,1,0,13,13:00:00,11,11,5,0.455,0.5459,10,0,35
2026-07-02,12,VaxCare Phú Thuận,3,0,0,14,14:00:00,12,11,10,0.833,0.7139,40,1,35
2026-06-19,12,VaxCare Phú Thuận,4,0,0,11,11:00:00,11,11,5,0.455,0.3537,22,0,35
2026-05-06,12,VaxCare Phú Thuận,2,0,0,9,09:00:00,11,11,11,1.0,0.9303,71,1,35
2026-05-14,12,VaxCare Phú Thuận,3,0,0,13,13:00:00,11,11,7,0.636,0.3795,21,0,35
2026-07-20,12,VaxCare Phú Thuận,0,0,0,13,13:00:00,11,11,2,0.182,0.1109,3,0,35
2026-05-08,12,VaxCare Phú Thuận,4,0,0,8,08:00:00,10,11,4,0.4,0.3833,25,0,35
2026-05-20,12,VaxCare Phú Thuận,2,0,0,15,15:00:00,11,11,8,0.727,0.5853,36,0,35
2026-06-28,12,VaxCare Phú Thuận,6,1,0,8,08:00:00,9,11,5,0.556,0.5482,24,0,35
2026-06-10,12,VaxCare Phú Thuận,2,0,0,13,13:00:00,11,11,1,0.091,0.0258,4,0,35
2026-07-06,12,VaxCare Phú Thuận,0,0,0,11,11:00:00,10,11,5,0.5,0.4976,24,0,35
2026-05-04,12,VaxCare Phú Thuận,0,0,0,8,08:00:00,11,11,4,0.364,0.3383,6,0,35
2026-07-07,12,VaxCare Phú Thuận,1,0,0,14,14:00:00,12,11,12,1.0,0.7879,63,1,35
2026-06-02,12,VaxCare Phú Thuận,1,0,0,13,13:00:00,11,11,0,0.0,0.0239,8,0,35
2026-07-08,12,VaxCare Phú Thuận,2,0,0,15,15:00:00,10,11,5,0.5,0.5086,22,0,35
2026-06-07,12,VaxCare Phú Thuận,6,1,0,15,15:00:00,10,11,0,0.0,0.0826,3,0,35
2026-06-23,12,VaxCare Phú Thuận,1,0,0,16,16:00:00,11,11,8,0.727,0.5271,31,0,35
2026-05-14,12,VaxCare Phú Thuận,3,0,0,15,15:00:00,10,11,9,0.9,0.7521,69,1,35
2026-05-11,12,VaxCare Phú Thuận,0,0,0,10,10:00:00,10,11,8,0.8,0.7457,46,1,35
2026-05-07,12,VaxCare Phú Thuận,3,0,0,11,11:00:00,11,11,7,0.636,0.6043,20,0,35
2026-07-24,12,VaxCare Phú Thuận,4,0,0,16,16:00:00,11,11,2,0.182,0.1499,12,0,35
2026-07-12,12,VaxCare Phú Thuận,6,1,0,8,08:00:00,11,11,3,0.273,0.2881,9,0,35
2026-07-13,12,VaxCare Phú Thuận,0,0,0,14,14:00:00,10,11,7,0.7,0.706,29,0,35
2026-06-05,12,VaxCare Phú Thuận,4,0,0,9,09:00:00,10,11,5,0.5,0.4027,15,0,35
2026-06-02,12,VaxCare Phú Thuận,1,0,0,9,09:00:00,10,11,4,0.4,0.2809,19,0,35
2026-07-19,12,VaxCare Phú Thuận,6,1,0,16,16:00:00,10,11,3,0.3,0.2999,8,0,35
2026-06-09,12,VaxCare Phú Thuận,1,0,0,15,15:00:00,11,11,5,0.455,0.4709,15,0,35
2026-05-03,12,VaxCare Phú Thuận,6,1,0,10,10:00:00,11,11,5,0.455,0.3502,11,0,35
2026-05-31,12,VaxCare Phú Thuận,6,1,0,13,13:00:00,10,11,2,0.2,0.1712,7,0,35
2026-06-19,12,VaxCare Phú Thuận,4,0,0,10,10:00:00,10,11,9,0.9,0.7945,45,1,35
2026-07-15,12,VaxCare Phú Thuận,2,0,0,11,11:00:00,11,11,7,0.636,0.5959,22,0,35
2026-07-02,12,VaxCare Phú Thuận,3,0,0,11,11:00:00,11,11,6,0.545,0.4022,22,0,35
2026-05-08,12,VaxCare Phú Thuận,4,0,0,14,14:00:00,11,11,11,1.0,0.9715,46,1,35
2026-05-23,12,VaxCare Phú Thuận,5,1,0,15,15:00:00,10,11,7,0.7,0.6825,48,0,35
2026-07-03,12,VaxCare Phú Thuận,4,0,0,10,10:00:00,10,11,10,1.0,0.7422,51,1,35
2026-05-04,12,VaxCare Phú Thuận,0,0,0,14,14:00:00,10,11,7,0.7,0.6046,28,0,35
2026-05-26,12,VaxCare Phú Thuận,1,0,0,13,13:00:00,11,11,4,0.364,0.3192,23,0,35
2026-07-27,12,VaxCare Phú Thuận,0,0,0,14,14:00:00,10,11,3,0.3,0.2606,7,0,35
2026-06-03,12,VaxCare Phú Thuận,2,0,0,9,09:00:00,11,11,2,0.182,0.1705,3,0,35
2026-06-14,12,VaxCare Phú Thuận,6,1,0,13,13:00:00,10,11,1,0.1,0.01,5,0,35
2026-06-28,12,VaxCare Phú Thuận,6,1,0,14,14:00:00,9,11,4,0.444,0.4616,19,0,35
2026-07-23,12,VaxCare Phú Thuận,3,0,0,11,11:00:00,11,11,4,0.364,0.1955,16,0,35
2026-06-26,12,VaxCare Phú Thuận,4,0,0,9,09:00:00,11,11,9,0.818,0.8022,45,1,35
2026-06-24,12,VaxCare Phú Thuận,2,0,0,8,08:00:00,10,11,5,0.5,0.4851,17,0,35
2026-07-17,12,VaxCare Phú Thuận,4,0,0,11,11:00:00,10,11,0,0.0,0.01,9,0,35
2026-06-02,12,VaxCare Phú Thuận,1,0,0,8,08:00:00,11,11,6,0.545,0.4415,21,0,35
2026-06-14,12,VaxCare Phú Thuận,6,1,0,9,09:00:00,10,11,3,0.3,0.3131,13,0,35
2026-06-24,12,VaxCare Phú Thuận,2,0,0,16,16:00:00,10,11,5,0.5,0.4044,16,0,35
2026-05-23,12,VaxCare Phú Thuận,5,1,0,8,08:00:00,10,11,0,0.0,0.01,4,0,35
2026-05-30,12,VaxCare Phú Thuận,5,1,0,16,16:00:00,9,11,3,0.333,0.2861,3,0,35
2026-06-23,12,VaxCare Phú Thuận,1,0,0,10,10:00:00,10,11,6,0.6,0.4806,17,0,35
2026-05-18,12,VaxCare Phú Thuận,0,0,0,9,09:00:00,10,11,7,0.7,0.6883,42,0,35
2026-05-25,12,VaxCare Phú Thuận,0,0,0,13,13:00:00,10,11,2,0.2,0.1231,3,0,35
2026-07-24,12,VaxCare Phú Thuận,4,0,0,10,10:00:00,9,11,3,0.333,0.2112,5,0,35
2026-05-21,12,VaxCare Phú Thuận,3,0,0,11,11:00:00,11,11,7,0.636,0.4368,25,0,35
2026-06-14,12,VaxCare Phú Thuận,6,1,0,11,11:00:00,10,11,1,0.1,0.0941,8,0,35
2026-07-18,12,VaxCare Phú Thuận,5,1,0,16,16:00:00,11,11,2,0.182,0.1155,3,0,35
2026-06-28,12,VaxCare Phú Thuận,6,1,0,15,15:00:00,11,11,5,0.455,0.4195,20,0,35
2026-07-12,12,VaxCare Phú Thuận,6,1,0,10,10:00:00,11,11,6,0.545,0.5627,25,0,35
2026-06-28,12,VaxCare Phú Thuận,6,1,0,13,13:00:00,11,11,5,0.455,0.4795,19,0,35
2026-06-09,12,VaxCare Phú Thuận,1,0,0,16,16:00:00,10,11,5,0.5,0.5665,15,0,35
2026-07-06,12,VaxCare Phú Thuận,0,0,0,15,15:00:00,10,11,6,0.6,0.6663,20,0,35
2026-05-14,12,VaxCare Phú Thuận,3,0,0,8,08:00:00,10,11,8,0.8,0.8134,28,1,35
2026-05-15,12,VaxCare Phú Thuận,4,0,0,10,10:00:00,10,11,10,1.0,0.99,74,1,35
2026-07-24,12,VaxCare Phú Thuận,4,0,0,11,11:00:00,10,11,0,0.0,0.01,4,0,35
2026-05-27,12,VaxCare Phú Thuận,2,0,0,13,13:00:00,11,11,4,0.364,0.4309,20,0,35
2026-07-20,12,VaxCare Phú Thuận,0,0,0,14,14:00:00,10,11,3,0.3,0.2895,4,0,35
2026-06-17,12,VaxCare Phú Thuận,2,0,0,14,14:00:00,10,11,7,0.7,0.565,30,0,35
2026-05-12,12,VaxCare Phú Thuận,1,0,0,13,13:00:00,10,11,7,0.7,0.6454,24,0,35
2026-05-01,12,VaxCare Phú Thuận,4,0,0,16,16:00:00,12,11,3,0.25,0.2324,4,0,35
2026-05-12,12,VaxCare Phú Thuận,1,0,0,9,09:00:00,10,11,9,0.9,0.7345,46,1,35
2026-07-08,12,VaxCare Phú Thuận,2,0,0,9,09:00:00,11,11,8,0.727,0.7951,32,0,35
2026-07-26,12,VaxCare Phú Thuận,6,1,0,8,08:00:00,11,11,2,0.182,0.2818,13,0,35
2026-07-07,12,VaxCare Phú Thuận,1,0,0,10,10:00:00,10,11,10,1.0,0.7641,47,1,35
2026-07-08,12,VaxCare Phú Thuận,2,0,0,16,16:00:00,10,11,6,0.6,0.5751,32,0,35
2026-07-14,12,VaxCare Phú Thuận,1,0,0,15,15:00:00,11,11,7,0.636,0.546,26,0,35
2026-07-27,12,VaxCare Phú Thuận,0,0,0,9,09:00:00,10,11,3,0.3,0.305,5,0,35
2026-05-18,12,VaxCare Phú Thuận,0,0,0,13,13:00:00,10,11,7,0.7,0.5593,48,0,35
2026-05-04,12,VaxCare Phú Thuận,0,0,0,13,13:00:00,10,11,6,0.6,0.415,23,0,35
2026-05-06,12,VaxCare Phú Thuận,2,0,0,11,11:00:00,10,11,7,0.7,0.6708,50,0,35
2026-05-06,12,VaxCare Phú Thuận,2,0,0,10,10:00:00,11,11,11,1.0,0.9208,70,1,35
2026-05-10,12,VaxCare Phú Thuận,6,1,0,9,09:00:00,11,11,6,0.545,0.2646,32,0,35
2026-05-21,12,VaxCare Phú Thuận,3,0,0,16,16:00:00,11,11,7,0.636,0.6346,21,0,35
2026-07-09,12,VaxCare Phú Thuận,3,0,0,14,14:00:00,10,11,6,0.6,0.5562,18,0,35
2026-07-18,12,VaxCare Phú Thuận,5,1,0,14,14:00:00,11,11,2,0.182,0.1555,8,0,35
2026-05-09,12,VaxCare Phú Thuận,5,1,0,10,10:00:00,10,11,4,0.4,0.2998,15,0,35
2026-05-02,12,VaxCare Phú Thuận,5,1,0,11,11:00:00,10,11,2,0.2,0.0376,3,0,35
2026-06-10,12,VaxCare Phú Thuận,2,0,0,15,15:00:00,11,11,2,0.182,0.1554,4,0,35
2026-07-13,12,VaxCare Phú Thuận,0,0,0,10,10:00:00,11,11,8,0.727,0.6457,44,0,35
2026-05-23,12,VaxCare Phú Thuận,5,1,0,10,10:00:00,10,11,3,0.3,0.2361,7,0,35
2026-06-05,12,VaxCare Phú Thuận,4,0,0,15,15:00:00,12,11,2,0.167,0.1734,3,0,35
2026-07-08,12,VaxCare Phú Thuận,2,0,0,11,11:00:00,10,11,6,0.6,0.4616,19,0,35
2026-06-24,12,VaxCare Phú Thuận,2,0,0,10,10:00:00,10,11,8,0.8,0.735,36,1,35
2026-07-25,12,VaxCare Phú Thuận,5,1,0,13,13:00:00,10,11,0,0.0,0.01,3,0,35
2026-06-26,12,VaxCare Phú Thuận,4,0,0,11,11:00:00,11,11,5,0.455,0.2136,15,0,35
2026-05-23,12,VaxCare Phú Thuận,5,1,0,9,09:00:00,10,11,4,0.4,0.3109,10,0,35
2026-07-04,12,VaxCare Phú Thuận,5,1,0,9,09:00:00,10,11,2,0.2,0.21,14,0,35
2026-07-21,12,VaxCare Phú Thuận,1,0,1,9,09:00:00,10,11,1,0.1,0.0402,3,0,35
2026-05-11,12,VaxCare Phú Thuận,0,0,0,11,11:00:00,10,11,7,0.7,0.6377,49,0,35
2026-05-28,12,VaxCare Phú Thuận,3,0,0,10,10:00:00,10,11,5,0.5,0.5046,7,0,35
2026-06-30,12,VaxCare Phú Thuận,1,0,0,14,14:00:00,11,11,10,0.909,0.8774,47,1,35
2026-07-03,12,VaxCare Phú Thuận,4,0,0,11,11:00:00,10,11,7,0.7,0.5689,30,0,35
2026-06-28,12,VaxCare Phú Thuận,6,1,0,11,11:00:00,10,11,6,0.6,0.5067,20,0,35
2026-07-17,12,VaxCare Phú Thuận,4,0,0,14,14:00:00,11,11,4,0.364,0.2007,22,0,35
2026-07-19,12,VaxCare Phú Thuận,6,1,0,9,09:00:00,10,11,1,0.1,0.01,6,0,35
2026-06-22,12,VaxCare Phú Thuận,0,0,0,15,15:00:00,11,11,5,0.455,0.4718,8,0,35
2026-05-10,12,VaxCare Phú Thuận,6,1,0,16,16:00:00,11,11,7,0.636,0.5993,28,0,35
2026-05-03,12,VaxCare Phú Thuận,6,1,0,16,16:00:00,9,11,3,0.333,0.2209,7,0,35
2026-05-02,12,VaxCare Phú Thuận,5,1,0,16,16:00:00,11,11,3,0.273,0.2875,7,0,35
2026-06-21,12,VaxCare Phú Thuận,6,1,0,11,11:00:00,11,11,2,0.182,0.2887,5,0,35
2026-06-25,12,VaxCare Phú Thuận,3,0,0,14,14:00:00,10,11,10,1.0,0.6703,43,1,35
2026-06-04,12,VaxCare Phú Thuận,3,0,0,11,11:00:00,11,11,1,0.091,0.1217,3,0,35
2026-05-31,12,VaxCare Phú Thuận,6,1,0,16,16:00:00,10,11,3,0.3,0.1332,11,0,35
2026-06-07,12,VaxCare Phú Thuận,6,1,0,8,08:00:00,10,11,2,0.2,0.0293,6,0,35
2026-07-06,12,VaxCare Phú Thuận,0,0,0,9,09:00:00,11,11,11,1.0,0.92,51,1,35
2026-06-30,12,VaxCare Phú Thuận,1,0,0,16,16:00:00,10,11,6,0.6,0.635,13,0,35
2026-06-03,12,VaxCare Phú Thuận,2,0,0,8,08:00:00,11,11,4,0.364,0.3261,20,0,35
2026-06-17,12,VaxCare Phú Thuận,2,0,0,13,13:00:00,11,11,6,0.545,0.5328,15,0,35
2026-06-11,12,VaxCare Phú Thuận,3,0,0,11,11:00:00,10,11,2,0.2,0.2503,13,0,35
2026-06-11,12,VaxCare Phú Thuận,3,0,0,15,15:00:00,10,11,3,0.3,0.1897,6,0,35
2026-06-23,12,VaxCare Phú Thuận,1,0,0,9,09:00:00,11,11,10,0.909,0.7751,75,1,35
2026-05-02,12,VaxCare Phú Thuận,5,1,0,9,09:00:00,10,11,3,0.3,0.2969,20,0,35
2026-06-01,12,VaxCare Phú Thuận,0,0,0,9,09:00:00,12,11,5,0.417,0.3908,9,0,35
2026-05-03,12,VaxCare Phú Thuận,6,1,0,15,15:00:00,10,11,0,0.0,0.01,3,0,35
2026-05-28,12,VaxCare Phú Thuận,3,0,0,14,14:00:00,11,11,7,0.636,0.611,16,0,35
2026-07-18,12,VaxCare Phú Thuận,5,1,0,13,13:00:00,11,11,1,0.091,0.1752,6,0,35
2026-07-28,12,VaxCare Phú Thuận,1,0,0,8,08:00:00,11,11,2,0.182,0.1313,11,0,35
2026-06-15,12,VaxCare Phú Thuận,0,0,0,10,10:00:00,10,11,5,0.5,0.3677,22,0,35
2026-07-15,12,VaxCare Phú Thuận,2,0,0,9,09:00:00,10,11,7,0.7,0.6137,31,0,35
2026-05-26,12,VaxCare Phú Thuận,1,0,0,11,11:00:00,11,11,4,0.364,0.2657,10,0,35
2026-06-23,12,VaxCare Phú Thuận,1,0,0,14,14:00:00,11,11,11,1.0,0.7159,54,1,35
2026-05-12,12,VaxCare Phú Thuận,1,0,0,14,14:00:00,10,11,7,0.7,0.6143,32,0,35
2026-07-09,12,VaxCare Phú Thuận,3,0,0,16,16:00:00,10,11,10,1.0,0.8494,39,1,35
2026-06-05,12,VaxCare Phú Thuận,4,0,0,13,13:00:00,11,11,2,0.182,0.0642,17,0,35
2026-06-20,12,VaxCare Phú Thuận,5,1,0,14,14:00:00,11,11,4,0.364,0.4698,17,0,35
2026-05-24,12,VaxCare Phú Thuận,6,1,0,8,08:00:00,11,11,1,0.091,0.01,11,0,35
2026-07-12,12,VaxCare Phú Thuận,6,1,0,13,13:00:00,10,11,6,0.6,0.4237,23,0,35
2026-06-09,12,VaxCare Phú Thuận,1,0,0,10,10:00:00,11,11,8,0.727,0.6779,40,0,35
2026-05-20,12,VaxCare Phú Thuận,2,0,0,9,09:00:00,10,11,8,0.8,0.8193,40,1,35
2026-05-10,12,VaxCare Phú Thuận,6,1,0,11,11:00:00,10,11,1,0.1,0.1696,9,0,35
2026-06-15,12,VaxCare Phú Thuận,0,0,0,8,08:00:00,10,11,6,0.6,0.4858,19,0,35
2026-06-04,12,VaxCare Phú Thuận,3,0,0,14,14:00:00,10,11,2,0.2,0.2737,19,0,35
2026-05-09,12,VaxCare Phú Thuận,5,1,0,13,13:00:00,11,11,3,0.273,0.0862,9,0,35
2026-06-21,12,VaxCare Phú Thuận,6,1,0,9,09:00:00,11,11,4,0.364,0.3169,14,0,35
2026-05-24,12,VaxCare Phú Thuận,6,1,0,13,13:00:00,12,11,6,0.5,0.5003,34,0,35
2026-06-03,12,VaxCare Phú Thuận,2,0,0,16,16:00:00,10,11,3,0.3,0.1457,7,0,35
2026-05-30,12,VaxCare Phú Thuận,5,1,0,13,13:00:00,11,11,3,0.273,0.353,9,0,35
2026-05-12,12,VaxCare Phú Thuận,1,0,0,8,08:00:00,10,11,4,0.4,0.4332,23,0,35
2026-07-16,12,VaxCare Phú Thuận,3,0,0,9,09:00:00,12,11,9,0.75,0.6834,48,1,35
2026-05-15,12,VaxCare Phú Thuận,4,0,0,14,14:00:00,9,11,8,0.889,0.8102,43,1,35
2026-05-16,12,VaxCare Phú Thuận,5,1,0,14,14:00:00,11,11,6,0.545,0.4842,14,0,35
2026-07-13,12,VaxCare Phú Thuận,0,0,0,15,15:00:00,11,11,6,0.545,0.5419,17,0,35
2026-06-06,12,VaxCare Phú Thuận,5,1,0,9,09:00:00,11,11,4,0.364,0.4159,16,0,35
2026-05-30,12,VaxCare Phú Thuận,5,1,0,15,15:00:00,11,11,2,0.182,0.1393,9,0,35
2026-05-01,12,VaxCare Phú Thuận,4,0,0,8,08:00:00,10,11,6,0.6,0.4608,14,0,35
2026-07-28,12,VaxCare Phú Thuận,1,0,0,16,16:00:00,10,11,1,0.1,0.1342,3,0,35
2026-06-11,12,VaxCare Phú Thuận,3,0,0,13,13:00:00,12,11,3,0.25,0.3292,3,0,35
2026-07-04,12,VaxCare Phú Thuận,5,1,0,13,13:00:00,10,11,6,0.6,0.4682,24,0,35
