date,facility_id,facility_name,vaccine_id,vaccine_name,category_id,required_doses,dose_interval_days,average_rating,total_bookings_baseline,price,day_of_week,month,is_weekend,usage_count,current_stock,days_to_expiry,near_expiry,alert_threshold,low_stock
2026-05-01,1,VaxCare Phú Nhuận,1,Vắc xin BCG (Bacille Calmette–Guérin),1,1,0,4.9,860,250000,4,5,0,7,290,405,0,50,0
2026-05-01,1,VaxCare Phú Nhuận,2,Vắc xin Viêm gan B (Hepatitis B),1,3,30,4.8,1420,350000,4,5,0,13,345,584,0,50,0
2026-05-01,1,VaxCare Phú Nhuận,3,Vắc xin Bạch hầu – Ho gà – Uốn ván (DTaP/Tdap),2,5,60,4.9,1180,520000,4,5,0,12,205,624,0,50,0
2026-05-01,1,VaxCare Phú Nhuận,4,Vắc xin Bại liệt (IPV),1,4,60,4.8,930,390000,4,5,0,9,230,687,0,50,0
2026-05-01,1,VaxCare Phú Nhuận,5,Vắc xin Hib (Haemophilus influenzae type b),1,3,60,4.9,760,420000,4,5,0,10,181,373,0,50,0
2026-05-01,1,VaxCare Phú Nhuận,6,Vắc xin MMR (Sởi – Quai bị – Rubella),2,2,28,4.9,1050,350000,4,5,0,10,327,468,0,50,0
2026-05-01,1,VaxCare Phú Nhuận,7,Vắc xin Thủy đậu (Varicella),2,2,28,4.8,980,850000,4,5,0,8,119,583,0,50,0
2026-05-01,1,VaxCare Phú Nhuận,8,Vắc xin Phế cầu (Pneumococcal),3,2,60,4.9,1360,1150000,4,5,0,14,126,326,0,50,0
2026-05-01,1,VaxCare Phú Nhuận,9,Vắc xin Viêm não Nhật Bản,2,3,28,4.8,720,450000,4,5,0,6,122,592,0,50,0
2026-05-01,1,VaxCare Phú Nhuận,10,Vắc xin Cúm mùa (Influenza),5,1,365,4.9,2180,450000,4,5,0,30,455,33,1,50,0
2026-05-01,1,VaxCare Phú Nhuận,11,Vắc xin HPV (Human Papillomavirus),2,2,180,4.9,1240,1790000,4,5,0,10,210,201,0,50,0
2026-05-01,1,VaxCare Phú Nhuận,12,Vắc xin COVID-19,3,2,180,4.7,1890,550000,4,5,0,26,271,224,0,50,0
2026-05-01,1,VaxCare Phú Nhuận,13,Vắc xin Zona (Shingrix),4,2,60,4.9,640,3200000,4,5,0,6,59,326,0,50,0
2026-05-01,2,VaxCare Thủ Đức - Bình Chiểu,1,Vắc xin BCG (Bacille Calmette–Guérin),1,1,0,4.9,860,250000,4,5,0,6,301,189,0,40,0
2026-05-01,2,VaxCare Thủ Đức - Bình Chiểu,2,Vắc xin Viêm gan B (Hepatitis B),1,3,30,4.8,1420,350000,4,5,0,14,407,526,0,40,0
2026-05-01,2,VaxCare Thủ Đức - Bình Chiểu,3,Vắc xin Bạch hầu – Ho gà – Uốn ván (DTaP/Tdap),2,5,60,4.9,1180,520000,4,5,0,11,238,322,0,40,0
2026-05-01,2,VaxCare Thủ Đức - Bình Chiểu,4,Vắc xin Bại liệt (IPV),1,4,60,4.8,930,390000,4,5,0,8,215,494,0,40,0
2026-05-01,2,VaxCare Thủ Đức - Bình Chiểu,5,Vắc xin Hib (Haemophilus influenzae type b),1,3,60,4.9,760,420000,4,5,0,9,174,237,0,40,0
2026-05-01,2,VaxCare Thủ Đức - Bình Chiểu,6,Vắc xin MMR (Sởi – Quai bị – Rubella),2,2,28,4.9,1050,350000,4,5,0,10,282,306,0,40,0
2026-05-01,2,VaxCare Thủ Đức - Bình Chiểu,7,Vắc xin Thủy đậu (Varicella),2,2,28,4.8,980,850000,4,5,0,5,101,483,0,40,0
2026-05-01,2,VaxCare Thủ Đức - Bình Chiểu,8,Vắc xin Phế cầu (Pneumococcal),3,2,60,4.9,1360,1150000,4,5,0,10,77,181,0,40,0
2026-05-01,2,VaxCare Thủ Đức - Bình Chiểu,9,Vắc xin Viêm não Nhật Bản,2,3,28,4.8,720,450000,4,5,0,5,158,617,0,40,0
2026-05-01,2,VaxCare Thủ Đức - Bình Chiểu,10,Vắc xin Cúm mùa (Influenza),5,1,365,4.9,2180,450000,4,5,0,17,467,103,0,40,0
2026-05-01,2,VaxCare Thủ Đức - Bình Chiểu,11,Vắc xin HPV (Human Papillomavirus),2,2,180,4.9,1240,1790000,4,5,0,9,158,295,0,40,0
2026-05-01,2,VaxCare Thủ Đức - Bình Chiểu,12,Vắc xin COVID-19,3,2,180,4.7,1890,550000,4,5,0,13,277,284,0,40,0
2026-05-01,2,VaxCare Thủ Đức - Bình Chiểu,13,Vắc xin Zona (Shingrix),4,2,60,4.9,640,3200000,4,5,0,5,83,258,0,40,0
2026-05-01,3,VaxCare Nowzone,1,Vắc xin BCG (Bacille Calmette–Guérin),1,1,0,4.9,860,250000,4,5,0,13,284,266,0,60,0
2026-05-01,3,VaxCare Nowzone,2,Vắc xin Viêm gan B (Hepatitis B),1,3,30,4.8,1420,350000,4,5,0,16,443,618,0,60,0
2026-05-01,3,VaxCare Nowzone,3,Vắc xin Bạch hầu – Ho gà – Uốn ván (DTaP/Tdap),2,5,60,4.9,1180,520000,4,5,0,15,249,615,0,60,0
2026-05-01,3,VaxCare Nowzone,4,Vắc xin Bại liệt (IPV),1,4,60,4.8,930,390000,4,5,0,8,218,473,0,60,0
2026-05-01,3,VaxCare Nowzone,5,Vắc xin Hib (Haemophilus influenzae type b),1,3,60,4.9,760,420000,4,5,0,10,204,691,0,60,0
2026-05-01,3,VaxCare Nowzone,6,Vắc xin MMR (Sởi – Quai bị – Rubella),2,2,28,4.9,1050,350000,4,5,0,15,346,258,0,60,0
2026-05-01,3,VaxCare Nowzone,7,Vắc xin Thủy đậu (Varicella),2,2,28,4.8,980,850000,4,5,0,12,205,330,0,60,0
2026-05-01,3,VaxCare Nowzone,8,Vắc xin Phế cầu (Pneumococcal),3,2,60,4.9,1360,1150000,4,5,0,11,114,669,0,60,0
2026-05-01,3,VaxCare Nowzone,9,Vắc xin Viêm não Nhật Bản,2,3,28,4.8,720,450000,4,5,0,10,186,617,0,60,0
2026-05-01,3,VaxCare Nowzone,10,Vắc xin Cúm mùa (Influenza),5,1,365,4.9,2180,450000,4,5,0,38,689,53,1,60,0
2026-05-01,3,VaxCare Nowzone,11,Vắc xin HPV (Human Papillomavirus),2,2,180,4.9,1240,1790000,4,5,0,9,174,574,0,60,0
2026-05-01,3,VaxCare Nowzone,12,Vắc xin COVID-19,3,2,180,4.7,1890,550000,4,5,0,25,301,672,0,60,0
2026-05-01,3,VaxCare Nowzone,13,Vắc xin Zona (Shingrix),4,2,60,4.9,640,3200000,4,5,0,4,93,521,0,60,0
2026-05-01,4,VaxCare Củ Chi - Bình Mỹ,1,Vắc xin BCG (Bacille Calmette–Guérin),1,1,0,4.9,860,250000,4,5,0,4,143,608,0,30,0
2026-05-01,4,VaxCare Củ Chi - Bình Mỹ,2,Vắc xin Viêm gan B (Hepatitis B),1,3,30,4.8,1420,350000,4,5,0,9,255,415,0,30,0
2026-05-01,4,VaxCare Củ Chi - Bình Mỹ,3,Vắc xin Bạch hầu – Ho gà – Uốn ván (DTaP/Tdap),2,5,60,4.9,1180,520000,4,5,0,7,149,404,0,30,0
2026-05-01,4,VaxCare Củ Chi - Bình Mỹ,4,Vắc xin Bại liệt (IPV),1,4,60,4.8,930,390000,4,5,0,6,186,182,0,30,0
2026-05-01,4,VaxCare Củ Chi - Bình Mỹ,5,Vắc xin Hib (Haemophilus influenzae type b),1,3,60,4.9,760,420000,4,5,0,2,124,665,0,30,0
2026-05-01,4,VaxCare Củ Chi - Bình Mỹ,6,Vắc xin MMR (Sởi – Quai bị – Rubella),2,2,28,4.9,1050,350000,4,5,0,8,238,537,0,30,0
2026-05-01,4,VaxCare Củ Chi - Bình Mỹ,7,Vắc xin Thủy đậu (Varicella),2,2,28,4.8,980,850000,4,5,0,6,99,651,0,30,0
2026-05-01,4,VaxCare Củ Chi - Bình Mỹ,8,Vắc xin Phế cầu (Pneumococcal),3,2,60,4.9,1360,1150000,4,5,0,9,61,395,0,30,0
2026-05-01,4,VaxCare Củ Chi - Bình Mỹ,9,Vắc xin Viêm não Nhật Bản,2,3,28,4.8,720,450000,4,5,0,4,129,321,0,30,0
2026-05-01,4,VaxCare Củ Chi - Bình Mỹ,10,Vắc xin Cúm mùa (Influenza),5,1,365,4.9,2180,450000,4,5,0,25,293,36,1,30,0
2026-05-01,4,VaxCare Củ Chi - Bình Mỹ,11,Vắc xin HPV (Human Papillomavirus),2,2,180,4.9,1240,1790000,4,5,0,6,143,235,0,30,0
2026-05-01,4,VaxCare Củ Chi - Bình Mỹ,12,Vắc xin COVID-19,3,2,180,4.7,1890,550000,4,5,0,13,238,341,0,30,0
2026-05-01,4,VaxCare Củ Chi - Bình Mỹ,13,Vắc xin Zona (Shingrix),4,2,60,4.9,640,3200000,4,5,0,2,31,260,0,30,0
2026-05-01,5,VaxCare Trung Mỹ Tây,1,Vắc xin BCG (Bacille Calmette–Guérin),1,1,0,4.9,860,250000,4,5,0,8,209,606,0,40,0
2026-05-01,5,VaxCare Trung Mỹ Tây,2,Vắc xin Viêm gan B (Hepatitis B),1,3,30,4.8,1420,350000,4,5,0,14,268,323,0,40,0
2026-05-01,5,VaxCare Trung Mỹ Tây,3,Vắc xin Bạch hầu – Ho gà – Uốn ván (DTaP/Tdap),2,5,60,4.9,1180,520000,4,5,0,9,235,601,0,40,0
2026-05-01,5,VaxCare Trung Mỹ Tây,4,Vắc xin Bại liệt (IPV),1,4,60,4.8,930,390000,4,5,0,10,264,193,0,40,0
2026-05-01,5,VaxCare Trung Mỹ Tây,5,Vắc xin Hib (Haemophilus influenzae type b),1,3,60,4.9,760,420000,4,5,0,6,163,212,0,40,0
2026-05-01,5,VaxCare Trung Mỹ Tây,6,Vắc xin MMR (Sởi – Quai bị – Rubella),2,2,28,4.9,1050,350000,4,5,0,12,286,344,0,40,0
2026-05-01,5,VaxCare Trung Mỹ Tây,7,Vắc xin Thủy đậu (Varicella),2,2,28,4.8,980,850000,4,5,0,6,118,645,0,40,0
2026-05-01,5,VaxCare Trung Mỹ Tây,8,Vắc xin Phế cầu (Pneumococcal),3,2,60,4.9,1360,1150000,4,5,0,10,117,693,0,40,0
2026-05-01,5,VaxCare Trung Mỹ Tây,9,Vắc xin Viêm não Nhật Bản,2,3,28,4.8,720,450000,4,5,0,10,122,340,0,40,0
2026-05-01,5,VaxCare Trung Mỹ Tây,10,Vắc xin Cúm mùa (Influenza),5,1,365,4.9,2180,450000,4,5,0,3,434,126,0,40,0
2026-05-01,5,VaxCare Trung Mỹ Tây,11,Vắc xin HPV (Human Papillomavirus),2,2,180,4.9,1240,1790000,4,5,0,11,228,396,0,40,0
2026-05-01,5,VaxCare Trung Mỹ Tây,12,Vắc xin COVID-19,3,2,180,4.7,1890,550000,4,5,0,19,264,581,0,40,0
2026-05-01,5,VaxCare Trung Mỹ Tây,13,Vắc xin Zona (Shingrix),4,2,60,4.9,640,3200000,4,5,0,4,67,659,0,40,0
2026-05-01,6,VaxCare Co.opmart Quang Trung,1,Vắc xin BCG (Bacille Calmette–Guérin),1,1,0,4.9,860,250000,4,5,0,10,231,348,0,50,0
2026-05-01,6,VaxCare Co.opmart Quang Trung,2,Vắc xin Viêm gan B (Hepatitis B),1,3,30,4.8,1420,350000,4,5,0,15,257,614,0,50,0
2026-05-01,6,VaxCare Co.opmart Quang Trung,3,Vắc xin Bạch hầu – Ho gà – Uốn ván (DTaP/Tdap),2,5,60,4.9,1180,520000,4,5,0,10,164,259,0,50,0
2026-05-01,6,VaxCare Co.opmart Quang Trung,4,Vắc xin Bại liệt (IPV),1,4,60,4.8,930,390000,4,5,0,7,197,425,0,50,0
2026-05-01,6,VaxCare Co.opmart Quang Trung,5,Vắc xin Hib (Haemophilus influenzae type b),1,3,60,4.9,760,420000,4,5,0,6,164,396,0,50,0
2026-05-01,6,VaxCare Co.opmart Quang Trung,6,Vắc xin MMR (Sởi – Quai bị – Rubella),2,2,28,4.9,1050,350000,4,5,0,9,275,386,0,50,0
2026-05-01,6,VaxCare Co.opmart Quang Trung,7,Vắc xin Thủy đậu (Varicella),2,2,28,4.8,980,850000,4,5,0,8,152,455,0,50,0
2026-05-01,6,VaxCare Co.opmart Quang Trung,8,Vắc xin Phế cầu (Pneumococcal),3,2,60,4.9,1360,1150000,4,5,0,9,90,675,0,50,0
2026-05-01,6,VaxCare Co.opmart Quang Trung,9,Vắc xin Viêm não Nhật Bản,2,3,28,4.8,720,450000,4,5,0,7,93,496,0,50,0
2026-05-01,6,VaxCare Co.opmart Quang Trung,10,Vắc xin Cúm mùa (Influenza),5,1,365,4.9,2180,450000,4,5,0,16,374,102,0,50,0
2026-05-01,6,VaxCare Co.opmart Quang Trung,11,Vắc xin HPV (Human Papillomavirus),2,2,180,4.9,1240,1790000,4,5,0,9,213,580,0,50,0
2026-05-01,6,VaxCare Co.opmart Quang Trung,12,Vắc xin COVID-19,3,2,180,4.7,1890,550000,4,5,0,29,327,279,0,50,0
2026-05-01,6,VaxCare Co.opmart Quang Trung,13,Vắc xin Zona (Shingrix),4,2,60,4.9,640,3200000,4,5,0,5,66,333,0,50,0
2026-05-01,7,VaxCare Oriental Plaza,1,Vắc xin BCG (Bacille Calmette–Guérin),1,1,0,4.9,860,250000,4,5,0,8,179,218,0,45,0
2026-05-01,7,VaxCare Oriental Plaza,2,Vắc xin Viêm gan B (Hepatitis B),1,3,30,4.8,1420,350000,4,5,0,10,298,654,0,45,0
2026-05-01,7,VaxCare Oriental Plaza,3,Vắc xin Bạch hầu – Ho gà – Uốn ván (DTaP/Tdap),2,5,60,4.9,1180,520000,4,5,0,11,170,417,0,45,0
2026-05-01,7,VaxCare Oriental Plaza,4,Vắc xin Bại liệt (IPV),1,4,60,4.8,930,390000,4,5,0,12,282,344,0,45,0
2026-05-01,7,VaxCare Oriental Plaza,5,Vắc xin Hib (Haemophilus influenzae type b),1,3,60,4.9,760,420000,4,5,0,5,249,314,0,45,0
2026-05-01,7,VaxCare Oriental Plaza,6,Vắc xin MMR (Sởi – Quai bị – Rubella),2,2,28,4.9,1050,350000,4,5,0,5,252,621,0,45,0
2026-05-01,7,VaxCare Oriental Plaza,7,Vắc xin Thủy đậu (Varicella),2,2,28,4.8,980,850000,4,5,0,9,106,393,0,45,0
2026-05-01,7,VaxCare Oriental Plaza,8,Vắc xin Phế cầu (Pneumococcal),3,2,60,4.9,1360,1150000,4,5,0,14,127,689,0,45,0
2026-05-01,7,VaxCare Oriental Plaza,9,Vắc xin Viêm não Nhật Bản,2,3,28,4.8,720,450000,4,5,0,8,98,496,0,45,0
2026-05-01,7,VaxCare Oriental Plaza,10,Vắc xin Cúm mùa (Influenza),5,1,365,4.9,2180,450000,4,5,0,33,503,54,1,45,0
2026-05-01,7,VaxCare Oriental Plaza,11,Vắc xin HPV (Human Papillomavirus),2,2,180,4.9,1240,1790000,4,5,0,6,167,345,0,45,0
2026-05-01,7,VaxCare Oriental Plaza,12,Vắc xin COVID-19,3,2,180,4.7,1890,550000,4,5,0,15,218,271,0,45,0
2026-05-01,7,VaxCare Oriental Plaza,13,Vắc xin Zona (Shingrix),4,2,60,4.9,640,3200000,4,5,0,5,49,664,0,45,0
2026-05-01,8,VaxCare Hóc Môn - Đông Thạnh,1,Vắc xin BCG (Bacille Calmette–Guérin),1,1,0,4.9,860,250000,4,5,0,3,228,323,0,30,0
2026-05-01,8,VaxCare Hóc Môn - Đông Thạnh,2,Vắc xin Viêm gan B (Hepatitis B),1,3,30,4.8,1420,350000,4,5,0,10,289,552,0,30,0
2026-05-01,8,VaxCare Hóc Môn - Đông Thạnh,3,Vắc xin Bạch hầu – Ho gà – Uốn ván (DTaP/Tdap),2,5,60,4.9,1180,520000,4,5,0,7,185,312,0,30,0
2026-05-01,8,VaxCare Hóc Môn - Đông Thạnh,4,Vắc xin Bại liệt (IPV),1,4,60,4.8,930,390000,4,5,0,6,163,265,0,30,0
2026-05-01,8,VaxCare Hóc Môn - Đông Thạnh,5,Vắc xin Hib (Haemophilus influenzae type b),1,3,60,4.9,760,420000,4,5,0,5,158,223,0,30,0
2026-05-01,8,VaxCare Hóc Môn - Đông Thạnh,6,Vắc xin MMR (Sởi – Quai bị – Rubella),2,2,28,4.9,1050,350000,4,5,0,7,225,430,0,30,0
2026-05-01,8,VaxCare Hóc Môn - Đông Thạnh,7,Vắc xin Thủy đậu (Varicella),2,2,28,4.8,980,850000,4,5,0,4,114,287,0,30,0
2026-05-01,8,VaxCare Hóc Môn - Đông Thạnh,8,Vắc xin Phế cầu (Pneumococcal),3,2,60,4.9,1360,1150000,4,5,0,9,78,588,0,30,0
2026-05-01,8,VaxCare Hóc Môn - Đông Thạnh,9,Vắc xin Viêm não Nhật Bản,2,3,28,4.8,720,450000,4,5,0,3,120,653,0,30,0
2026-05-01,8,VaxCare Hóc Môn - Đông Thạnh,10,Vắc xin Cúm mùa (Influenza),5,1,365,4.9,2180,450000,4,5,0,15,401,149,0,30,0
2026-05-01,8,VaxCare Hóc Môn - Đông Thạnh,11,Vắc xin HPV (Human Papillomavirus),2,2,180,4.9,1240,1790000,4,5,0,5,131,267,0,30,0
2026-05-01,8,VaxCare Hóc Môn - Đông Thạnh,12,Vắc xin COVID-19,3,2,180,4.7,1890,550000,4,5,0,16,177,623,0,30,0
2026-05-01,8,VaxCare Hóc Môn - Đông Thạnh,13,Vắc xin Zona (Shingrix),4,2,60,4.9,640,3200000,4,5,0,2,33,504,0,30,0
2026-05-01,9,VaxCare Hiệp Bình,1,Vắc xin BCG (Bacille Calmette–Guérin),1,1,0,4.9,860,250000,4,5,0,8,209,667,0,40,0
2026-05-01,9,VaxCare Hiệp Bình,2,Vắc xin Viêm gan B (Hepatitis B),1,3,30,4.8,1420,350000,4,5,0,14,248,339,0,40,0
2026-05-01,9,VaxCare Hiệp Bình,3,Vắc xin Bạch hầu – Ho gà – Uốn ván (DTaP/Tdap),2,5,60,4.9,1180,520000,4,5,0,11,262,398,0,40,0
2026-05-01,9,VaxCare Hiệp Bình,4,Vắc xin Bại liệt (IPV),1,4,60,4.8,930,390000,4,5,0,11,211,569,0,40,0
2026-05-01,9,VaxCare Hiệp Bình,5,Vắc xin Hib (Haemophilus influenzae type b),1,3,60,4.9,760,420000,4,5,0,8,164,620,0,40,0
2026-05-01,9,VaxCare Hiệp Bình,6,Vắc xin MMR (Sởi – Quai bị – Rubella),2,2,28,4.9,1050,350000,4,5,0,11,323,396,0,40,0
2026-05-01,9,VaxCare Hiệp Bình,7,Vắc xin Thủy đậu (Varicella),2,2,28,4.8,980,850000,4,5,0,4,170,438,0,40,0
2026-05-01,9,VaxCare Hiệp Bình,8,Vắc xin Phế cầu (Pneumococcal),3,2,60,4.9,1360,1150000,4,5,0,12,107,250,0,40,0
2026-05-01,9,VaxCare Hiệp Bình,9,Vắc xin Viêm não Nhật Bản,2,3,28,4.8,720,450000,4,5,0,8,116,642,0,40,0
2026-05-01,9,VaxCare Hiệp Bình,10,Vắc xin Cúm mùa (Influenza),5,1,365,4.9,2180,450000,4,5,0,15,593,96,0,40,0
2026-05-01,9,VaxCare Hiệp Bình,11,Vắc xin HPV (Human Papillomavirus),2,2,180,4.9,1240,1790000,4,5,0,11,135,618,0,40,0
2026-05-01,9,VaxCare Hiệp Bình,12,Vắc xin COVID-19,3,2,180,4.7,1890,550000,4,5,0,23,253,383,0,40,0
2026-05-01,9,VaxCare Hiệp Bình,13,Vắc xin Zona (Shingrix),4,2,60,4.9,640,3200000,4,5,0,4,66,666,0,40,0
2026-05-01,10,VaxCare Tân Định,1,Vắc xin BCG (Bacille Calmette–Guérin),1,1,0,4.9,860,250000,4,5,0,8,284,627,0,50,0
2026-05-01,10,VaxCare Tân Định,2,Vắc xin Viêm gan B (Hepatitis B),1,3,30,4.8,1420,350000,4,5,0,12,333,383,0,50,0
2026-05-01,10,VaxCare Tân Định,3,Vắc xin Bạch hầu – Ho gà – Uốn ván (DTaP/Tdap),2,5,60,4.9,1180,520000,4,5,0,15,182,504,0,50,0
2026-05-01,10,VaxCare Tân Định,4,Vắc xin Bại liệt (IPV),1,4,60,4.8,930,390000,4,5,0,8,185,691,0,50,0
2026-05-01,10,VaxCare Tân Định,5,Vắc xin Hib (Haemophilus influenzae type b),1,3,60,4.9,760,420000,4,5,0,7,281,596,0,50,0
2026-05-01,10,VaxCare Tân Định,6,Vắc xin MMR (Sởi – Quai bị – Rubella),2,2,28,4.9,1050,350000,4,5,0,11,271,308,0,50,0
2026-05-01,10,VaxCare Tân Định,7,Vắc xin Thủy đậu (Varicella),2,2,28,4.8,980,850000,4,5,0,7,169,403,0,50,0
2026-05-01,10,VaxCare Tân Định,8,Vắc xin Phế cầu (Pneumococcal),3,2,60,4.9,1360,1150000,4,5,0,14,140,350,0,50,0
2026-05-01,10,VaxCare Tân Định,9,Vắc xin Viêm não Nhật Bản,2,3,28,4.8,720,450000,4,5,0,7,162,394,0,50,0
2026-05-01,10,VaxCare Tân Định,10,Vắc xin Cúm mùa (Influenza),5,1,365,4.9,2180,450000,4,5,0,33,694,123,0,50,0
2026-05-01,10,VaxCare Tân Định,11,Vắc xin HPV (Human Papillomavirus),2,2,180,4.9,1240,1790000,4,5,0,12,153,307,0,50,0
2026-05-01,10,VaxCare Tân Định,12,Vắc xin COVID-19,3,2,180,4.7,1890,550000,4,5,0,32,361,600,0,50,0
2026-05-01,10,VaxCare Tân Định,13,Vắc xin Zona (Shingrix),4,2,60,4.9,640,3200000,4,5,0,3,76,523,0,50,0
2026-05-01,11,VaxCare An Lạc,1,Vắc xin BCG (Bacille Calmette–Guérin),1,1,0,4.9,860,250000,4,5,0,6,189,618,0,40,0
2026-05-01,11,VaxCare An Lạc,2,Vắc xin Viêm gan B (Hepatitis B),1,3,30,4.8,1420,350000,4,5,0,13,308,626,0,40,0
2026-05-01,11,VaxCare An Lạc,3,Vắc xin Bạch hầu – Ho gà – Uốn ván (DTaP/Tdap),2,5,60,4.9,1180,520000,4,5,0,11,201,470,0,40,0
2026-05-01,11,VaxCare An Lạc,4,Vắc xin Bại liệt (IPV),1,4,60,4.8,930,390000,4,5,0,8,238,286,0,40,0
2026-05-01,11,VaxCare An Lạc,5,Vắc xin Hib (Haemophilus influenzae type b),1,3,60,4.9,760,420000,4,5,0,9,161,601,0,40,0
2026-05-01,11,VaxCare An Lạc,6,Vắc xin MMR (Sởi – Quai bị – Rubella),2,2,28,4.9,1050,350000,4,5,0,9,220,634,0,40,0
2026-05-01,11,VaxCare An Lạc,7,Vắc xin Thủy đậu (Varicella),2,2,28,4.8,980,850000,4,5,0,9,156,476,0,40,0
2026-05-01,11,VaxCare An Lạc,8,Vắc xin Phế cầu (Pneumococcal),3,2,60,4.9,1360,1150000,4,5,0,11,122,645,0,40,0
2026-05-01,11,VaxCare An Lạc,9,Vắc xin Viêm não Nhật Bản,2,3,28,4.8,720,450000,4,5,0,5,132,660,0,40,0
2026-05-01,11,VaxCare An Lạc,10,Vắc xin Cúm mùa (Influenza),5,1,365,4.9,2180,450000,4,5,0,24,617,148,0,40,0
2026-05-01,11,VaxCare An Lạc,11,Vắc xin HPV (Human Papillomavirus),2,2,180,4.9,1240,1790000,4,5,0,9,154,563,0,40,0
2026-05-01,11,VaxCare An Lạc,12,Vắc xin COVID-19,3,2,180,4.7,1890,550000,4,5,0,25,321,450,0,40,0
2026-05-01,11,VaxCare An Lạc,13,Vắc xin Zona (Shingrix),4,2,60,4.9,640,3200000,4,5,0,6,70,427,0,40,0
2026-05-01,12,VaxCare Phú Thuận,1,Vắc xin BCG (Bacille Calmette–Guérin),1,1,0,4.9,860,250000,4,5,0,3,163,195,0,35,0
2026-05-01,12,VaxCare Phú Thuận,2,Vắc xin Viêm gan B (Hepatitis B),1,3,30,4.8,1420,350000,4,5,0,9,248,505,0,35,0
2026-05-01,12,VaxCare Phú Thuận,3,Vắc xin Bạch hầu – Ho gà – Uốn ván (DTaP/Tdap),2,5,60,4.9,1180,520000,4,5,0,10,183,580,0,35,0
2026-05-01,12,VaxCare Phú Thuận,4,Vắc xin Bại liệt (IPV),1,4,60,4.8,930,390000,4,5,0,10,178,619,0,35,0
2026-05-01,12,VaxCare Phú Thuận,5,Vắc xin Hib (Haemophilus influenzae type b),1,3,60,4.9,760,420000,4,5,0,7,169,357,0,35,0
2026-05-01,12,VaxCare Phú Thuận,6,Vắc xin MMR (Sởi – Quai bị – Rubella),2,2,28,4.9,1050,350000,4,5,0,11,258,342,0,35,0
2026-05-01,12,VaxCare Phú Thuận,7,Vắc xin Thủy đậu (Varicella),2,2,28,4.8,980,850000,4,5,0,13,152,309,0,35,0
2026-05-01,12,VaxCare Phú Thuận,8,Vắc xin Phế cầu (Pneumococcal),3,2,60,4.9,1360,1150000,4,5,0,9,120,446,0,35,0
2026-05-01,12,VaxCare Phú Thuận,9,Vắc xin Viêm não Nhật Bản,2,3,28,4.8,720,450000,4,5,0,7,156,388,0,35,0
2026-05-01,12,VaxCare Phú Thuận,10,Vắc xin Cúm mùa (Influenza),5,1,365,4.9,2180,450000,4,5,0,22,385,32,1,35,0
2026-05-01,12,VaxCare Phú Thuận,11,Vắc xin HPV (Human Papillomavirus),2,2,180,4.9,1240,1790000,4,5,0,11,173,260,0,35,0
2026-05-01,12,VaxCare Phú Thuận,12,Vắc xin COVID-19,3,2,180,4.7,1890,550000,4,5,0,23,305,313,0,35,0
2026-05-01,12,VaxCare Phú Thuận,13,Vắc xin Zona (Shingrix),4,2,60,4.9,640,3200000,4,5,0,5,78,425,0,35,0
2026-05-02,1,VaxCare Phú Nhuận,1,Vắc xin BCG (Bacille Calmette–Guérin),1,1,0,4.9,860,250000,5,5,1,6,287,378,0,50,0
2026-05-02,1,VaxCare Phú Nhuận,2,Vắc xin Viêm gan B (Hepatitis B),1,3,30,4.8,1420,350000,5,5,1,10,390,567,0,50,0
2026-05-02,1,VaxCare Phú Nhuận,3,Vắc xin Bạch hầu – Ho gà – Uốn ván (DTaP/Tdap),2,5,60,4.9,1180,520000,5,5,1,7,266,264,0,50,0
2026-05-02,1,VaxCare Phú Nhuận,4,Vắc xin Bại liệt (IPV),1,4,60,4.8,930,390000,5,5,1,5,325,285,0,50,0
2026-05-02,1,VaxCare Phú Nhuận,5,Vắc xin Hib (Haemophilus influenzae type b),1,3,60,4.9,760,420000,5,5,1,4,171,325,0,50,0
2026-05-02,1,VaxCare Phú Nhuận,6,Vắc xin MMR (Sởi – Quai bị – Rubella),2,2,28,4.9,1050,350000,5,5,1,3,261,259,0,50,0
2026-05-02,1,VaxCare Phú Nhuận,7,Vắc xin Thủy đậu (Varicella),2,2,28,4.8,980,850000,5,5,1,4,160,580,0,50,0
2026-05-02,1,VaxCare Phú Nhuận,8,Vắc xin Phế cầu (Pneumococcal),3,2,60,4.9,1360,1150000,5,5,1,5,99,255,0,50,0
2026-05-02,1,VaxCare Phú Nhuận,9,Vắc xin Viêm não Nhật Bản,2,3,28,4.8,720,450000,5,5,1,4,147,609,0,50,0
2026-05-02,1,VaxCare Phú Nhuận,10,Vắc xin Cúm mùa (Influenza),5,1,365,4.9,2180,450000,5,5,1,17,531,145,0,50,0
2026-05-02,1,VaxCare Phú Nhuận,11,Vắc xin HPV (Human Papillomavirus),2,2,180,4.9,1240,1790000,5,5,1,6,228,190,0,50,0
2026-05-02,1,VaxCare Phú Nhuận,12,Vắc xin COVID-19,3,2,180,4.7,1890,550000,5,5,1,9,385,531,0,50,0
2026-05-02,1,VaxCare Phú Nhuận,13,Vắc xin Zona (Shingrix),4,2,60,4.9,640,3200000,5,5,1,2,102,185,0,50,0
2026-05-02,2,VaxCare Thủ Đức - Bình Chiểu,1,Vắc xin BCG (Bacille Calmette–Guérin),1,1,0,4.9,860,250000,5,5,1,5,181,377,0,40,0
2026-05-02,2,VaxCare Thủ Đức - Bình Chiểu,2,Vắc xin Viêm gan B (Hepatitis B),1,3,30,4.8,1420,350000,5,5,1,8,347,336,0,40,0
2026-05-02,2,VaxCare Thủ Đức - Bình Chiểu,3,Vắc xin Bạch hầu – Ho gà – Uốn ván (DTaP/Tdap),2,5,60,4.9,1180,520000,5,5,1,5,164,402,0,40,0
2026-05-02,2,VaxCare Thủ Đức - Bình Chiểu,4,Vắc xin Bại liệt (IPV),1,4,60,4.8,930,390000,5,5,1,4,163,265,0,40,0
2026-05-02,2,VaxCare Thủ Đức - Bình Chiểu,5,Vắc xin Hib (Haemophilus influenzae type b),1,3,60,4.9,760,420000,5,5,1,3,215,460,0,40,0
2026-05-02,2,VaxCare Thủ Đức - Bình Chiểu,6,Vắc xin MMR (Sởi – Quai bị – Rubella),2,2,28,4.9,1050,350000,5,5,1,5,264,481,0,40,0
2026-05-02,2,VaxCare Thủ Đức - Bình Chiểu,7,Vắc xin Thủy đậu (Varicella),2,2,28,4.8,980,850000,5,5,1,3,142,589,0,40,0
2026-05-02,2,VaxCare Thủ Đức - Bình Chiểu,8,Vắc xin Phế cầu (Pneumococcal),3,2,60,4.9,1360,1150000,5,5,1,5,122,382,0,40,0
2026-05-02,2,VaxCare Thủ Đức - Bình Chiểu,9,Vắc xin Viêm não Nhật Bản,2,3,28,4.8,720,450000,5,5,1,2,146,285,0,40,0
2026-05-02,2,VaxCare Thủ Đức - Bình Chiểu,10,Vắc xin Cúm mùa (Influenza),5,1,365,4.9,2180,450000,5,5,1,11,501,82,1,40,0
2026-05-02,2,VaxCare Thủ Đức - Bình Chiểu,11,Vắc xin HPV (Human Papillomavirus),2,2,180,4.9,1240,1790000,5,5,1,6,213,636,0,40,0
2026-05-02,2,VaxCare Thủ Đức - Bình Chiểu,12,Vắc xin COVID-19,3,2,180,4.7,1890,550000,5,5,1,9,268,290,0,40,0
2026-05-02,2,VaxCare Thủ Đức - Bình Chiểu,13,Vắc xin Zona (Shingrix),4,2,60,4.9,640,3200000,5,5,1,2,63,541,0,40,0
2026-05-02,3,VaxCare Nowzone,1,Vắc xin BCG (Bacille Calmette–Guérin),1,1,0,4.9,860,250000,5,5,1,5,253,351,0,60,0
2026-05-02,3,VaxCare Nowzone,2,Vắc xin Viêm gan B (Hepatitis B),1,3,30,4.8,1420,350000,5,5,1,7,453,599,0,60,0
2026-05-02,3,VaxCare Nowzone,3,Vắc xin Bạch hầu – Ho gà – Uốn ván (DTaP/Tdap),2,5,60,4.9,1180,520000,5,5,1,6,209,210,0,60,0
2026-05-02,3,VaxCare Nowzone,4,Vắc xin Bại liệt (IPV),1,4,60,4.8,930,390000,5,5,1,4,205,370,0,60,0
2026-05-02,3,VaxCare Nowzone,5,Vắc xin Hib (Haemophilus influenzae type b),1,3,60,4.9,760,420000,5,5,1,5,203,560,0,60,0
2026-05-02,3,VaxCare Nowzone,6,Vắc xin MMR (Sởi – Quai bị – Rubella),2,2,28,4.9,1050,350000,5,5,1,6,276,189,0,60,0
2026-05-02,3,VaxCare Nowzone,7,Vắc xin Thủy đậu (Varicella),2,2,28,4.8,980,850000,5,5,1,6,162,516,0,60,0
2026-05-02,3,VaxCare Nowzone,8,Vắc xin Phế cầu (Pneumococcal),3,2,60,4.9,1360,1150000,5,5,1,6,98,247,0,60,0
2026-05-02,3,VaxCare Nowzone,9,Vắc xin Viêm não Nhật Bản,2,3,28,4.8,720,450000,5,5,1,2,148,402,0,60,0
2026-05-02,3,VaxCare Nowzone,10,Vắc xin Cúm mùa (Influenza),5,1,365,4.9,2180,450000,5,5,1,9,452,185,0,60,0
2026-05-02,3,VaxCare Nowzone,11,Vắc xin HPV (Human Papillomavirus),2,2,180,4.9,1240,1790000,5,5,1,6,252,611,0,60,0
2026-05-02,3,VaxCare Nowzone,12,Vắc xin COVID-19,3,2,180,4.7,1890,550000,5,5,1,9,352,507,0,60,0
2026-05-02,3,VaxCare Nowzone,13,Vắc xin Zona (Shingrix),4,2,60,4.9,640,3200000,5,5,1,3,79,685,0,60,0
2026-05-02,4,VaxCare Củ Chi - Bình Mỹ,1,Vắc xin BCG (Bacille Calmette–Guérin),1,1,0,4.9,860,250000,5,5,1,4,175,302,0,30,0
2026-05-02,4,VaxCare Củ Chi - Bình Mỹ,2,Vắc xin Viêm gan B (Hepatitis B),1,3,30,4.8,1420,350000,5,5,1,6,202,514,0,30,0
2026-05-02,4,VaxCare Củ Chi - Bình Mỹ,3,Vắc xin Bạch hầu – Ho gà – Uốn ván (DTaP/Tdap),2,5,60,4.9,1180,520000,5,5,1,5,167,201,0,30,0
2026-05-02,4,VaxCare Củ Chi - Bình Mỹ,4,Vắc xin Bại liệt (IPV),1,4,60,4.8,930,390000,5,5,1,1,152,471,0,30,0
2026-05-02,4,VaxCare Củ Chi - Bình Mỹ,5,Vắc xin Hib (Haemophilus influenzae type b),1,3,60,4.9,760,420000,5,5,1,2,105,220,0,30,0
2026-05-02,4,VaxCare Củ Chi - Bình Mỹ,6,Vắc xin MMR (Sởi – Quai bị – Rubella),2,2,28,4.9,1050,350000,5,5,1,3,174,661,0,30,0
2026-05-02,4,VaxCare Củ Chi - Bình Mỹ,7,Vắc xin Thủy đậu (Varicella),2,2,28,4.8,980,850000,5,5,1,3,95,488,0,30,0
2026-05-02,4,VaxCare Củ Chi - Bình Mỹ,8,Vắc xin Phế cầu (Pneumococcal),3,2,60,4.9,1360,1150000,5,5,1,4,70,261,0,30,0
2026-05-02,4,VaxCare Củ Chi - Bình Mỹ,9,Vắc xin Viêm não Nhật Bản,2,3,28,4.8,720,450000,5,5,1,1,105,228,0,30,0
2026-05-02,4,VaxCare Củ Chi - Bình Mỹ,10,Vắc xin Cúm mùa (Influenza),5,1,365,4.9,2180,450000,5,5,1,3,346,194,0,30,0
2026-05-02,4,VaxCare Củ Chi - Bình Mỹ,11,Vắc xin HPV (Human Papillomavirus),2,2,180,4.9,1240,1790000,5,5,1,3,161,285,0,30,0
2026-05-02,4,VaxCare Củ Chi - Bình Mỹ,12,Vắc xin COVID-19,3,2,180,4.7,1890,550000,5,5,1,12,149,322,0,30,0
2026-05-02,4,VaxCare Củ Chi - Bình Mỹ,13,Vắc xin Zona (Shingrix),4,2,60,4.9,640,3200000,5,5,1,1,49,626,0,30,0
2026-05-02,5,VaxCare Trung Mỹ Tây,1,Vắc xin BCG (Bacille Calmette–Guérin),1,1,0,4.9,860,250000,5,5,1,4,195,557,0,40,0
2026-05-02,5,VaxCare Trung Mỹ Tây,2,Vắc xin Viêm gan B (Hepatitis B),1,3,30,4.8,1420,350000,5,5,1,4,388,233,0,40,0
2026-05-02,5,VaxCare Trung Mỹ Tây,3,Vắc xin Bạch hầu – Ho gà – Uốn ván (DTaP/Tdap),2,5,60,4.9,1180,520000,5,5,1,6,171,229,0,40,0
2026-05-02,5,VaxCare Trung Mỹ Tây,4,Vắc xin Bại liệt (IPV),1,4,60,4.8,930,390000,5,5,1,4,273,517,0,40,0
2026-05-02,5,VaxCare Trung Mỹ Tây,5,Vắc xin Hib (Haemophilus influenzae type b),1,3,60,4.9,760,420000,5,5,1,4,209,354,0,40,0
2026-05-02,5,VaxCare Trung Mỹ Tây,6,Vắc xin MMR (Sởi – Quai bị – Rubella),2,2,28,4.9,1050,350000,5,5,1,3,315,309,0,40,0
2026-05-02,5,VaxCare Trung Mỹ Tây,7,Vắc xin Thủy đậu (Varicella),2,2,28,4.8,980,850000,5,5,1,4,144,603,0,40,0
2026-05-02,5,VaxCare Trung Mỹ Tây,8,Vắc xin Phế cầu (Pneumococcal),3,2,60,4.9,1360,1150000,5,5,1,4,119,426,0,40,0
2026-05-02,5,VaxCare Trung Mỹ Tây,9,Vắc xin Viêm não Nhật Bản,2,3,28,4.8,720,450000,5,5,1,3,133,509,0,40,0
2026-05-02,5,VaxCare Trung Mỹ Tây,10,Vắc xin Cúm mùa (Influenza),5,1,365,4.9,2180,450000,5,5,1,14,550,53,1,40,0
2026-05-02,5,VaxCare Trung Mỹ Tây,11,Vắc xin HPV (Human Papillomavirus),2,2,180,4.9,1240,1790000,5,5,1,4,160,264,0,40,0
2026-05-02,5,VaxCare Trung Mỹ Tây,12,Vắc xin COVID-19,3,2,180,4.7,1890,550000,5,5,1,11,270,390,0,40,0
2026-05-02,5,VaxCare Trung Mỹ Tây,13,Vắc xin Zona (Shingrix),4,2,60,4.9,640,3200000,5,5,1,3,78,241,0,40,0
2026-05-02,6,VaxCare Co.opmart Quang Trung,1,Vắc xin BCG (Bacille Calmette–Guérin),1,1,0,4.9,860,250000,5,5,1,5,200,574,0,50,0
2026-05-02,6,VaxCare Co.opmart Quang Trung,2,Vắc xin Viêm gan B (Hepatitis B),1,3,30,4.8,1420,350000,5,5,1,6,269,393,0,50,0
2026-05-02,6,VaxCare Co.opmart Quang Trung,3,Vắc xin Bạch hầu – Ho gà – Uốn ván (DTaP/Tdap),2,5,60,4.9,1180,520000,5,5,1,5,250,499,0,50,0
2026-05-02,6,VaxCare Co.opmart Quang Trung,4,Vắc xin Bại liệt (IPV),1,4,60,4.8,930,390000,5,5,1,4,252,288,0,50,0
2026-05-02,6,VaxCare Co.opmart Quang Trung,5,Vắc xin Hib (Haemophilus influenzae type b),1,3,60,4.9,760,420000,5,5,1,4,237,574,0,50,0
2026-05-02,6,VaxCare Co.opmart Quang Trung,6,Vắc xin MMR (Sởi – Quai bị – Rubella),2,2,28,4.9,1050,350000,5,5,1,5,345,589,0,50,0
2026-05-02,6,VaxCare Co.opmart Quang Trung,7,Vắc xin Thủy đậu (Varicella),2,2,28,4.8,980,850000,5,5,1,3,122,348,0,50,0
2026-05-02,6,VaxCare Co.opmart Quang Trung,8,Vắc xin Phế cầu (Pneumococcal),3,2,60,4.9,1360,1150000,5,5,1,5,110,652,0,50,0
2026-05-02,6,VaxCare Co.opmart Quang Trung,9,Vắc xin Viêm não Nhật Bản,2,3,28,4.8,720,450000,5,5,1,4,156,196,0,50,0
2026-05-02,6,VaxCare Co.opmart Quang Trung,10,Vắc xin Cúm mùa (Influenza),5,1,365,4.9,2180,450000,5,5,1,14,584,37,1,50,0
2026-05-02,6,VaxCare Co.opmart Quang Trung,11,Vắc xin HPV (Human Papillomavirus),2,2,180,4.9,1240,1790000,5,5,1,4,168,451,0,50,0
2026-05-02,6,VaxCare Co.opmart Quang Trung,12,Vắc xin COVID-19,3,2,180,4.7,1890,550000,5,5,1,4,226,621,0,50,0
2026-05-02,6,VaxCare Co.opmart Quang Trung,13,Vắc xin Zona (Shingrix),4,2,60,4.9,640,3200000,5,5,1,2,59,621,0,50,0
2026-05-02,7,VaxCare Oriental Plaza,1,Vắc xin BCG (Bacille Calmette–Guérin),1,1,0,4.9,860,250000,5,5,1,4,237,459,0,45,0
2026-05-02,7,VaxCare Oriental Plaza,2,Vắc xin Viêm gan B (Hepatitis B),1,3,30,4.8,1420,350000,5,5,1,6,310,571,0,45,0
2026-05-02,7,VaxCare Oriental Plaza,3,Vắc xin Bạch hầu – Ho gà – Uốn ván (DTaP/Tdap),2,5,60,4.9,1180,520000,5,5,1,4,222,481,0,45,0
2026-05-02,7,VaxCare Oriental Plaza,4,Vắc xin Bại liệt (IPV),1,4,60,4.8,930,390000,5,5,1,5,194,462,0,45,0
2026-05-02,7,VaxCare Oriental Plaza,5,Vắc xin Hib (Haemophilus influenzae type b),1,3,60,4.9,760,420000,5,5,1,1,200,623,0,45,0
2026-05-02,7,VaxCare Oriental Plaza,6,Vắc xin MMR (Sởi – Quai bị – Rubella),2,2,28,4.9,1050,350000,5,5,1,6,221,434,0,45,0
2026-05-02,7,VaxCare Oriental Plaza,7,Vắc xin Thủy đậu (Varicella),2,2,28,4.8,980,850000,5,5,1,5,171,234,0,45,0
2026-05-02,7,VaxCare Oriental Plaza,8,Vắc xin Phế cầu (Pneumococcal),3,2,60,4.9,1360,1150000,5,5,1,6,123,247,0,45,0
2026-05-02,7,VaxCare Oriental Plaza,9,Vắc xin Viêm não Nhật Bản,2,3,28,4.8,720,450000,5,5,1,3,130,594,0,45,0
2026-05-02,7,VaxCare Oriental Plaza,10,Vắc xin Cúm mùa (Influenza),5,1,365,4.9,2180,450000,5,5,1,9,456,98,0,45,0
2026-05-02,7,VaxCare Oriental Plaza,11,Vắc xin HPV (Human Papillomavirus),2,2,180,4.9,1240,1790000,5,5,1,4,185,388,0,45,0
2026-05-02,7,VaxCare Oriental Plaza,12,Vắc xin COVID-19,3,2,180,4.7,1890,550000,5,5,1,13,269,474,0,45,0
2026-05-02,7,VaxCare Oriental Plaza,13,Vắc xin Zona (Shingrix),4,2,60,4.9,640,3200000,5,5,1,2,69,695,0,45,0
2026-05-02,8,VaxCare Hóc Môn - Đông Thạnh,1,Vắc xin BCG (Bacille Calmette–Guérin),1,1,0,4.9,860,250000,5,5,1,3,222,492,0,30,0
2026-05-02,8,VaxCare Hóc Môn - Đông Thạnh,2,Vắc xin Viêm gan B (Hepatitis B),1,3,30,4.8,1420,350000,5,5,1,5,281,502,0,30,0
2026-05-02,8,VaxCare Hóc Môn - Đông Thạnh,3,Vắc xin Bạch hầu – Ho gà – Uốn ván (DTaP/Tdap),2,5,60,4.9,1180,520000,5,5,1,4,161,520,0,30,0
2026-05-02,8,VaxCare Hóc Môn - Đông Thạnh,4,Vắc xin Bại liệt (IPV),1,4,60,4.8,930,390000,5,5,1,3,191,665,0,30,0
2026-05-02,8,VaxCare Hóc Môn - Đông Thạnh,5,Vắc xin Hib (Haemophilus influenzae type b),1,3,60,4.9,760,420000,5,5,1,1,135,450,0,30,0
2026-05-02,8,VaxCare Hóc Môn - Đông Thạnh,6,Vắc xin MMR (Sởi – Quai bị – Rubella),2,2,28,4.9,1050,350000,5,5,1,4,249,189,0,30,0
2026-05-02,8,VaxCare Hóc Môn - Đông Thạnh,7,Vắc xin Thủy đậu (Varicella),2,2,28,4.8,980,850000,5,5,1,4,119,181,0,30,0
2026-05-02,8,VaxCare Hóc Môn - Đông Thạnh,8,Vắc xin Phế cầu (Pneumococcal),3,2,60,4.9,1360,1150000,5,5,1,4,83,292,0,30,0
2026-05-02,8,VaxCare Hóc Môn - Đông Thạnh,9,Vắc xin Viêm não Nhật Bản,2,3,28,4.8,720,450000,5,5,1,3,83,477,0,30,0
2026-05-02,8,VaxCare Hóc Môn - Đông Thạnh,10,Vắc xin Cúm mùa (Influenza),5,1,365,4.9,2180,450000,5,5,1,8,442,67,1,30,0
2026-05-02,8,VaxCare Hóc Môn - Đông Thạnh,11,Vắc xin HPV (Human Papillomavirus),2,2,180,4.9,1240,1790000,5,5,1,1,146,523,0,30,0
2026-05-02,8,VaxCare Hóc Môn - Đông Thạnh,12,Vắc xin COVID-19,3,2,180,4.7,1890,550000,5,5,1,4,211,443,0,30,0
2026-05-02,8,VaxCare Hóc Môn - Đông Thạnh,13,Vắc xin Zona (Shingrix),4,2,60,4.9,640,3200000,5,5,1,1,53,649,0,30,0
2026-05-02,9,VaxCare Hiệp Bình,1,Vắc xin BCG (Bacille Calmette–Guérin),1,1,0,4.9,860,250000,5,5,1,3,170,521,0,40,0
2026-05-02,9,VaxCare Hiệp Bình,2,Vắc xin Viêm gan B (Hepatitis B),1,3,30,4.8,1420,350000,5,5,1,7,379,456,0,40,0
2026-05-02,9,VaxCare Hiệp Bình,3,Vắc xin Bạch hầu – Ho gà – Uốn ván (DTaP/Tdap),2,5,60,4.9,1180,520000,5,5,1,4,218,600,0,40,0
2026-05-02,9,VaxCare Hiệp Bình,4,Vắc xin Bại liệt (IPV),1,4,60,4.8,930,390000,5,5,1,6,265,689,0,40,0
2026-05-02,9,VaxCare Hiệp Bình,5,Vắc xin Hib (Haemophilus influenzae type b),1,3,60,4.9,760,420000,5,5,1,1,144,391,0,40,0
2026-05-02,9,VaxCare Hiệp Bình,6,Vắc xin MMR (Sởi – Quai bị – Rubella),2,2,28,4.9,1050,350000,5,5,1,5,301,290,0,40,0
2026-05-02,9,VaxCare Hiệp Bình,7,Vắc xin Thủy đậu (Varicella),2,2,28,4.8,980,850000,5,5,1,3,183,359,0,40,0
2026-05-02,9,VaxCare Hiệp Bình,8,Vắc xin Phế cầu (Pneumococcal),3,2,60,4.9,1360,1150000,5,5,1,3,90,580,0,40,0
2026-05-02,9,VaxCare Hiệp Bình,9,Vắc xin Viêm não Nhật Bản,2,3,28,4.8,720,450000,5,5,1,3,136,375,0,40,0
2026-05-02,9,VaxCare Hiệp Bình,10,Vắc xin Cúm mùa (Influenza),5,1,365,4.9,2180,450000,5,5,1,6,376,61,1,40,0
2026-05-02,9,VaxCare Hiệp Bình,11,Vắc xin HPV (Human Papillomavirus),2,2,180,4.9,1240,1790000,5,5,1,4,171,535,0,40,0
2026-05-02,9,VaxCare Hiệp Bình,12,Vắc xin COVID-19,3,2,180,4.7,1890,550000,5,5,1,5,255,330,0,40,0
2026-05-02,9,VaxCare Hiệp Bình,13,Vắc xin Zona (Shingrix),4,2,60,4.9,640,3200000,5,5,1,1,70,476,0,40,0
2026-05-02,10,VaxCare Tân Định,1,Vắc xin BCG (Bacille Calmette–Guérin),1,1,0,4.9,860,250000,5,5,1,4,283,678,0,50,0
2026-05-02,10,VaxCare Tân Định,2,Vắc xin Viêm gan B (Hepatitis B),1,3,30,4.8,1420,350000,5,5,1,8,318,644,0,50,0
2026-05-02,10,VaxCare Tân Định,3,Vắc xin Bạch hầu – Ho gà – Uốn ván (DTaP/Tdap),2,5,60,4.9,1180,520000,5,5,1,5,184,306,0,50,0
2026-05-02,10,VaxCare Tân Định,4,Vắc xin Bại liệt (IPV),1,4,60,4.8,930,390000,5,5,1,6,184,620,0,50,0
2026-05-02,10,VaxCare Tân Định,5,Vắc xin Hib (Haemophilus influenzae type b),1,3,60,4.9,760,420000,5,5,1,4,197,437,0,50,0
2026-05-02,10,VaxCare Tân Định,6,Vắc xin MMR (Sởi – Quai bị – Rubella),2,2,28,4.9,1050,350000,5,5,1,6,260,694,0,50,0
2026-05-02,10,VaxCare Tân Định,7,Vắc xin Thủy đậu (Varicella),2,2,28,4.8,980,850000,5,5,1,4,172,457,0,50,0
2026-05-02,10,VaxCare Tân Định,8,Vắc xin Phế cầu (Pneumococcal),3,2,60,4.9,1360,1150000,5,5,1,5,101,262,0,50,0
2026-05-02,10,VaxCare Tân Định,9,Vắc xin Viêm não Nhật Bản,2,3,28,4.8,720,450000,5,5,1,3,141,543,0,50,0
2026-05-02,10,VaxCare Tân Định,10,Vắc xin Cúm mùa (Influenza),5,1,365,4.9,2180,450000,5,5,1,10,485,132,0,50,0
2026-05-02,10,VaxCare Tân Định,11,Vắc xin HPV (Human Papillomavirus),2,2,180,4.9,1240,1790000,5,5,1,4,244,489,0,50,0
2026-05-02,10,VaxCare Tân Định,12,Vắc xin COVID-19,3,2,180,4.7,1890,550000,5,5,1,6,347,626,0,50,0
2026-05-02,10,VaxCare Tân Định,13,Vắc xin Zona (Shingrix),4,2,60,4.9,640,3200000,5,5,1,3,96,322,0,50,0
2026-05-02,11,VaxCare An Lạc,1,Vắc xin BCG (Bacille Calmette–Guérin),1,1,0,4.9,860,250000,5,5,1,2,252,318,0,40,0
2026-05-02,11,VaxCare An Lạc,2,Vắc xin Viêm gan B (Hepatitis B),1,3,30,4.8,1420,350000,5,5,1,7,306,492,0,40,0
2026-05-02,11,VaxCare An Lạc,3,Vắc xin Bạch hầu – Ho gà – Uốn ván (DTaP/Tdap),2,5,60,4.9,1180,520000,5,5,1,6,163,367,0,40,0
2026-05-02,11,VaxCare An Lạc,4,Vắc xin Bại liệt (IPV),1,4,60,4.8,930,390000,5,5,1,4,198,321,0,40,0
2026-05-02,11,VaxCare An Lạc,5,Vắc xin Hib (Haemophilus influenzae type b),1,3,60,4.9,760,420000,5,5,1,5,201,546,0,40,0
2026-05-02,11,VaxCare An Lạc,6,Vắc xin MMR (Sởi – Quai bị – Rubella),2,2,28,4.9,1050,350000,5,5,1,5,262,610,0,40,0
2026-05-02,11,VaxCare An Lạc,7,Vắc xin Thủy đậu (Varicella),2,2,28,4.8,980,850000,5,5,1,4,167,207,0,40,0
2026-05-02,11,VaxCare An Lạc,8,Vắc xin Phế cầu (Pneumococcal),3,2,60,4.9,1360,1150000,5,5,1,5,120,323,0,40,0
2026-05-02,11,VaxCare An Lạc,9,Vắc xin Viêm não Nhật Bản,2,3,28,4.8,720,450000,5,5,1,4,154,428,0,40,0
2026-05-02,11,VaxCare An Lạc,10,Vắc xin Cúm mùa (Influenza),5,1,365,4.9,2180,450000,5,5,1,9,499,188,0,40,0
2026-05-02,11,VaxCare An Lạc,11,Vắc xin HPV (Human Papillomavirus),2,2,180,4.9,1240,1790000,5,5,1,5,165,582,0,40,0
2026-05-02,11,VaxCare An Lạc,12,Vắc xin COVID-19,3,2,180,4.7,1890,550000,5,5,1,4,230,651,0,40,0
2026-05-02,11,VaxCare An Lạc,13,Vắc xin Zona (Shingrix),4,2,60,4.9,640,3200000,5,5,1,2,69,456,0,40,0
2026-05-02,12,VaxCare Phú Thuận,1,Vắc xin BCG (Bacille Calmette–Guérin),1,1,0,4.9,860,250000,5,5,1,5,273,279,0,35,0
2026-05-02,12,VaxCare Phú Thuận,2,Vắc xin Viêm gan B (Hepatitis B),1,3,30,4.8,1420,350000,5,5,1,6,386,519,0,35,0
2026-05-02,12,VaxCare Phú Thuận,3,Vắc xin Bạch hầu – Ho gà – Uốn ván (DTaP/Tdap),2,5,60,4.9,1180,520000,5,5,1,4,256,234,0,35,0
2026-05-02,12,VaxCare Phú Thuận,4,Vắc xin Bại liệt (IPV),1,4,60,4.8,930,390000,5,5,1,4,252,687,0,35,0
2026-05-02,12,VaxCare Phú Thuận,5,Vắc xin Hib (Haemophilus influenzae type b),1,3,60,4.9,760,420000,5,5,1,2,155,498,0,35,0
2026-05-02,12,VaxCare Phú Thuận,6,Vắc xin MMR (Sởi – Quai bị – Rubella),2,2,28,4.9,1050,350000,5,5,1,6,311,676,0,35,0
2026-05-02,12,VaxCare Phú Thuận,7,Vắc xin Thủy đậu (Varicella),2,2,28,4.8,980,850000,5,5,1,5,146,248,0,35,0
2026-05-02,12,VaxCare Phú Thuận,8,Vắc xin Phế cầu (Pneumococcal),3,2,60,4.9,1360,1150000,5,5,1,5,84,279,0,35,0
2026-05-02,12,VaxCare Phú Thuận,9,Vắc xin Viêm não Nhật Bản,2,3,28,4.8,720,450000,5,5,1,4,120,205,0,35,0
2026-05-02,12,VaxCare Phú Thuận,10,Vắc xin Cúm mùa (Influenza),5,1,365,4.9,2180,450000,5,5,1,13,571,44,1,35,0
2026-05-02,12,VaxCare Phú Thuận,11,Vắc xin HPV (Human Papillomavirus),2,2,180,4.9,1240,1790000,5,5,1,4,210,675,0,35,0
2026-05-02,12,VaxCare Phú Thuận,12,Vắc xin COVID-19,3,2,180,4.7,1890,550000,5,5,1,13,359,446,0,35,0
2026-05-02,12,VaxCare Phú Thuận,13,Vắc xin Zona (Shingrix),4,2,60,4.9,640,3200000,5,5,1,2,85,306,0,35,0
2026-05-03,1,VaxCare Phú Nhuận,1,Vắc xin BCG (Bacille Calmette–Guérin),1,1,0,4.9,860,250000,6,5,1,6,253,325,0,50,0
2026-05-03,1,VaxCare Phú Nhuận,2,Vắc xin Viêm gan B (Hepatitis B),1,3,30,4.8,1420,350000,6,5,1,10,426,385,0,50,0
2026-05-03,1,VaxCare Phú Nhuận,3,Vắc xin Bạch hầu – Ho gà – Uốn ván (DTaP/Tdap),2,5,60,4.9,1180,520000,6,5,1,6,226,282,0,50,0
2026-05-03,1,VaxCare Phú Nhuận,4,Vắc xin Bại liệt (IPV),1,4,60,4.8,930,390000,6,5,1,5,313,461,0,50,0
2026-05-03,1,VaxCare Phú Nhuận,5,Vắc xin Hib (Haemophilus influenzae type b),1,3,60,4.9,760,420000,6,5,1,2,215,606,0,50,0
2026-05-03,1,VaxCare Phú Nhuận,6,Vắc xin MMR (Sởi – Quai bị – Rubella),2,2,28,4.9,1050,350000,6,5,1,4,344,470,0,50,0
2026-05-03,1,VaxCare Phú Nhuận,7,Vắc xin Thủy đậu (Varicella),2,2,28,4.8,980,850000,6,5,1,5,146,490,0,50,0
2026-05-03,1,VaxCare Phú Nhuận,8,Vắc xin Phế cầu (Pneumococcal),3,2,60,4.9,1360,1150000,6,5,1,6,77,543,0,50,0
2026-05-03,1,VaxCare Phú Nhuận,9,Vắc xin Viêm não Nhật Bản,2,3,28,4.8,720,450000,6,5,1,3,197,649,0,50,0
2026-05-03,1,VaxCare Phú Nhuận,10,Vắc xin Cúm mùa (Influenza),5,1,365,4.9,2180,450000,6,5,1,10,493,158,0,50,0
2026-05-03,1,VaxCare Phú Nhuận,11,Vắc xin HPV (Human Papillomavirus),2,2,180,4.9,1240,1790000,6,5,1,5,234,579,0,50,0
2026-05-03,1,VaxCare Phú Nhuận,12,Vắc xin COVID-19,3,2,180,4.7,1890,550000,6,5,1,10,334,335,0,50,0
2026-05-03,1,VaxCare Phú Nhuận,13,Vắc xin Zona (Shingrix),4,2,60,4.9,640,3200000,6,5,1,2,70,323,0,50,0
2026-05-03,2,VaxCare Thủ Đức - Bình Chiểu,1,Vắc xin BCG (Bacille Calmette–Guérin),1,1,0,4.9,860,250000,6,5,1,2,203,249,0,40,0
2026-05-03,2,VaxCare Thủ Đức - Bình Chiểu,2,Vắc xin Viêm gan B (Hepatitis B),1,3,30,4.8,1420,350000,6,5,1,7,389,663,0,40,0
2026-05-03,2,VaxCare Thủ Đức - Bình Chiểu,3,Vắc xin Bạch hầu – Ho gà – Uốn ván (DTaP/Tdap),2,5,60,4.9,1180,520000,6,5,1,5,221,699,0,40,0
2026-05-03,2,VaxCare Thủ Đức - Bình Chiểu,4,Vắc xin Bại liệt (IPV),1,4,60,4.8,930,390000,6,5,1,6,245,511,0,40,0
2026-05-03,2,VaxCare Thủ Đức - Bình Chiểu,5,Vắc xin Hib (Haemophilus influenzae type b),1,3,60,4.9,760,420000,6,5,1,4,207,593,0,40,0
2026-05-03,2,VaxCare Thủ Đức - Bình Chiểu,6,Vắc xin MMR (Sởi – Quai bị – Rubella),2,2,28,4.9,1050,350000,6,5,1,5,218,342,0,40,0
2026-05-03,2,VaxCare Thủ Đức - Bình Chiểu,7,Vắc xin Thủy đậu (Varicella),2,2,28,4.8,980,850000,6,5,1,2,129,667,0,40,0
2026-05-03,2,VaxCare Thủ Đức - Bình Chiểu,8,Vắc xin Phế cầu (Pneumococcal),3,2,60,4.9,1360,1150000,6,5,1,8,108,422,0,40,0
2026-05-03,2,VaxCare Thủ Đức - Bình Chiểu,9,Vắc xin Viêm não Nhật Bản,2,3,28,4.8,720,450000,6,5,1,4,116,573,0,40,0
2026-05-03,2,VaxCare Thủ Đức - Bình Chiểu,10,Vắc xin Cúm mùa (Influenza),5,1,365,4.9,2180,450000,6,5,1,8,538,45,1,40,0
2026-05-03,2,VaxCare Thủ Đức - Bình Chiểu,11,Vắc xin HPV (Human Papillomavirus),2,2,180,4.9,1240,1790000,6,5,1,5,173,254,0,40,0
2026-05-03,2,VaxCare Thủ Đức - Bình Chiểu,12,Vắc xin COVID-19,3,2,180,4.7,1890,550000,6,5,1,11,278,210,0,40,0
2026-05-03,2,VaxCare Thủ Đức - Bình Chiểu,13,Vắc xin Zona (Shingrix),4,2,60,4.9,640,3200000,6,5,1,2,70,640,0,40,0
2026-05-03,3,VaxCare Nowzone,1,Vắc xin BCG (Bacille Calmette–Guérin),1,1,0,4.9,860,250000,6,5,1,3,244,438,0,60,0
2026-05-03,3,VaxCare Nowzone,2,Vắc xin Viêm gan B (Hepatitis B),1,3,30,4.8,1420,350000,6,5,1,9,362,386,0,60,0
2026-05-03,3,VaxCare Nowzone,3,Vắc xin Bạch hầu – Ho gà – Uốn ván (DTaP/Tdap),2,5,60,4.9,1180,520000,6,5,1,7,264,376,0,60,0
2026-05-03,3,VaxCare Nowzone,4,Vắc xin Bại liệt (IPV),1,4,60,4.8,930,390000,6,5,1,5,210,278,0,60,0
2026-05-03,3,VaxCare Nowzone,5,Vắc xin Hib (Haemophilus influenzae type b),1,3,60,4.9,760,420000,6,5,1,4,177,548,0,60,0
2026-05-03,3,VaxCare Nowzone,6,Vắc xin MMR (Sởi – Quai bị – Rubella),2,2,28,4.9,1050,350000,6,5,1,7,350,369,0,60,0
2026-05-03,3,VaxCare Nowzone,7,Vắc xin Thủy đậu (Varicella),2,2,28,4.8,980,850000,6,5,1,4,172,392,0,60,0
2026-05-03,3,VaxCare Nowzone,8,Vắc xin Phế cầu (Pneumococcal),3,2,60,4.9,1360,1150000,6,5,1,2,126,540,0,60,0
2026-05-03,3,VaxCare Nowzone,9,Vắc xin Viêm não Nhật Bản,2,3,28,4.8,720,450000,6,5,1,4,154,248,0,60,0
2026-05-03,3,VaxCare Nowzone,10,Vắc xin Cúm mùa (Influenza),5,1,365,4.9,2180,450000,6,5,1,16,527,175,0,60,0
2026-05-03,3,VaxCare Nowzone,11,Vắc xin HPV (Human Papillomavirus),2,2,180,4.9,1240,1790000,6,5,1,5,143,300,0,60,0
2026-05-03,3,VaxCare Nowzone,12,Vắc xin COVID-19,3,2,180,4.7,1890,550000,6,5,1,5,332,518,0,60,0
2026-05-03,3,VaxCare Nowzone,13,Vắc xin Zona (Shingrix),4,2,60,4.9,640,3200000,6,5,1,2,51,579,0,60,1
2026-05-03,4,VaxCare Củ Chi - Bình Mỹ,1,Vắc xin BCG (Bacille Calmette–Guérin),1,1,0,4.9,860,250000,6,5,1,3,188,474,0,30,0
2026-05-03,4,VaxCare Củ Chi - Bình Mỹ,2,Vắc xin Viêm gan B (Hepatitis B),1,3,30,4.8,1420,350000,6,5,1,3,192,692,0,30,0
2026-05-03,4,VaxCare Củ Chi - Bình Mỹ,3,Vắc xin Bạch hầu – Ho gà – Uốn ván (DTaP/Tdap),2,5,60,4.9,1180,520000,6,5,1,3,145,293,0,30,0
2026-05-03,4,VaxCare Củ Chi - Bình Mỹ,4,Vắc xin Bại liệt (IPV),1,4,60,4.8,930,390000,6,5,1,4,180,210,0,30,0
2026-05-03,4,VaxCare Củ Chi - Bình Mỹ,5,Vắc xin Hib (Haemophilus influenzae type b),1,3,60,4.9,760,420000,6,5,1,2,102,385,0,30,0
2026-05-03,4,VaxCare Củ Chi - Bình Mỹ,6,Vắc xin MMR (Sởi – Quai bị – Rubella),2,2,28,4.9,1050,350000,6,5,1,3,176,389,0,30,0
2026-05-03,4,VaxCare Củ Chi - Bình Mỹ,7,Vắc xin Thủy đậu (Varicella),2,2,28,4.8,980,850000,6,5,1,3,121,243,0,30,0
2026-05-03,4,VaxCare Củ Chi - Bình Mỹ,8,Vắc xin Phế cầu (Pneumococcal),3,2,60,4.9,1360,1150000,6,5,1,2,83,216,0,30,0
2026-05-03,4,VaxCare Củ Chi - Bình Mỹ,9,Vắc xin Viêm não Nhật Bản,2,3,28,4.8,720,450000,6,5,1,3,94,262,0,30,0
2026-05-03,4,VaxCare Củ Chi - Bình Mỹ,10,Vắc xin Cúm mùa (Influenza),5,1,365,4.9,2180,450000,6,5,1,6,427,99,0,30,0
2026-05-03,4,VaxCare Củ Chi - Bình Mỹ,11,Vắc xin HPV (Human Papillomavirus),2,2,180,4.9,1240,1790000,6,5,1,2,135,688,0,30,0
2026-05-03,4,VaxCare Củ Chi - Bình Mỹ,12,Vắc xin COVID-19,3,2,180,4.7,1890,550000,6,5,1,9,211,669,0,30,0
2026-05-03,4,VaxCare Củ Chi - Bình Mỹ,13,Vắc xin Zona (Shingrix),4,2,60,4.9,640,3200000,6,5,1,2,32,236,0,30,0
2026-05-03,5,VaxCare Trung Mỹ Tây,1,Vắc xin BCG (Bacille Calmette–Guérin),1,1,0,4.9,860,250000,6,5,1,3,179,568,0,40,0
2026-05-03,5,VaxCare Trung Mỹ Tây,2,Vắc xin Viêm gan B (Hepatitis B),1,3,30,4.8,1420,350000,6,5,1,6,360,673,0,40,0
2026-05-03,5,VaxCare Trung Mỹ Tây,3,Vắc xin Bạch hầu – Ho gà – Uốn ván (DTaP/Tdap),2,5,60,4.9,1180,520000,6,5,1,5,162,308,0,40,0
2026-05-03,5,VaxCare Trung Mỹ Tây,4,Vắc xin Bại liệt (IPV),1,4,60,4.8,930,390000,6,5,1,4,215,321,0,40,0
2026-05-03,5,VaxCare Trung Mỹ Tây,5,Vắc xin Hib (Haemophilus influenzae type b),1,3,60,4.9,760,420000,6,5,1,4,164,556,0,40,0
2026-05-03,5,VaxCare Trung Mỹ Tây,6,Vắc xin MMR (Sởi – Quai bị – Rubella),2,2,28,4.9,1050,350000,6,5,1,6,244,239,0,40,0
2026-05-03,5,VaxCare Trung Mỹ Tây,7,Vắc xin Thủy đậu (Varicella),2,2,28,4.8,980,850000,6,5,1,1,132,190,0,40,0
2026-05-03,5,VaxCare Trung Mỹ Tây,8,Vắc xin Phế cầu (Pneumococcal),3,2,60,4.9,1360,1150000,6,5,1,4,105,195,0,40,0
2026-05-03,5,VaxCare Trung Mỹ Tây,9,Vắc xin Viêm não Nhật Bản,2,3,28,4.8,720,450000,6,5,1,3,148,258,0,40,0
2026-05-03,5,VaxCare Trung Mỹ Tây,10,Vắc xin Cúm mùa (Influenza),5,1,365,4.9,2180,450000,6,5,1,8,362,102,0,40,0
2026-05-03,5,VaxCare Trung Mỹ Tây,11,Vắc xin HPV (Human Papillomavirus),2,2,180,4.9,1240,1790000,6,5,1,5,135,430,0,40,0
2026-05-03,5,VaxCare Trung Mỹ Tây,12,Vắc xin COVID-19,3,2,180,4.7,1890,550000,6,5,1,12,362,587,0,40,0
2026-05-03,5,VaxCare Trung Mỹ Tây,13,Vắc xin Zona (Shingrix),4,2,60,4.9,640,3200000,6,5,1,2,76,258,0,40,0
2026-05-03,6,VaxCare Co.opmart Quang Trung,1,Vắc xin BCG (Bacille Calmette–Guérin),1,1,0,4.9,860,250000,6,5,1,3,183,545,0,50,0
2026-05-03,6,VaxCare Co.opmart Quang Trung,2,Vắc xin Viêm gan B (Hepatitis B),1,3,30,4.8,1420,350000,6,5,1,6,392,489,0,50,0
2026-05-03,6,VaxCare Co.opmart Quang Trung,3,Vắc xin Bạch hầu – Ho gà – Uốn ván (DTaP/Tdap),2,5,60,4.9,1180,520000,6,5,1,2,257,430,0,50,0
2026-05-03,6,VaxCare Co.opmart Quang Trung,4,Vắc xin Bại liệt (IPV),1,4,60,4.8,930,390000,6,5,1,5,222,695,0,50,0
2026-05-03,6,VaxCare Co.opmart Quang Trung,5,Vắc xin Hib (Haemophilus influenzae type b),1,3,60,4.9,760,420000,6,5,1,3,153,677,0,50,0
2026-05-03,6,VaxCare Co.opmart Quang Trung,6,Vắc xin MMR (Sởi – Quai bị – Rubella),2,2,28,4.9,1050,350000,6,5,1,4,227,416,0,50,0
2026-05-03,6,VaxCare Co.opmart Quang Trung,7,Vắc xin Thủy đậu (Varicella),2,2,28,4.8,980,850000,6,5,1,4,121,561,0,50,0
2026-05-03,6,VaxCare Co.opmart Quang Trung,8,Vắc xin Phế cầu (Pneumococcal),3,2,60,4.9,1360,1150000,6,5,1,4,107,420,0,50,0
2026-05-03,6,VaxCare Co.opmart Quang Trung,9,Vắc xin Viêm não Nhật Bản,2,3,28,4.8,720,450000,6,5,1,3,133,201,0,50,0
2026-05-03,6,VaxCare Co.opmart Quang Trung,10,Vắc xin Cúm mùa (Influenza),5,1,365,4.9,2180,450000,6,5,1,8,484,101,0,50,0
2026-05-03,6,VaxCare Co.opmart Quang Trung,11,Vắc xin HPV (Human Papillomavirus),2,2,180,4.9,1240,1790000,6,5,1,2,168,241,0,50,0
2026-05-03,6,VaxCare Co.opmart Quang Trung,12,Vắc xin COVID-19,3,2,180,4.7,1890,550000,6,5,1,8,248,199,0,50,0
2026-05-03,6,VaxCare Co.opmart Quang Trung,13,Vắc xin Zona (Shingrix),4,2,60,4.9,640,3200000,6,5,1,3,77,225,0,50,0
2026-05-03,7,VaxCare Oriental Plaza,1,Vắc xin BCG (Bacille Calmette–Guérin),1,1,0,4.9,860,250000,6,5,1,4,187,621,0,45,0
2026-05-03,7,VaxCare Oriental Plaza,2,Vắc xin Viêm gan B (Hepatitis B),1,3,30,4.8,1420,350000,6,5,1,5,315,536,0,45,0
2026-05-03,7,VaxCare Oriental Plaza,3,Vắc xin Bạch hầu – Ho gà – Uốn ván (DTaP/Tdap),2,5,60,4.9,1180,520000,6,5,1,5,245,401,0,45,0
2026-05-03,7,VaxCare Oriental Plaza,4,Vắc xin Bại liệt (IPV),1,4,60,4.8,930,390000,6,5,1,3,262,624,0,45,0
2026-05-03,7,VaxCare Oriental Plaza,5,Vắc xin Hib (Haemophilus influenzae type b),1,3,60,4.9,760,420000,6,5,1,3,247,291,0,45,0
2026-05-03,7,VaxCare Oriental Plaza,6,Vắc xin MMR (Sởi – Quai bị – Rubella),2,2,28,4.9,1050,350000,6,5,1,4,276,654,0,45,0
2026-05-03,7,VaxCare Oriental Plaza,7,Vắc xin Thủy đậu (Varicella),2,2,28,4.8,980,850000,6,5,1,3,130,570,0,45,0
2026-05-03,7,VaxCare Oriental Plaza,8,Vắc xin Phế cầu (Pneumococcal),3,2,60,4.9,1360,1150000,6,5,1,5,96,195,0,45,0
2026-05-03,7,VaxCare Oriental Plaza,9,Vắc xin Viêm não Nhật Bản,2,3,28,4.8,720,450000,6,5,1,3,105,435,0,45,0
2026-05-03,7,VaxCare Oriental Plaza,10,Vắc xin Cúm mùa (Influenza),5,1,365,4.9,2180,450000,6,5,1,8,552,176,0,45,0
2026-05-03,7,VaxCare Oriental Plaza,11,Vắc xin HPV (Human Papillomavirus),2,2,180,4.9,1240,1790000,6,5,1,4,159,455,0,45,0
2026-05-03,7,VaxCare Oriental Plaza,12,Vắc xin COVID-19,3,2,180,4.7,1890,550000,6,5,1,2,298,494,0,45,0
2026-05-03,7,VaxCare Oriental Plaza,13,Vắc xin Zona (Shingrix),4,2,60,4.9,640,3200000,6,5,1,1,62,363,0,45,0
2026-05-03,8,VaxCare Hóc Môn - Đông Thạnh,1,Vắc xin BCG (Bacille Calmette–Guérin),1,1,0,4.9,860,250000,6,5,1,3,173,189,0,30,0
2026-05-03,8,VaxCare Hóc Môn - Đông Thạnh,2,Vắc xin Viêm gan B (Hepatitis B),1,3,30,4.8,1420,350000,6,5,1,6,238,403,0,30,0
2026-05-03,8,VaxCare Hóc Môn - Đông Thạnh,3,Vắc xin Bạch hầu – Ho gà – Uốn ván (DTaP/Tdap),2,5,60,4.9,1180,520000,6,5,1,4,143,501,0,30,0
2026-05-03,8,VaxCare Hóc Môn - Đông Thạnh,4,Vắc xin Bại liệt (IPV),1,4,60,4.8,930,390000,6,5,1,3,196,444,0,30,0
2026-05-03,8,VaxCare Hóc Môn - Đông Thạnh,5,Vắc xin Hib (Haemophilus influenzae type b),1,3,60,4.9,760,420000,6,5,1,1,160,686,0,30,0
2026-05-03,8,VaxCare Hóc Môn - Đông Thạnh,6,Vắc xin MMR (Sởi – Quai bị – Rubella),2,2,28,4.9,1050,350000,6,5,1,3,152,230,0,30,0
2026-05-03,8,VaxCare Hóc Môn - Đông Thạnh,7,Vắc xin Thủy đậu (Varicella),2,2,28,4.8,980,850000,6,5,1,3,88,698,0,30,0
2026-05-03,8,VaxCare Hóc Môn - Đông Thạnh,8,Vắc xin Phế cầu (Pneumococcal),3,2,60,4.9,1360,1150000,6,5,1,5,81,413,0,30,0
2026-05-03,8,VaxCare Hóc Môn - Đông Thạnh,9,Vắc xin Viêm não Nhật Bản,2,3,28,4.8,720,450000,6,5,1,2,70,196,0,30,0
2026-05-03,8,VaxCare Hóc Môn - Đông Thạnh,10,Vắc xin Cúm mùa (Influenza),5,1,365,4.9,2180,450000,6,5,1,7,402,41,1,30,0
2026-05-03,8,VaxCare Hóc Môn - Đông Thạnh,11,Vắc xin HPV (Human Papillomavirus),2,2,180,4.9,1240,1790000,6,5,1,3,124,259,0,30,0
2026-05-03,8,VaxCare Hóc Môn - Đông Thạnh,12,Vắc xin COVID-19,3,2,180,4.7,1890,550000,6,5,1,4,218,259,0,30,0
2026-05-03,8,VaxCare Hóc Môn - Đông Thạnh,13,Vắc xin Zona (Shingrix),4,2,60,4.9,640,3200000,6,5,1,1,46,560,0,30,0
2026-05-03,9,VaxCare Hiệp Bình,1,Vắc xin BCG (Bacille Calmette–Guérin),1,1,0,4.9,860,250000,6,5,1,4,259,616,0,40,0
2026-05-03,9,VaxCare Hiệp Bình,2,Vắc xin Viêm gan B (Hepatitis B),1,3,30,4.8,1420,350000,6,5,1,5,374,514,0,40,0
2026-05-03,9,VaxCare Hiệp Bình,3,Vắc xin Bạch hầu – Ho gà – Uốn ván (DTaP/Tdap),2,5,60,4.9,1180,520000,6,5,1,6,211,597,0,40,0
2026-05-03,9,VaxCare Hiệp Bình,4,Vắc xin Bại liệt (IPV),1,4,60,4.8,930,390000,6,5,1,5,270,481,0,40,0
2026-05-03,9,VaxCare Hiệp Bình,5,Vắc xin Hib (Haemophilus influenzae type b),1,3,60,4.9,760,420000,6,5,1,3,206,225,0,40,0
2026-05-03,9,VaxCare Hiệp Bình,6,Vắc xin MMR (Sởi – Quai bị – Rubella),2,2,28,4.9,1050,350000,6,5,1,6,242,206,0,40,0
2026-05-03,9,VaxCare Hiệp Bình,7,Vắc xin Thủy đậu (Varicella),2,2,28,4.8,980,850000,6,5,1,5,127,500,0,40,0
2026-05-03,9,VaxCare Hiệp Bình,8,Vắc xin Phế cầu (Pneumococcal),3,2,60,4.9,1360,1150000,6,5,1,6,98,567,0,40,0
2026-05-03,9,VaxCare Hiệp Bình,9,Vắc xin Viêm não Nhật Bản,2,3,28,4.8,720,450000,6,5,1,4,167,333,0,40,0
2026-05-03,9,VaxCare Hiệp Bình,10,Vắc xin Cúm mùa (Influenza),5,1,365,4.9,2180,450000,6,5,1,10,448,87,1,40,0
2026-05-03,9,VaxCare Hiệp Bình,11,Vắc xin HPV (Human Papillomavirus),2,2,180,4.9,1240,1790000,6,5,1,5,179,304,0,40,0
2026-05-03,9,VaxCare Hiệp Bình,12,Vắc xin COVID-19,3,2,180,4.7,1890,550000,6,5,1,8,342,663,0,40,0
2026-05-03,9,VaxCare Hiệp Bình,13,Vắc xin Zona (Shingrix),4,2,60,4.9,640,3200000,6,5,1,2,66,455,0,40,0
2026-05-03,10,VaxCare Tân Định,1,Vắc xin BCG (Bacille Calmette–Guérin),1,1,0,4.9,860,250000,6,5,1,5,217,516,0,50,0
2026-05-03,10,VaxCare Tân Định,2,Vắc xin Viêm gan B (Hepatitis B),1,3,30,4.8,1420,350000,6,5,1,8,314,646,0,50,0
2026-05-03,10,VaxCare Tân Định,3,Vắc xin Bạch hầu – Ho gà – Uốn ván (DTaP/Tdap),2,5,60,4.9,1180,520000,6,5,1,7,223,426,0,50,0
2026-05-03,10,VaxCare Tân Định,4,Vắc xin Bại liệt (IPV),1,4,60,4.8,930,390000,6,5,1,4,244,261,0,50,0
2026-05-03,10,VaxCare Tân Định,5,Vắc xin Hib (Haemophilus influenzae type b),1,3,60,4.9,760,420000,6,5,1,4,207,675,0,50,0
2026-05-03,10,VaxCare Tân Định,6,Vắc xin MMR (Sởi – Quai bị – Rubella),2,2,28,4.9,1050,350000,6,5,1,7,331,608,0,50,0
2026-05-03,10,VaxCare Tân Định,7,Vắc xin Thủy đậu (Varicella),2,2,28,4.8,980,850000,6,5,1,4,147,430,0,50,0
2026-05-03,10,VaxCare Tân Định,8,Vắc xin Phế cầu (Pneumococcal),3,2,60,4.9,1360,1150000,6,5,1,7,144,321,0,50,0
2026-05-03,10,VaxCare Tân Định,9,Vắc xin Viêm não Nhật Bản,2,3,28,4.8,720,450000,6,5,1,5,157,501,0,50,0
2026-05-03,10,VaxCare Tân Định,10,Vắc xin Cúm mùa (Influenza),5,1,365,4.9,2180,450000,6,5,1,9,444,159,0,50,0
2026-05-03,10,VaxCare Tân Định,11,Vắc xin HPV (Human Papillomavirus),2,2,180,4.9,1240,1790000,6,5,1,5,252,382,0,50,0
2026-05-03,10,VaxCare Tân Định,12,Vắc xin COVID-19,3,2,180,4.7,1890,550000,6,5,1,16,376,350,0,50,0
2026-05-03,10,VaxCare Tân Định,13,Vắc xin Zona (Shingrix),4,2,60,4.9,640,3200000,6,5,1,1,71,661,0,50,0
2026-05-03,11,VaxCare An Lạc,1,Vắc xin BCG (Bacille Calmette–Guérin),1,1,0,4.9,860,250000,6,5,1,4,251,621,0,40,0
2026-05-03,11,VaxCare An Lạc,2,Vắc xin Viêm gan B (Hepatitis B),1,3,30,4.8,1420,350000,6,5,1,8,232,315,0,40,0
2026-05-03,11,VaxCare An Lạc,3,Vắc xin Bạch hầu – Ho gà – Uốn ván (DTaP/Tdap),2,5,60,4.9,1180,520000,6,5,1,5,202,542,0,40,0
2026-05-03,11,VaxCare An Lạc,4,Vắc xin Bại liệt (IPV),1,4,60,4.8,930,390000,6,5,1,6,189,480,0,40,0
2026-05-03,11,VaxCare An Lạc,5,Vắc xin Hib (Haemophilus influenzae type b),1,3,60,4.9,760,420000,6,5,1,4,159,290,0,40,0
2026-05-03,11,VaxCare An Lạc,6,Vắc xin MMR (Sởi – Quai bị – Rubella),2,2,28,4.9,1050,350000,6,5,1,6,327,543,0,40,0
2026-05-03,11,VaxCare An Lạc,7,Vắc xin Thủy đậu (Varicella),2,2,28,4.8,980,850000,6,5,1,5,183,640,0,40,0
2026-05-03,11,VaxCare An Lạc,8,Vắc xin Phế cầu (Pneumococcal),3,2,60,4.9,1360,1150000,6,5,1,7,112,668,0,40,0
2026-05-03,11,VaxCare An Lạc,9,Vắc xin Viêm não Nhật Bản,2,3,28,4.8,720,450000,6,5,1,3,158,265,0,40,0
2026-05-03,11,VaxCare An Lạc,10,Vắc xin Cúm mùa (Influenza),5,1,365,4.9,2180,450000,6,5,1,5,405,181,0,40,0
2026-05-03,11,VaxCare An Lạc,11,Vắc xin HPV (Human Papillomavirus),2,2,180,4.9,1240,1790000,6,5,1,5,156,508,0,40,0
2026-05-03,11,VaxCare An Lạc,12,Vắc xin COVID-19,3,2,180,4.7,1890,550000,6,5,1,3,282,279,0,40,0
2026-05-03,11,VaxCare An Lạc,13,Vắc xin Zona (Shingrix),4,2,60,4.9,640,3200000,6,5,1,2,51,229,0,40,0
2026-05-03,12,VaxCare Phú Thuận,1,Vắc xin BCG (Bacille Calmette–Guérin),1,1,0,4.9,860,250000,6,5,1,3,233,510,0,35,0
2026-05-03,12,VaxCare Phú Thuận,2,Vắc xin Viêm gan B (Hepatitis B),1,3,30,4.8,1420,350000,6,5,1,6,295,222,0,35,0
2026-05-03,12,VaxCare Phú Thuận,3,Vắc xin Bạch hầu – Ho gà – Uốn ván (DTaP/Tdap),2,5,60,4.9,1180,520000,6,5,1,7,239,464,0,35,0
2026-05-03,12,VaxCare Phú Thuận,4,Vắc xin Bại liệt (IPV),1,4,60,4.8,930,390000,6,5,1,4,221,535,0,35,0
2026-05-03,12,VaxCare Phú Thuận,5,Vắc xin Hib (Haemophilus influenzae type b),1,3,60,4.9,760,420000,6,5,1,5,171,460,0,35,0
2026-05-03,12,VaxCare Phú Thuận,6,Vắc xin MMR (Sởi – Quai bị – Rubella),2,2,28,4.9,1050,350000,6,5,1,5,257,475,0,35,0
2026-05-03,12,VaxCare Phú Thuận,7,Vắc xin Thủy đậu (Varicella),2,2,28,4.8,980,850000,6,5,1,2,183,288,0,35,0
2026-05-03,12,VaxCare Phú Thuận,8,Vắc xin Phế cầu (Pneumococcal),3,2,60,4.9,1360,1150000,6,5,1,4,119,278,0,35,0
2026-05-03,12,VaxCare Phú Thuận,9,Vắc xin Viêm não Nhật Bản,2,3,28,4.8,720,450000,6,5,1,4,100,220,0,35,0
2026-05-03,12,VaxCare Phú Thuận,10,Vắc xin Cúm mùa (Influenza),5,1,365,4.9,2180,450000,6,5,1,5,592,155,0,35,0
2026-05-03,12,VaxCare Phú Thuận,11,Vắc xin HPV (Human Papillomavirus),2,2,180,4.9,1240,1790000,6,5,1,4,203,388,0,35,0
2026-05-03,12,VaxCare Phú Thuận,12,Vắc xin COVID-19,3,2,180,4.7,1890,550000,6,5,1,11,256,635,0,35,0
2026-05-03,12,VaxCare Phú Thuận,13,Vắc xin Zona (Shingrix),4,2,60,4.9,640,3200000,6,5,1,2,60,292,0,35,0
2026-05-04,1,VaxCare Phú Nhuận,1,Vắc xin BCG (Bacille Calmette–Guérin),1,1,0,4.9,860,250000,0,5,0,8,302,622,0,50,0
2026-05-04,1,VaxCare Phú Nhuận,2,Vắc xin Viêm gan B (Hepatitis B),1,3,30,4.8,1420,350000,0,5,0,20,364,465,0,50,0
2026-05-04,1,VaxCare Phú Nhuận,3,Vắc xin Bạch hầu – Ho gà – Uốn ván (DTaP/Tdap),2,5,60,4.9,1180,520000,0,5,0,12,264,260,0,50,0
2026-05-04,1,VaxCare Phú Nhuận,4,Vắc xin Bại liệt (IPV),1,4,60,4.8,930,390000,0,5,0,8,299,256,0,50,0
2026-05-04,1,VaxCare Phú Nhuận,5,Vắc xin Hib (Haemophilus influenzae type b),1,3,60,4.9,760,420000,0,5,0,10,195,644,0,50,0
2026-05-04,1,VaxCare Phú Nhuận,6,Vắc xin MMR (Sởi – Quai bị – Rubella),2,2,28,4.9,1050,350000,0,5,0,14,338,502,0,50,0
2026-05-04,1,VaxCare Phú Nhuận,7,Vắc xin Thủy đậu (Varicella),2,2,28,4.8,980,850000,0,5,0,10,204,282,0,50,0
2026-05-04,1,VaxCare Phú Nhuận,8,Vắc xin Phế cầu (Pneumococcal),3,2,60,4.9,1360,1150000,0,5,0,11,139,216,0,50,0
2026-05-04,1,VaxCare Phú Nhuận,9,Vắc xin Viêm não Nhật Bản,2,3,28,4.8,720,450000,0,5,0,6,186,320,0,50,0
2026-05-04,1,VaxCare Phú Nhuận,10,Vắc xin Cúm mùa (Influenza),5,1,365,4.9,2180,450000,0,5,0,19,593,80,1,50,0
2026-05-04,1,VaxCare Phú Nhuận,11,Vắc xin HPV (Human Papillomavirus),2,2,180,4.9,1240,1790000,0,5,0,7,175,371,0,50,0
2026-05-04,1,VaxCare Phú Nhuận,12,Vắc xin COVID-19,3,2,180,4.7,1890,550000,0,5,0,16,351,383,0,50,0
2026-05-04,1,VaxCare Phú Nhuận,13,Vắc xin Zona (Shingrix),4,2,60,4.9,640,3200000,0,5,0,6,87,399,0,50,0
2026-05-04,2,VaxCare Thủ Đức - Bình Chiểu,1,Vắc xin BCG (Bacille Calmette–Guérin),1,1,0,4.9,860,250000,0,5,0,10,176,393,0,40,0
2026-05-04,2,VaxCare Thủ Đức - Bình Chiểu,2,Vắc xin Viêm gan B (Hepatitis B),1,3,30,4.8,1420,350000,0,5,0,14,361,449,0,40,0
2026-05-04,2,VaxCare Thủ Đức - Bình Chiểu,3,Vắc xin Bạch hầu – Ho gà – Uốn ván (DTaP/Tdap),2,5,60,4.9,1180,520000,0,5,0,12,223,537,0,40,0
2026-05-04,2,VaxCare Thủ Đức - Bình Chiểu,4,Vắc xin Bại liệt (IPV),1,4,60,4.8,930,390000,0,5,0,8,217,417,0,40,0
2026-05-04,2,VaxCare Thủ Đức - Bình Chiểu,5,Vắc xin Hib (Haemophilus influenzae type b),1,3,60,4.9,760,420000,0,5,0,6,229,581,0,40,0
2026-05-04,2,VaxCare Thủ Đức - Bình Chiểu,6,Vắc xin MMR (Sởi – Quai bị – Rubella),2,2,28,4.9,1050,350000,0,5,0,9,269,278,0,40,0
2026-05-04,2,VaxCare Thủ Đức - Bình Chiểu,7,Vắc xin Thủy đậu (Varicella),2,2,28,4.8,980,850000,0,5,0,10,120,637,0,40,0
2026-05-04,2,VaxCare Thủ Đức - Bình Chiểu,8,Vắc xin Phế cầu (Pneumococcal),3,2,60,4.9,1360,1150000,0,5,0,5,80,360,0,40,0
2026-05-04,2,VaxCare Thủ Đức - Bình Chiểu,9,Vắc xin Viêm não Nhật Bản,2,3,28,4.8,720,450000,0,5,0,5,135,296,0,40,0
2026-05-04,2,VaxCare Thủ Đức - Bình Chiểu,10,Vắc xin Cúm mùa (Influenza),5,1,365,4.9,2180,450000,0,5,0,17,450,62,1,40,0
2026-05-04,2,VaxCare Thủ Đức - Bình Chiểu,11,Vắc xin HPV (Human Papillomavirus),2,2,180,4.9,1240,1790000,0,5,0,7,202,680,0,40,0
2026-05-04,2,VaxCare Thủ Đức - Bình Chiểu,12,Vắc xin COVID-19,3,2,180,4.7,1890,550000,0,5,0,20,283,477,0,40,0
2026-05-04,2,VaxCare Thủ Đức - Bình Chiểu,13,Vắc xin Zona (Shingrix),4,2,60,4.9,640,3200000,0,5,0,3,70,598,0,40,0
2026-05-04,3,VaxCare Nowzone,1,Vắc xin BCG (Bacille Calmette–Guérin),1,1,0,4.9,860,250000,0,5,0,12,197,505,0,60,0
2026-05-04,3,VaxCare Nowzone,2,Vắc xin Viêm gan B (Hepatitis B),1,3,30,4.8,1420,350000,0,5,0,22,348,588,0,60,0
2026-05-04,3,VaxCare Nowzone,3,Vắc xin Bạch hầu – Ho gà – Uốn ván (DTaP/Tdap),2,5,60,4.9,1180,520000,0,5,0,13,203,677,0,60,0
2026-05-04,3,VaxCare Nowzone,4,Vắc xin Bại liệt (IPV),1,4,60,4.8,930,390000,0,5,0,9,291,226,0,60,0
2026-05-04,3,VaxCare Nowzone,5,Vắc xin Hib (Haemophilus influenzae type b),1,3,60,4.9,760,420000,0,5,0,10,189,350,0,60,0
2026-05-04,3,VaxCare Nowzone,6,Vắc xin MMR (Sởi – Quai bị – Rubella),2,2,28,4.9,1050,350000,0,5,0,11,320,517,0,60,0
2026-05-04,3,VaxCare Nowzone,7,Vắc xin Thủy đậu (Varicella),2,2,28,4.8,980,850000,0,5,0,8,147,201,0,60,0
2026-05-04,3,VaxCare Nowzone,8,Vắc xin Phế cầu (Pneumococcal),3,2,60,4.9,1360,1150000,0,5,0,13,155,521,0,60,0
2026-05-04,3,VaxCare Nowzone,9,Vắc xin Viêm não Nhật Bản,2,3,28,4.8,720,450000,0,5,0,5,196,230,0,60,0
2026-05-04,3,VaxCare Nowzone,10,Vắc xin Cúm mùa (Influenza),5,1,365,4.9,2180,450000,0,5,0,17,566,80,1,60,0
2026-05-04,3,VaxCare Nowzone,11,Vắc xin HPV (Human Papillomavirus),2,2,180,4.9,1240,1790000,0,5,0,8,251,414,0,60,0
2026-05-04,3,VaxCare Nowzone,12,Vắc xin COVID-19,3,2,180,4.7,1890,550000,0,5,0,19,286,519,0,60,0
2026-05-04,3,VaxCare Nowzone,13,Vắc xin Zona (Shingrix),4,2,60,4.9,640,3200000,0,5,0,3,59,216,0,60,1
2026-05-04,4,VaxCare Củ Chi - Bình Mỹ,1,Vắc xin BCG (Bacille Calmette–Guérin),1,1,0,4.9,860,250000,0,5,0,5,212,587,0,30,0
2026-05-04,4,VaxCare Củ Chi - Bình Mỹ,2,Vắc xin Viêm gan B (Hepatitis B),1,3,30,4.8,1420,350000,0,5,0,9,274,469,0,30,0
2026-05-04,4,VaxCare Củ Chi - Bình Mỹ,3,Vắc xin Bạch hầu – Ho gà – Uốn ván (DTaP/Tdap),2,5,60,4.9,1180,520000,0,5,0,9,144,433,0,30,0
2026-05-04,4,VaxCare Củ Chi - Bình Mỹ,4,Vắc xin Bại liệt (IPV),1,4,60,4.8,930,390000,0,5,0,6,141,566,0,30,0
2026-05-04,4,VaxCare Củ Chi - Bình Mỹ,5,Vắc xin Hib (Haemophilus influenzae type b),1,3,60,4.9,760,420000,0,5,0,7,167,456,0,30,0
2026-05-04,4,VaxCare Củ Chi - Bình Mỹ,6,Vắc xin MMR (Sởi – Quai bị – Rubella),2,2,28,4.9,1050,350000,0,5,0,6,229,696,0,30,0
2026-05-04,4,VaxCare Củ Chi - Bình Mỹ,7,Vắc xin Thủy đậu (Varicella),2,2,28,4.8,980,850000,0,5,0,7,102,195,0,30,0
2026-05-04,4,VaxCare Củ Chi - Bình Mỹ,8,Vắc xin Phế cầu (Pneumococcal),3,2,60,4.9,1360,1150000,0,5,0,10,79,580,0,30,0
2026-05-04,4,VaxCare Củ Chi - Bình Mỹ,9,Vắc xin Viêm não Nhật Bản,2,3,28,4.8,720,450000,0,5,0,5,92,511,0,30,0
2026-05-04,4,VaxCare Củ Chi - Bình Mỹ,10,Vắc xin Cúm mùa (Influenza),5,1,365,4.9,2180,450000,0,5,0,16,349,100,0,30,0
2026-05-04,4,VaxCare Củ Chi - Bình Mỹ,11,Vắc xin HPV (Human Papillomavirus),2,2,180,4.9,1240,1790000,0,5,0,7,124,662,0,30,0
2026-05-04,4,VaxCare Củ Chi - Bình Mỹ,12,Vắc xin COVID-19,3,2,180,4.7,1890,550000,0,5,0,8,180,407,0,30,0
2026-05-04,4,VaxCare Củ Chi - Bình Mỹ,13,Vắc xin Zona (Shingrix),4,2,60,4.9,640,3200000,0,5,0,4,61,471,0,30,0
2026-05-04,5,VaxCare Trung Mỹ Tây,1,Vắc xin BCG (Bacille Calmette–Guérin),1,1,0,4.9,860,250000,0,5,0,8,281,197,0,40,0
2026-05-04,5,VaxCare Trung Mỹ Tây,2,Vắc xin Viêm gan B (Hepatitis B),1,3,30,4.8,1420,350000,0,5,0,10,398,290,0,40,0
2026-05-04,5,VaxCare Trung Mỹ Tây,3,Vắc xin Bạch hầu – Ho gà – Uốn ván (DTaP/Tdap),2,5,60,4.9,1180,520000,0,5,0,14,201,417,0,40,0
2026-05-04,5,VaxCare Trung Mỹ Tây,4,Vắc xin Bại liệt (IPV),1,4,60,4.8,930,390000,0,5,0,8,216,291,0,40,0
2026-05-04,5,VaxCare Trung Mỹ Tây,5,Vắc xin Hib (Haemophilus influenzae type b),1,3,60,4.9,760,420000,0,5,0,7,197,265,0,40,0
2026-05-04,5,VaxCare Trung Mỹ Tây,6,Vắc xin MMR (Sởi – Quai bị – Rubella),2,2,28,4.9,1050,350000,0,5,0,4,202,681,0,40,0
2026-05-04,5,VaxCare Trung Mỹ Tây,7,Vắc xin Thủy đậu (Varicella),2,2,28,4.8,980,850000,0,5,0,8,145,592,0,40,0
2026-05-04,5,VaxCare Trung Mỹ Tây,8,Vắc xin Phế cầu (Pneumococcal),3,2,60,4.9,1360,1150000,0,5,0,14,109,418,0,40,0
2026-05-04,5,VaxCare Trung Mỹ Tây,9,Vắc xin Viêm não Nhật Bản,2,3,28,4.8,720,450000,0,5,0,5,91,601,0,40,0
2026-05-04,5,VaxCare Trung Mỹ Tây,10,Vắc xin Cúm mùa (Influenza),5,1,365,4.9,2180,450000,0,5,0,11,426,39,1,40,0
2026-05-04,5,VaxCare Trung Mỹ Tây,11,Vắc xin HPV (Human Papillomavirus),2,2,180,4.9,1240,1790000,0,5,0,10,137,454,0,40,0
2026-05-04,5,VaxCare Trung Mỹ Tây,12,Vắc xin COVID-19,3,2,180,4.7,1890,550000,0,5,0,6,308,691,0,40,0
2026-05-04,5,VaxCare Trung Mỹ Tây,13,Vắc xin Zona (Shingrix),4,2,60,4.9,640,3200000,0,5,0,5,56,652,0,40,0
2026-05-04,6,VaxCare Co.opmart Quang Trung,1,Vắc xin BCG (Bacille Calmette–Guérin),1,1,0,4.9,860,250000,0,5,0,8,251,615,0,50,0
2026-05-04,6,VaxCare Co.opmart Quang Trung,2,Vắc xin Viêm gan B (Hepatitis B),1,3,30,4.8,1420,350000,0,5,0,14,341,193,0,50,0
2026-05-04,6,VaxCare Co.opmart Quang Trung,3,Vắc xin Bạch hầu – Ho gà – Uốn ván (DTaP/Tdap),2,5,60,4.9,1180,520000,0,5,0,17,162,382,0,50,0
2026-05-04,6,VaxCare Co.opmart Quang Trung,4,Vắc xin Bại liệt (IPV),1,4,60,4.8,930,390000,0,5,0,9,206,614,0,50,0
2026-05-04,6,VaxCare Co.opmart Quang Trung,5,Vắc xin Hib (Haemophilus influenzae type b),1,3,60,4.9,760,420000,0,5,0,5,179,608,0,50,0
2026-05-04,6,VaxCare Co.opmart Quang Trung,6,Vắc xin MMR (Sởi – Quai bị – Rubella),2,2,28,4.9,1050,350000,0,5,0,10,238,625,0,50,0
2026-05-04,6,VaxCare Co.opmart Quang Trung,7,Vắc xin Thủy đậu (Varicella),2,2,28,4.8,980,850000,0,5,0,10,182,510,0,50,0
2026-05-04,6,VaxCare Co.opmart Quang Trung,8,Vắc xin Phế cầu (Pneumococcal),3,2,60,4.9,1360,1150000,0,5,0,6,114,349,0,50,0
2026-05-04,6,VaxCare Co.opmart Quang Trung,9,Vắc xin Viêm não Nhật Bản,2,3,28,4.8,720,450000,0,5,0,6,119,560,0,50,0
2026-05-04,6,VaxCare Co.opmart Quang Trung,10,Vắc xin Cúm mùa (Influenza),5,1,365,4.9,2180,450000,0,5,0,8,490,148,0,50,0
2026-05-04,6,VaxCare Co.opmart Quang Trung,11,Vắc xin HPV (Human Papillomavirus),2,2,180,4.9,1240,1790000,0,5,0,9,152,318,0,50,0
2026-05-04,6,VaxCare Co.opmart Quang Trung,12,Vắc xin COVID-19,3,2,180,4.7,1890,550000,0,5,0,27,213,505,0,50,0
2026-05-04,6,VaxCare Co.opmart Quang Trung,13,Vắc xin Zona (Shingrix),4,2,60,4.9,640,3200000,0,5,0,4,65,248,0,50,0
2026-05-04,7,VaxCare Oriental Plaza,1,Vắc xin BCG (Bacille Calmette–Guérin),1,1,0,4.9,860,250000,0,5,0,8,292,372,0,45,0
2026-05-04,7,VaxCare Oriental Plaza,2,Vắc xin Viêm gan B (Hepatitis B),1,3,30,4.8,1420,350000,0,5,0,14,278,649,0,45,0
2026-05-04,7,VaxCare Oriental Plaza,3,Vắc xin Bạch hầu – Ho gà – Uốn ván (DTaP/Tdap),2,5,60,4.9,1180,520000,0,5,0,12,195,659,0,45,0
2026-05-04,7,VaxCare Oriental Plaza,4,Vắc xin Bại liệt (IPV),1,4,60,4.8,930,390000,0,5,0,9,235,411,0,45,0
2026-05-04,7,VaxCare Oriental Plaza,5,Vắc xin Hib (Haemophilus influenzae type b),1,3,60,4.9,760,420000,0,5,0,4,174,461,0,45,0
2026-05-04,7,VaxCare Oriental Plaza,6,Vắc xin MMR (Sởi – Quai bị – Rubella),2,2,28,4.9,1050,350000,0,5,0,10,234,493,0,45,0
2026-05-04,7,VaxCare Oriental Plaza,7,Vắc xin Thủy đậu (Varicella),2,2,28,4.8,980,850000,0,5,0,7,123,387,0,45,0
2026-05-04,7,VaxCare Oriental Plaza,8,Vắc xin Phế cầu (Pneumococcal),3,2,60,4.9,1360,1150000,0,5,0,8,72,401,0,45,0
2026-05-04,7,VaxCare Oriental Plaza,9,Vắc xin Viêm não Nhật Bản,2,3,28,4.8,720,450000,0,5,0,7,119,284,0,45,0
2026-05-04,7,VaxCare Oriental Plaza,10,Vắc xin Cúm mùa (Influenza),5,1,365,4.9,2180,450000,0,5,0,22,382,177,0,45,0
2026-05-04,7,VaxCare Oriental Plaza,11,Vắc xin HPV (Human Papillomavirus),2,2,180,4.9,1240,1790000,0,5,0,5,205,664,0,45,0
2026-05-04,7,VaxCare Oriental Plaza,12,Vắc xin COVID-19,3,2,180,4.7,1890,550000,0,5,0,15,253,417,0,45,0
2026-05-04,7,VaxCare Oriental Plaza,13,Vắc xin Zona (Shingrix),4,2,60,4.9,640,3200000,0,5,0,6,98,330,0,45,0
2026-05-04,8,VaxCare Hóc Môn - Đông Thạnh,1,Vắc xin BCG (Bacille Calmette–Guérin),1,1,0,4.9,860,250000,0,5,0,4,122,511,0,30,0
2026-05-04,8,VaxCare Hóc Môn - Đông Thạnh,2,Vắc xin Viêm gan B (Hepatitis B),1,3,30,4.8,1420,350000,0,5,0,10,182,630,0,30,0
2026-05-04,8,VaxCare Hóc Môn - Đông Thạnh,3,Vắc xin Bạch hầu – Ho gà – Uốn ván (DTaP/Tdap),2,5,60,4.9,1180,520000,0,5,0,6,138,489,0,30,0
2026-05-04,8,VaxCare Hóc Môn - Đông Thạnh,4,Vắc xin Bại liệt (IPV),1,4,60,4.8,930,390000,0,5,0,9,164,582,0,30,0
2026-05-04,8,VaxCare Hóc Môn - Đông Thạnh,5,Vắc xin Hib (Haemophilus influenzae type b),1,3,60,4.9,760,420000,0,5,0,6,139,665,0,30,0
2026-05-04,8,VaxCare Hóc Môn - Đông Thạnh,6,Vắc xin MMR (Sởi – Quai bị – Rubella),2,2,28,4.9,1050,350000,0,5,0,6,184,260,0,30,0
2026-05-04,8,VaxCare Hóc Môn - Đông Thạnh,7,Vắc xin Thủy đậu (Varicella),2,2,28,4.8,980,850000,0,5,0,6,122,464,0,30,0
2026-05-04,8,VaxCare Hóc Môn - Đông Thạnh,8,Vắc xin Phế cầu (Pneumococcal),3,2,60,4.9,1360,1150000,0,5,0,5,86,632,0,30,0
2026-05-04,8,VaxCare Hóc Môn - Đông Thạnh,9,Vắc xin Viêm não Nhật Bản,2,3,28,4.8,720,450000,0,5,0,3,104,303,0,30,0
2026-05-04,8,VaxCare Hóc Môn - Đông Thạnh,10,Vắc xin Cúm mùa (Influenza),5,1,365,4.9,2180,450000,0,5,0,15,377,119,0,30,0
2026-05-04,8,VaxCare Hóc Môn - Đông Thạnh,11,Vắc xin HPV (Human Papillomavirus),2,2,180,4.9,1240,1790000,0,5,0,5,105,534,0,30,0
2026-05-04,8,VaxCare Hóc Môn - Đông Thạnh,12,Vắc xin COVID-19,3,2,180,4.7,1890,550000,0,5,0,14,242,375,0,30,0
2026-05-04,8,VaxCare Hóc Môn - Đông Thạnh,13,Vắc xin Zona (Shingrix),4,2,60,4.9,640,3200000,0,5,0,2,56,190,0,30,0
2026-05-04,9,VaxCare Hiệp Bình,1,Vắc xin BCG (Bacille Calmette–Guérin),1,1,0,4.9,860,250000,0,5,0,7,195,379,0,40,0
2026-05-04,9,VaxCare Hiệp Bình,2,Vắc xin Viêm gan B (Hepatitis B),1,3,30,4.8,1420,350000,0,5,0,18,232,276,0,40,0
2026-05-04,9,VaxCare Hiệp Bình,3,Vắc xin Bạch hầu – Ho gà – Uốn ván (DTaP/Tdap),2,5,60,4.9,1180,520000,0,5,0,14,248,193,0,40,0
2026-05-04,9,VaxCare Hiệp Bình,4,Vắc xin Bại liệt (IPV),1,4,60,4.8,930,390000,0,5,0,12,245,461,0,40,0
2026-05-04,9,VaxCare Hiệp Bình,5,Vắc xin Hib (Haemophilus influenzae type b),1,3,60,4.9,760,420000,0,5,0,11,191,439,0,40,0
2026-05-04,9,VaxCare Hiệp Bình,6,Vắc xin MMR (Sởi – Quai bị – Rubella),2,2,28,4.9,1050,350000,0,5,0,9,242,211,0,40,0
2026-05-04,9,VaxCare Hiệp Bình,7,Vắc xin Thủy đậu (Varicella),2,2,28,4.8,980,850000,0,5,0,3,172,645,0,40,0
2026-05-04,9,VaxCare Hiệp Bình,8,Vắc xin Phế cầu (Pneumococcal),3,2,60,4.9,1360,1150000,0,5,0,13,109,286,0,40,0
2026-05-04,9,VaxCare Hiệp Bình,9,Vắc xin Viêm não Nhật Bản,2,3,28,4.8,720,450000,0,5,0,5,109,336,0,40,0
2026-05-04,9,VaxCare Hiệp Bình,10,Vắc xin Cúm mùa (Influenza),5,1,365,4.9,2180,450000,0,5,0,36,530,51,1,40,0
2026-05-04,9,VaxCare Hiệp Bình,11,Vắc xin HPV (Human Papillomavirus),2,2,180,4.9,1240,1790000,0,5,0,9,155,634,0,40,0
2026-05-04,9,VaxCare Hiệp Bình,12,Vắc xin COVID-19,3,2,180,4.7,1890,550000,0,5,0,27,302,279,0,40,0
2026-05-04,9,VaxCare Hiệp Bình,13,Vắc xin Zona (Shingrix),4,2,60,4.9,640,3200000,0,5,0,4,69,197,0,40,0
2026-05-04,10,VaxCare Tân Định,1,Vắc xin BCG (Bacille Calmette–Guérin),1,1,0,4.9,860,250000,0,5,0,8,250,353,0,50,0
2026-05-04,10,VaxCare Tân Định,2,Vắc xin Viêm gan B (Hepatitis B),1,3,30,4.8,1420,350000,0,5,0,18,450,194,0,50,0
2026-05-04,10,VaxCare Tân Định,3,Vắc xin Bạch hầu – Ho gà – Uốn ván (DTaP/Tdap),2,5,60,4.9,1180,520000,0,5,0,14,283,242,0,50,0
2026-05-04,10,VaxCare Tân Định,4,Vắc xin Bại liệt (IPV),1,4,60,4.8,930,390000,0,5,0,7,207,453,0,50,0
2026-05-04,10,VaxCare Tân Định,5,Vắc xin Hib (Haemophilus influenzae type b),1,3,60,4.9,760,420000,0,5,0,8,156,462,0,50,0
2026-05-04,10,VaxCare Tân Định,6,Vắc xin MMR (Sởi – Quai bị – Rubella),2,2,28,4.9,1050,350000,0,5,0,10,309,183,0,50,0
2026-05-04,10,VaxCare Tân Định,7,Vắc xin Thủy đậu (Varicella),2,2,28,4.8,980,850000,0,5,0,10,137,529,0,50,0
2026-05-04,10,VaxCare Tân Định,8,Vắc xin Phế cầu (Pneumococcal),3,2,60,4.9,1360,1150000,0,5,0,12,127,654,0,50,0
2026-05-04,10,VaxCare Tân Định,9,Vắc xin Viêm não Nhật Bản,2,3,28,4.8,720,450000,0,5,0,8,114,268,0,50,0
2026-05-04,10,VaxCare Tân Định,10,Vắc xin Cúm mùa (Influenza),5,1,365,4.9,2180,450000,0,5,0,24,481,73,1,50,0
2026-05-04,10,VaxCare Tân Định,11,Vắc xin HPV (Human Papillomavirus),2,2,180,4.9,1240,1790000,0,5,0,9,235,563,0,50,0
2026-05-04,10,VaxCare Tân Định,12,Vắc xin COVID-19,3,2,180,4.7,1890,550000,0,5,0,23,313,375,0,50,0
2026-05-04,10,VaxCare Tân Định,13,Vắc xin Zona (Shingrix),4,2,60,4.9,640,3200000,0,5,0,4,82,234,0,50,0
2026-05-04,11,VaxCare An Lạc,1,Vắc xin BCG (Bacille Calmette–Guérin),1,1,0,4.9,860,250000,0,5,0,11,206,465,0,40,0
2026-05-04,11,VaxCare An Lạc,2,Vắc xin Viêm gan B (Hepatitis B),1,3,30,4.8,1420,350000,0,5,0,13,258,411,0,40,0
2026-05-04,11,VaxCare An Lạc,3,Vắc xin Bạch hầu – Ho gà – Uốn ván (DTaP/Tdap),2,5,60,4.9,1180,520000,0,5,0,13,230,361,0,40,0
2026-05-04,11,VaxCare An Lạc,4,Vắc xin Bại liệt (IPV),1,4,60,4.8,930,390000,0,5,0,8,285,630,0,40,0
2026-05-04,11,VaxCare An Lạc,5,Vắc xin Hib (Haemophilus influenzae type b),1,3,60,4.9,760,420000,0,5,0,6,162,552,0,40,0
2026-05-04,11,VaxCare An Lạc,6,Vắc xin MMR (Sởi – Quai bị – Rubella),2,2,28,4.9,1050,350000,0,5,0,12,245,354,0,40,0
2026-05-04,11,VaxCare An Lạc,7,Vắc xin Thủy đậu (Varicella),2,2,28,4.8,980,850000,0,5,0,10,94,395,0,40,0
2026-05-04,11,VaxCare An Lạc,8,Vắc xin Phế cầu (Pneumococcal),3,2,60,4.9,1360,1150000,0,5,0,10,125,475,0,40,0
2026-05-04,11,VaxCare An Lạc,9,Vắc xin Viêm não Nhật Bản,2,3,28,4.8,720,450000,0,5,0,4,98,395,0,40,0
2026-05-04,11,VaxCare An Lạc,10,Vắc xin Cúm mùa (Influenza),5,1,365,4.9,2180,450000,0,5,0,17,413,38,1,40,0
2026-05-04,11,VaxCare An Lạc,11,Vắc xin HPV (Human Papillomavirus),2,2,180,4.9,1240,1790000,0,5,0,9,212,323,0,40,0
2026-05-04,11,VaxCare An Lạc,12,Vắc xin COVID-19,3,2,180,4.7,1890,550000,0,5,0,13,271,566,0,40,0
2026-05-04,11,VaxCare An Lạc,13,Vắc xin Zona (Shingrix),4,2,60,4.9,640,3200000,0,5,0,3,72,287,0,40,0
2026-05-04,12,VaxCare Phú Thuận,1,Vắc xin BCG (Bacille Calmette–Guérin),1,1,0,4.9,860,250000,0,5,0,10,243,611,0,35,0
2026-05-04,12,VaxCare Phú Thuận,2,Vắc xin Viêm gan B (Hepatitis B),1,3,30,4.8,1420,350000,0,5,0,13,322,282,0,35,0
2026-05-04,12,VaxCare Phú Thuận,3,Vắc xin Bạch hầu – Ho gà – Uốn ván (DTaP/Tdap),2,5,60,4.9,1180,520000,0,5,0,15,163,346,0,35,0
2026-05-04,12,VaxCare Phú Thuận,4,Vắc xin Bại liệt (IPV),1,4,60,4.8,930,390000,0,5,0,8,230,202,0,35,0
2026-05-04,12,VaxCare Phú Thuận,5,Vắc xin Hib (Haemophilus influenzae type b),1,3,60,4.9,760,420000,0,5,0,7,187,625,0,35,0
2026-05-04,12,VaxCare Phú Thuận,6,Vắc xin MMR (Sởi – Quai bị – Rubella),2,2,28,4.9,1050,350000,0,5,0,8,286,438,0,35,0
2026-05-04,12,VaxCare Phú Thuận,7,Vắc xin Thủy đậu (Varicella),2,2,28,4.8,980,850000,0,5,0,11,160,590,0,35,0
2026-05-04,12,VaxCare Phú Thuận,8,Vắc xin Phế cầu (Pneumococcal),3,2,60,4.9,1360,1150000,0,5,0,10,105,699,0,35,0
2026-05-04,12,VaxCare Phú Thuận,9,Vắc xin Viêm não Nhật Bản,2,3,28,4.8,720,450000,0,5,0,6,110,455,0,35,0
2026-05-04,12,VaxCare Phú Thuận,10,Vắc xin Cúm mùa (Influenza),5,1,365,4.9,2180,450000,0,5,0,14,602,37,1,35,0
2026-05-04,12,VaxCare Phú Thuận,11,Vắc xin HPV (Human Papillomavirus),2,2,180,4.9,1240,1790000,0,5,0,10,137,383,0,35,0
2026-05-04,12,VaxCare Phú Thuận,12,Vắc xin COVID-19,3,2,180,4.7,1890,550000,0,5,0,15,339,521,0,35,0
2026-05-04,12,VaxCare Phú Thuận,13,Vắc xin Zona (Shingrix),4,2,60,4.9,640,3200000,0,5,0,3,68,496,0,35,0
2026-05-05,1,VaxCare Phú Nhuận,1,Vắc xin BCG (Bacille Calmette–Guérin),1,1,0,4.9,860,250000,1,5,0,9,319,534,0,50,0
2026-05-05,1,VaxCare Phú Nhuận,2,Vắc xin Viêm gan B (Hepatitis B),1,3,30,4.8,1420,350000,1,5,0,18,363,180,0,50,0
2026-05-05,1,VaxCare Phú Nhuận,3,Vắc xin Bạch hầu – Ho gà – Uốn ván (DTaP/Tdap),2,5,60,4.9,1180,520000,1,5,0,17,245,488,0,50,0
2026-05-05,1,VaxCare Phú Nhuận,4,Vắc xin Bại liệt (IPV),1,4,60,4.8,930,390000,1,5,0,10,223,388,0,50,0
2026-05-05,1,VaxCare Phú Nhuận,5,Vắc xin Hib (Haemophilus influenzae type b),1,3,60,4.9,760,420000,1,5,0,7,206,563,0,50,0
2026-05-05,1,VaxCare Phú Nhuận,6,Vắc xin MMR (Sởi – Quai bị – Rubella),2,2,28,4.9,1050,350000,1,5,0,13,223,282,0,50,0
2026-05-05,1,VaxCare Phú Nhuận,7,Vắc xin Thủy đậu (Varicella),2,2,28,4.8,980,850000,1,5,0,9,164,397,0,50,0
2026-05-05,1,VaxCare Phú Nhuận,8,Vắc xin Phế cầu (Pneumococcal),3,2,60,4.9,1360,1150000,1,5,0,13,140,428,0,50,0
2026-05-05,1,VaxCare Phú Nhuận,9,Vắc xin Viêm não Nhật Bản,2,3,28,4.8,720,450000,1,5,0,7,176,311,0,50,0
2026-05-05,1,VaxCare Phú Nhuận,10,Vắc xin Cúm mùa (Influenza),5,1,365,4.9,2180,450000,1,5,0,28,504,113,0,50,0
2026-05-05,1,VaxCare Phú Nhuận,11,Vắc xin HPV (Human Papillomavirus),2,2,180,4.9,1240,1790000,1,5,0,12,236,583,0,50,0
2026-05-05,1,VaxCare Phú Nhuận,12,Vắc xin COVID-19,3,2,180,4.7,1890,550000,1,5,0,20,326,207,0,50,0
2026-05-05,1,VaxCare Phú Nhuận,13,Vắc xin Zona (Shingrix),4,2,60,4.9,640,3200000,1,5,0,9,75,420,0,50,0
2026-05-05,2,VaxCare Thủ Đức - Bình Chiểu,1,Vắc xin BCG (Bacille Calmette–Guérin),1,1,0,4.9,860,250000,1,5,0,10,214,181,0,40,0
2026-05-05,2,VaxCare Thủ Đức - Bình Chiểu,2,Vắc xin Viêm gan B (Hepatitis B),1,3,30,4.8,1420,350000,1,5,0,7,321,415,0,40,0
2026-05-05,2,VaxCare Thủ Đức - Bình Chiểu,3,Vắc xin Bạch hầu – Ho gà – Uốn ván (DTaP/Tdap),2,5,60,4.9,1180,520000,1,5,0,10,152,396,0,40,0
2026-05-05,2,VaxCare Thủ Đức - Bình Chiểu,4,Vắc xin Bại liệt (IPV),1,4,60,4.8,930,390000,1,5,0,9,199,573,0,40,0
2026-05-05,2,VaxCare Thủ Đức - Bình Chiểu,5,Vắc xin Hib (Haemophilus influenzae type b),1,3,60,4.9,760,420000,1,5,0,8,192,471,0,40,0
2026-05-05,2,VaxCare Thủ Đức - Bình Chiểu,6,Vắc xin MMR (Sởi – Quai bị – Rubella),2,2,28,4.9,1050,350000,1,5,0,14,218,447,0,40,0
2026-05-05,2,VaxCare Thủ Đức - Bình Chiểu,7,Vắc xin Thủy đậu (Varicella),2,2,28,4.8,980,850000,1,5,0,7,162,347,0,40,0
2026-05-05,2,VaxCare Thủ Đức - Bình Chiểu,8,Vắc xin Phế cầu (Pneumococcal),3,2,60,4.9,1360,1150000,1,5,0,14,104,264,0,40,0
2026-05-05,2,VaxCare Thủ Đức - Bình Chiểu,9,Vắc xin Viêm não Nhật Bản,2,3,28,4.8,720,450000,1,5,0,7,132,594,0,40,0
2026-05-05,2,VaxCare Thủ Đức - Bình Chiểu,10,Vắc xin Cúm mùa (Influenza),5,1,365,4.9,2180,450000,1,5,0,23,559,111,0,40,0
2026-05-05,2,VaxCare Thủ Đức - Bình Chiểu,11,Vắc xin HPV (Human Papillomavirus),2,2,180,4.9,1240,1790000,1,5,0,11,137,645,0,40,0
2026-05-05,2,VaxCare Thủ Đức - Bình Chiểu,12,Vắc xin COVID-19,3,2,180,4.7,1890,550000,1,5,0,7,200,235,0,40,0
2026-05-05,2,VaxCare Thủ Đức - Bình Chiểu,13,Vắc xin Zona (Shingrix),4,2,60,4.9,640,3200000,1,5,0,5,64,298,0,40,0
2026-05-05,3,VaxCare Nowzone,1,Vắc xin BCG (Bacille Calmette–Guérin),1,1,0,4.9,860,250000,1,5,0,13,276,561,0,60,0
2026-05-05,3,VaxCare Nowzone,2,Vắc xin Viêm gan B (Hepatitis B),1,3,30,4.8,1420,350000,1,5,0,12,425,553,0,60,0
2026-05-05,3,VaxCare Nowzone,3,Vắc xin Bạch hầu – Ho gà – Uốn ván (DTaP/Tdap),2,5,60,4.9,1180,520000,1,5,0,12,185,572,0,60,0
2026-05-05,3,VaxCare Nowzone,4,Vắc xin Bại liệt (IPV),1,4,60,4.8,930,390000,1,5,0,11,300,187,0,60,0
2026-05-05,3,VaxCare Nowzone,5,Vắc xin Hib (Haemophilus influenzae type b),1,3,60,4.9,760,420000,1,5,0,4,192,645,0,60,0
2026-05-05,3,VaxCare Nowzone,6,Vắc xin MMR (Sởi – Quai bị – Rubella),2,2,28,4.9,1050,350000,1,5,0,12,282,220,0,60,0
2026-05-05,3,VaxCare Nowzone,7,Vắc xin Thủy đậu (Varicella),2,2,28,4.8,980,850000,1,5,0,9,125,555,0,60,0
2026-05-05,3,VaxCare Nowzone,8,Vắc xin Phế cầu (Pneumococcal),3,2,60,4.9,1360,1150000,1,5,0,16,83,615,0,60,0
2026-05-05,3,VaxCare Nowzone,9,Vắc xin Viêm não Nhật Bản,2,3,28,4.8,720,450000,1,5,0,6,145,204,0,60,0
2026-05-05,3,VaxCare Nowzone,10,Vắc xin Cúm mùa (Influenza),5,1,365,4.9,2180,450000,1,5,0,23,567,121,0,60,0
2026-05-05,3,VaxCare Nowzone,11,Vắc xin HPV (Human Papillomavirus),2,2,180,4.9,1240,1790000,1,5,0,8,177,484,0,60,0
2026-05-05,3,VaxCare Nowzone,12,Vắc xin COVID-19,3,2,180,4.7,1890,550000,1,5,0,19,348,217,0,60,0
2026-05-05,3,VaxCare Nowzone,13,Vắc xin Zona (Shingrix),4,2,60,4.9,640,3200000,1,5,0,4,62,359,0,60,0
2026-05-05,4,VaxCare Củ Chi - Bình Mỹ,1,Vắc xin BCG (Bacille Calmette–Guérin),1,1,0,4.9,860,250000,1,5,0,5,130,328,0,30,0
2026-05-05,4,VaxCare Củ Chi - Bình Mỹ,2,Vắc xin Viêm gan B (Hepatitis B),1,3,30,4.8,1420,350000,1,5,0,7,245,533,0,30,0
2026-05-05,4,VaxCare Củ Chi - Bình Mỹ,3,Vắc xin Bạch hầu – Ho gà – Uốn ván (DTaP/Tdap),2,5,60,4.9,1180,520000,1,5,0,7,200,649,0,30,0
2026-05-05,4,VaxCare Củ Chi - Bình Mỹ,4,Vắc xin Bại liệt (IPV),1,4,60,4.8,930,390000,1,5,0,5,119,219,0,30,0
2026-05-05,4,VaxCare Củ Chi - Bình Mỹ,5,Vắc xin Hib (Haemophilus influenzae type b),1,3,60,4.9,760,420000,1,5,0,4,120,260,0,30,0
2026-05-05,4,VaxCare Củ Chi - Bình Mỹ,6,Vắc xin MMR (Sởi – Quai bị – Rubella),2,2,28,4.9,1050,350000,1,5,0,7,177,590,0,30,0
2026-05-05,4,VaxCare Củ Chi - Bình Mỹ,7,Vắc xin Thủy đậu (Varicella),2,2,28,4.8,980,850000,1,5,0,2,86,261,0,30,0
2026-05-05,4,VaxCare Củ Chi - Bình Mỹ,8,Vắc xin Phế cầu (Pneumococcal),3,2,60,4.9,1360,1150000,1,5,0,8,74,376,0,30,0
2026-05-05,4,VaxCare Củ Chi - Bình Mỹ,9,Vắc xin Viêm não Nhật Bản,2,3,28,4.8,720,450000,1,5,0,6,104,429,0,30,0
2026-05-05,4,VaxCare Củ Chi - Bình Mỹ,10,Vắc xin Cúm mùa (Influenza),5,1,365,4.9,2180,450000,1,5,0,19,403,176,0,30,0
2026-05-05,4,VaxCare Củ Chi - Bình Mỹ,11,Vắc xin HPV (Human Papillomavirus),2,2,180,4.9,1240,1790000,1,5,0,5,113,370,0,30,0
2026-05-05,4,VaxCare Củ Chi - Bình Mỹ,12,Vắc xin COVID-19,3,2,180,4.7,1890,550000,1,5,0,18,195,588,0,30,0
2026-05-05,4,VaxCare Củ Chi - Bình Mỹ,13,Vắc xin Zona (Shingrix),4,2,60,4.9,640,3200000,1,5,0,2,50,185,0,30,0
2026-05-05,5,VaxCare Trung Mỹ Tây,1,Vắc xin BCG (Bacille Calmette–Guérin),1,1,0,4.9,860,250000,1,5,0,9,236,604,0,40,0
2026-05-05,5,VaxCare Trung Mỹ Tây,2,Vắc xin Viêm gan B (Hepatitis B),1,3,30,4.8,1420,350000,1,5,0,6,339,653,0,40,0
2026-05-05,5,VaxCare Trung Mỹ Tây,3,Vắc xin Bạch hầu – Ho gà – Uốn ván (DTaP/Tdap),2,5,60,4.9,1180,520000,1,5,0,12,199,406,0,40,0
2026-05-05,5,VaxCare Trung Mỹ Tây,4,Vắc xin Bại liệt (IPV),1,4,60,4.8,930,390000,1,5,0,9,179,245,0,40,0
2026-05-05,5,VaxCare Trung Mỹ Tây,5,Vắc xin Hib (Haemophilus influenzae type b),1,3,60,4.9,760,420000,1,5,0,7,202,610,0,40,0
2026-05-05,5,VaxCare Trung Mỹ Tây,6,Vắc xin MMR (Sởi – Quai bị – Rubella),2,2,28,4.9,1050,350000,1,5,0,10,283,578,0,40,0
2026-05-05,5,VaxCare Trung Mỹ Tây,7,Vắc xin Thủy đậu (Varicella),2,2,28,4.8,980,850000,1,5,0,12,143,528,0,40,0
2026-05-05,5,VaxCare Trung Mỹ Tây,8,Vắc xin Phế cầu (Pneumococcal),3,2,60,4.9,1360,1150000,1,5,0,13,78,653,0,40,0
2026-05-05,5,VaxCare Trung Mỹ Tây,9,Vắc xin Viêm não Nhật Bản,2,3,28,4.8,720,450000,1,5,0,8,141,354,0,40,0
2026-05-05,5,VaxCare Trung Mỹ Tây,10,Vắc xin Cúm mùa (Influenza),5,1,365,4.9,2180,450000,1,5,0,25,525,38,1,40,0
2026-05-05,5,VaxCare Trung Mỹ Tây,11,Vắc xin HPV (Human Papillomavirus),2,2,180,4.9,1240,1790000,1,5,0,13,196,678,0,40,0
2026-05-05,5,VaxCare Trung Mỹ Tây,12,Vắc xin COVID-19,3,2,180,4.7,1890,550000,1,5,0,16,274,392,0,40,0
2026-05-05,5,VaxCare Trung Mỹ Tây,13,Vắc xin Zona (Shingrix),4,2,60,4.9,640,3200000,1,5,0,3,66,478,0,40,0
2026-05-05,6,VaxCare Co.opmart Quang Trung,1,Vắc xin BCG (Bacille Calmette–Guérin),1,1,0,4.9,860,250000,1,5,0,11,262,658,0,50,0
2026-05-05,6,VaxCare Co.opmart Quang Trung,2,Vắc xin Viêm gan B (Hepatitis B),1,3,30,4.8,1420,350000,1,5,0,12,248,540,0,50,0
2026-05-05,6,VaxCare Co.opmart Quang Trung,3,Vắc xin Bạch hầu – Ho gà – Uốn ván (DTaP/Tdap),2,5,60,4.9,1180,520000,1,5,0,12,213,203,0,50,0
2026-05-05,6,VaxCare Co.opmart Quang Trung,4,Vắc xin Bại liệt (IPV),1,4,60,4.8,930,390000,1,5,0,10,251,682,0,50,0
2026-05-05,6,VaxCare Co.opmart Quang Trung,5,Vắc xin Hib (Haemophilus influenzae type b),1,3,60,4.9,760,420000,1,5,0,6,239,314,0,50,0
2026-05-05,6,VaxCare Co.opmart Quang Trung,6,Vắc xin MMR (Sởi – Quai bị – Rubella),2,2,28,4.9,1050,350000,1,5,0,7,241,585,0,50,0
2026-05-05,6,VaxCare Co.opmart Quang Trung,7,Vắc xin Thủy đậu (Varicella),2,2,28,4.8,980,850000,1,5,0,10,131,476,0,50,0
2026-05-05,6,VaxCare Co.opmart Quang Trung,8,Vắc xin Phế cầu (Pneumococcal),3,2,60,4.9,1360,1150000,1,5,0,14,98,590,0,50,0
2026-05-05,6,VaxCare Co.opmart Quang Trung,9,Vắc xin Viêm não Nhật Bản,2,3,28,4.8,720,450000,1,5,0,7,142,402,0,50,0
2026-05-05,6,VaxCare Co.opmart Quang Trung,10,Vắc xin Cúm mùa (Influenza),5,1,365,4.9,2180,450000,1,5,0,23,457,122,0,50,0
2026-05-05,6,VaxCare Co.opmart Quang Trung,11,Vắc xin HPV (Human Papillomavirus),2,2,180,4.9,1240,1790000,1,5,0,6,181,581,0,50,0
2026-05-05,6,VaxCare Co.opmart Quang Trung,12,Vắc xin COVID-19,3,2,180,4.7,1890,550000,1,5,0,15,234,655,0,50,0
2026-05-05,6,VaxCare Co.opmart Quang Trung,13,Vắc xin Zona (Shingrix),4,2,60,4.9,640,3200000,1,5,0,6,42,361,0,50,1
2026-05-05,7,VaxCare Oriental Plaza,1,Vắc xin BCG (Bacille Calmette–Guérin),1,1,0,4.9,860,250000,1,5,0,7,227,522,0,45,0
2026-05-05,7,VaxCare Oriental Plaza,2,Vắc xin Viêm gan B (Hepatitis B),1,3,30,4.8,1420,350000,1,5,0,14,374,280,0,45,0
2026-05-05,7,VaxCare Oriental Plaza,3,Vắc xin Bạch hầu – Ho gà – Uốn ván (DTaP/Tdap),2,5,60,4.9,1180,520000,1,5,0,12,182,600,0,45,0
2026-05-05,7,VaxCare Oriental Plaza,4,Vắc xin Bại liệt (IPV),1,4,60,4.8,930,390000,1,5,0,10,195,409,0,45,0
2026-05-05,7,VaxCare Oriental Plaza,5,Vắc xin Hib (Haemophilus influenzae type b),1,3,60,4.9,760,420000,1,5,0,5,166,598,0,45,0
2026-05-05,7,VaxCare Oriental Plaza,6,Vắc xin MMR (Sởi – Quai bị – Rubella),2,2,28,4.9,1050,350000,1,5,0,10,329,435,0,45,0
2026-05-05,7,VaxCare Oriental Plaza,7,Vắc xin Thủy đậu (Varicella),2,2,28,4.8,980,850000,1,5,0,10,118,273,0,45,0
2026-05-05,7,VaxCare Oriental Plaza,8,Vắc xin Phế cầu (Pneumococcal),3,2,60,4.9,1360,1150000,1,5,0,15,144,578,0,45,0
2026-05-05,7,VaxCare Oriental Plaza,9,Vắc xin Viêm não Nhật Bản,2,3,28,4.8,720,450000,1,5,0,6,127,648,0,45,0
2026-05-05,7,VaxCare Oriental Plaza,10,Vắc xin Cúm mùa (Influenza),5,1,365,4.9,2180,450000,1,5,0,24,444,150,0,45,0
2026-05-05,7,VaxCare Oriental Plaza,11,Vắc xin HPV (Human Papillomavirus),2,2,180,4.9,1240,1790000,1,5,0,6,207,315,0,45,0
2026-05-05,7,VaxCare Oriental Plaza,12,Vắc xin COVID-19,3,2,180,4.7,1890,550000,1,5,0,16,247,652,0,45,0
2026-05-05,7,VaxCare Oriental Plaza,13,Vắc xin Zona (Shingrix),4,2,60,4.9,640,3200000,1,5,0,4,50,361,0,45,0
2026-05-05,8,VaxCare Hóc Môn - Đông Thạnh,1,Vắc xin BCG (Bacille Calmette–Guérin),1,1,0,4.9,860,250000,1,5,0,9,233,519,0,30,0
2026-05-05,8,VaxCare Hóc Môn - Đông Thạnh,2,Vắc xin Viêm gan B (Hepatitis B),1,3,30,4.8,1420,350000,1,5,0,12,282,653,0,30,0
2026-05-05,8,VaxCare Hóc Môn - Đông Thạnh,3,Vắc xin Bạch hầu – Ho gà – Uốn ván (DTaP/Tdap),2,5,60,4.9,1180,520000,1,5,0,8,161,213,0,30,0
2026-05-05,8,VaxCare Hóc Môn - Đông Thạnh,4,Vắc xin Bại liệt (IPV),1,4,60,4.8,930,390000,1,5,0,3,177,661,0,30,0
2026-05-05,8,VaxCare Hóc Môn - Đông Thạnh,5,Vắc xin Hib (Haemophilus influenzae type b),1,3,60,4.9,760,420000,1,5,0,5,188,607,0,30,0
2026-05-05,8,VaxCare Hóc Môn - Đông Thạnh,6,Vắc xin MMR (Sởi – Quai bị – Rubella),2,2,28,4.9,1050,350000,1,5,0,8,259,204,0,30,0
2026-05-05,8,VaxCare Hóc Môn - Đông Thạnh,7,Vắc xin Thủy đậu (Varicella),2,2,28,4.8,980,850000,1,5,0,6,104,587,0,30,0
2026-05-05,8,VaxCare Hóc Môn - Đông Thạnh,8,Vắc xin Phế cầu (Pneumococcal),3,2,60,4.9,1360,1150000,1,5,0,8,94,589,0,30,0
2026-05-05,8,VaxCare Hóc Môn - Đông Thạnh,9,Vắc xin Viêm não Nhật Bản,2,3,28,4.8,720,450000,1,5,0,7,102,307,0,30,0
2026-05-05,8,VaxCare Hóc Môn - Đông Thạnh,10,Vắc xin Cúm mùa (Influenza),5,1,365,4.9,2180,450000,1,5,0,20,294,178,0,30,0
2026-05-05,8,VaxCare Hóc Môn - Đông Thạnh,11,Vắc xin HPV (Human Papillomavirus),2,2,180,4.9,1240,1790000,1,5,0,5,159,353,0,30,0
2026-05-05,8,VaxCare Hóc Môn - Đông Thạnh,12,Vắc xin COVID-19,3,2,180,4.7,1890,550000,1,5,0,22,182,428,0,30,0
2026-05-05,8,VaxCare Hóc Môn - Đông Thạnh,13,Vắc xin Zona (Shingrix),4,2,60,4.9,640,3200000,1,5,0,2,51,279,0,30,0
2026-05-05,9,VaxCare Hiệp Bình,1,Vắc xin BCG (Bacille Calmette–Guérin),1,1,0,4.9,860,250000,1,5,0,11,215,683,0,40,0
2026-05-05,9,VaxCare Hiệp Bình,2,Vắc xin Viêm gan B (Hepatitis B),1,3,30,4.8,1420,350000,1,5,0,11,357,482,0,40,0
2026-05-05,9,VaxCare Hiệp Bình,3,Vắc xin Bạch hầu – Ho gà – Uốn ván (DTaP/Tdap),2,5,60,4.9,1180,520000,1,5,0,10,231,641,0,40,0
2026-05-05,9,VaxCare Hiệp Bình,4,Vắc xin Bại liệt (IPV),1,4,60,4.8,930,390000,1,5,0,4,247,216,0,40,0
2026-05-05,9,VaxCare Hiệp Bình,5,Vắc xin Hib (Haemophilus influenzae type b),1,3,60,4.9,760,420000,1,5,0,8,223,475,0,40,0
2026-05-05,9,VaxCare Hiệp Bình,6,Vắc xin MMR (Sởi – Quai bị – Rubella),2,2,28,4.9,1050,350000,1,5,0,5,199,551,0,40,0
2026-05-05,9,VaxCare Hiệp Bình,7,Vắc xin Thủy đậu (Varicella),2,2,28,4.8,980,850000,1,5,0,9,165,342,0,40,0
2026-05-05,9,VaxCare Hiệp Bình,8,Vắc xin Phế cầu (Pneumococcal),3,2,60,4.9,1360,1150000,1,5,0,10,106,630,0,40,0
2026-05-05,9,VaxCare Hiệp Bình,9,Vắc xin Viêm não Nhật Bản,2,3,28,4.8,720,450000,1,5,0,6,154,311,0,40,0
2026-05-05,9,VaxCare Hiệp Bình,10,Vắc xin Cúm mùa (Influenza),5,1,365,4.9,2180,450000,1,5,0,23,390,95,0,40,0
2026-05-05,9,VaxCare Hiệp Bình,11,Vắc xin HPV (Human Papillomavirus),2,2,180,4.9,1240,1790000,1,5,0,11,180,490,0,40,0
2026-05-05,9,VaxCare Hiệp Bình,12,Vắc xin COVID-19,3,2,180,4.7,1890,550000,1,5,0,25,227,552,0,40,0
2026-05-05,9,VaxCare Hiệp Bình,13,Vắc xin Zona (Shingrix),4,2,60,4.9,640,3200000,1,5,0,3,67,354,0,40,0
2026-05-05,10,VaxCare Tân Định,1,Vắc xin BCG (Bacille Calmette–Guérin),1,1,0,4.9,860,250000,1,5,0,9,338,693,0,50,0
2026-05-05,10,VaxCare Tân Định,2,Vắc xin Viêm gan B (Hepatitis B),1,3,30,4.8,1420,350000,1,5,0,15,329,676,0,50,0
2026-05-05,10,VaxCare Tân Định,3,Vắc xin Bạch hầu – Ho gà – Uốn ván (DTaP/Tdap),2,5,60,4.9,1180,520000,1,5,0,14,236,675,0,50,0
2026-05-05,10,VaxCare Tân Định,4,Vắc xin Bại liệt (IPV),1,4,60,4.8,930,390000,1,5,0,11,321,246,0,50,0
2026-05-05,10,VaxCare Tân Định,5,Vắc xin Hib (Haemophilus influenzae type b),1,3,60,4.9,760,420000,1,5,0,6,193,409,0,50,0
2026-05-05,10,VaxCare Tân Định,6,Vắc xin MMR (Sởi – Quai bị – Rubella),2,2,28,4.9,1050,350000,1,5,0,15,259,381,0,50,0
2026-05-05,10,VaxCare Tân Định,7,Vắc xin Thủy đậu (Varicella),2,2,28,4.8,980,850000,1,5,0,10,150,192,0,50,0
2026-05-05,10,VaxCare Tân Định,8,Vắc xin Phế cầu (Pneumococcal),3,2,60,4.9,1360,1150000,1,5,0,17,152,387,0,50,0
2026-05-05,10,VaxCare Tân Định,9,Vắc xin Viêm não Nhật Bản,2,3,28,4.8,720,450000,1,5,0,8,143,281,0,50,0
2026-05-05,10,VaxCare Tân Định,10,Vắc xin Cúm mùa (Influenza),5,1,365,4.9,2180,450000,1,5,0,7,691,171,0,50,0
2026-05-05,10,VaxCare Tân Định,11,Vắc xin HPV (Human Papillomavirus),2,2,180,4.9,1240,1790000,1,5,0,8,261,237,0,50,0
2026-05-05,10,VaxCare Tân Định,12,Vắc xin COVID-19,3,2,180,4.7,1890,550000,1,5,0,19,308,442,0,50,0
2026-05-05,10,VaxCare Tân Định,13,Vắc xin Zona (Shingrix),4,2,60,4.9,640,3200000,1,5,0,4,96,430,0,50,0
2026-05-05,11,VaxCare An Lạc,1,Vắc xin BCG (Bacille Calmette–Guérin),1,1,0,4.9,860,250000,1,5,0,6,182,221,0,40,0
2026-05-05,11,VaxCare An Lạc,2,Vắc xin Viêm gan B (Hepatitis B),1,3,30,4.8,1420,350000,1,5,0,19,403,464,0,40,0
2026-05-05,11,VaxCare An Lạc,3,Vắc xin Bạch hầu – Ho gà – Uốn ván (DTaP/Tdap),2,5,60,4.9,1180,520000,1,5,0,8,169,245,0,40,0
2026-05-05,11,VaxCare An Lạc,4,Vắc xin Bại liệt (IPV),1,4,60,4.8,930,390000,1,5,0,8,272,490,0,40,0
2026-05-05,11,VaxCare An Lạc,5,Vắc xin Hib (Haemophilus influenzae type b),1,3,60,4.9,760,420000,1,5,0,7,142,668,0,40,0
2026-05-05,11,VaxCare An Lạc,6,Vắc xin MMR (Sởi – Quai bị – Rubella),2,2,28,4.9,1050,350000,1,5,0,7,260,254,0,40,0
2026-05-05,11,VaxCare An Lạc,7,Vắc xin Thủy đậu (Varicella),2,2,28,4.8,980,850000,1,5,0,8,125,265,0,40,0
2026-05-05,11,VaxCare An Lạc,8,Vắc xin Phế cầu (Pneumococcal),3,2,60,4.9,1360,1150000,1,5,0,5,111,400,0,40,0
2026-05-05,11,VaxCare An Lạc,9,Vắc xin Viêm não Nhật Bản,2,3,28,4.8,720,450000,1,5,0,6,139,189,0,40,0
2026-05-05,11,VaxCare An Lạc,10,Vắc xin Cúm mùa (Influenza),5,1,365,4.9,2180,450000,1,5,0,12,520,143,0,40,0
2026-05-05,11,VaxCare An Lạc,11,Vắc xin HPV (Human Papillomavirus),2,2,180,4.9,1240,1790000,1,5,0,8,201,647,0,40,0
2026-05-05,11,VaxCare An Lạc,12,Vắc xin COVID-19,3,2,180,4.7,1890,550000,1,5,0,17,360,596,0,40,0
2026-05-05,11,VaxCare An Lạc,13,Vắc xin Zona (Shingrix),4,2,60,4.9,640,3200000,1,5,0,6,68,360,0,40,0
2026-05-05,12,VaxCare Phú Thuận,1,Vắc xin BCG (Bacille Calmette–Guérin),1,1,0,4.9,860,250000,1,5,0,7,205,470,0,35,0
2026-05-05,12,VaxCare Phú Thuận,2,Vắc xin Viêm gan B (Hepatitis B),1,3,30,4.8,1420,350000,1,5,0,20,389,434,0,35,0
2026-05-05,12,VaxCare Phú Thuận,3,Vắc xin Bạch hầu – Ho gà – Uốn ván (DTaP/Tdap),2,5,60,4.9,1180,520000,1,5,0,11,189,630,0,35,0
2026-05-05,12,VaxCare Phú Thuận,4,Vắc xin Bại liệt (IPV),1,4,60,4.8,930,390000,1,5,0,7,178,186,0,35,0
2026-05-05,12,VaxCare Phú Thuận,5,Vắc xin Hib (Haemophilus influenzae type b),1,3,60,4.9,760,420000,1,5,0,7,169,347,0,35,0
2026-05-05,12,VaxCare Phú Thuận,6,Vắc xin MMR (Sởi – Quai bị – Rubella),2,2,28,4.9,1050,350000,1,5,0,13,220,491,0,35,0
2026-05-05,12,VaxCare Phú Thuận,7,Vắc xin Thủy đậu (Varicella),2,2,28,4.8,980,850000,1,5,0,6,101,367,0,35,0
2026-05-05,12,VaxCare Phú Thuận,8,Vắc xin Phế cầu (Pneumococcal),3,2,60,4.9,1360,1150000,1,5,0,15,102,417,0,35,0
2026-05-05,12,VaxCare Phú Thuận,9,Vắc xin Viêm não Nhật Bản,2,3,28,4.8,720,450000,1,5,0,7,104,663,0,35,0
2026-05-05,12,VaxCare Phú Thuận,10,Vắc xin Cúm mùa (Influenza),5,1,365,4.9,2180,450000,1,5,0,12,386,83,1,35,0
2026-05-05,12,VaxCare Phú Thuận,11,Vắc xin HPV (Human Papillomavirus),2,2,180,4.9,1240,1790000,1,5,0,8,174,340,0,35,0
2026-05-05,12,VaxCare Phú Thuận,12,Vắc xin COVID-19,3,2,180,4.7,1890,550000,1,5,0,15,239,355,0,35,0
2026-05-05,12,VaxCare Phú Thuận,13,Vắc xin Zona (Shingrix),4,2,60,4.9,640,3200000,1,5,0,5,74,665,0,35,0
2026-05-06,1,VaxCare Phú Nhuận,1,Vắc xin BCG (Bacille Calmette–Guérin),1,1,0,4.9,860,250000,2,5,0,7,288,455,0,50,0
2026-05-06,1,VaxCare Phú Nhuận,2,Vắc xin Viêm gan B (Hepatitis B),1,3,30,4.8,1420,350000,2,5,0,21,313,490,0,50,0
2026-05-06,1,VaxCare Phú Nhuận,3,Vắc xin Bạch hầu – Ho gà – Uốn ván (DTaP/Tdap),2,5,60,4.9,1180,520000,2,5,0,16,208,542,0,50,0
2026-05-06,1,VaxCare Phú Nhuận,4,Vắc xin Bại liệt (IPV),1,4,60,4.8,930,390000,2,5,0,14,295,495,0,50,0
2026-05-06,1,VaxCare Phú Nhuận,5,Vắc xin Hib (Haemophilus influenzae type b),1,3,60,4.9,760,420000,2,5,0,8,214,607,0,50,0
2026-05-06,1,VaxCare Phú Nhuận,6,Vắc xin MMR (Sởi – Quai bị – Rubella),2,2,28,4.9,1050,350000,2,5,0,15,202,598,0,50,0
2026-05-06,1,VaxCare Phú Nhuận,7,Vắc xin Thủy đậu (Varicella),2,2,28,4.8,980,850000,2,5,0,9,152,460,0,50,0
2026-05-06,1,VaxCare Phú Nhuận,8,Vắc xin Phế cầu (Pneumococcal),3,2,60,4.9,1360,1150000,2,5,0,15,82,442,0,50,0
2026-05-06,1,VaxCare Phú Nhuận,9,Vắc xin Viêm não Nhật Bản,2,3,28,4.8,720,450000,2,5,0,8,116,509,0,50,0
2026-05-06,1,VaxCare Phú Nhuận,10,Vắc xin Cúm mùa (Influenza),5,1,365,4.9,2180,450000,2,5,0,39,523,172,0,50,0
2026-05-06,1,VaxCare Phú Nhuận,11,Vắc xin HPV (Human Papillomavirus),2,2,180,4.9,1240,1790000,2,5,0,11,214,400,0,50,0
2026-05-06,1,VaxCare Phú Nhuận,12,Vắc xin COVID-19,3,2,180,4.7,1890,550000,2,5,0,14,327,289,0,50,0
2026-05-06,1,VaxCare Phú Nhuận,13,Vắc xin Zona (Shingrix),4,2,60,4.9,640,3200000,2,5,0,7,54,671,0,50,0
2026-05-06,2,VaxCare Thủ Đức - Bình Chiểu,1,Vắc xin BCG (Bacille Calmette–Guérin),1,1,0,4.9,860,250000,2,5,0,9,262,579,0,40,0
2026-05-06,2,VaxCare Thủ Đức - Bình Chiểu,2,Vắc xin Viêm gan B (Hepatitis B),1,3,30,4.8,1420,350000,2,5,0,12,336,466,0,40,0
2026-05-06,2,VaxCare Thủ Đức - Bình Chiểu,3,Vắc xin Bạch hầu – Ho gà – Uốn ván (DTaP/Tdap),2,5,60,4.9,1180,520000,2,5,0,9,232,283,0,40,0
2026-05-06,2,VaxCare Thủ Đức - Bình Chiểu,4,Vắc xin Bại liệt (IPV),1,4,60,4.8,930,390000,2,5,0,7,159,558,0,40,0
2026-05-06,2,VaxCare Thủ Đức - Bình Chiểu,5,Vắc xin Hib (Haemophilus influenzae type b),1,3,60,4.9,760,420000,2,5,0,5,171,663,0,40,0
2026-05-06,2,VaxCare Thủ Đức - Bình Chiểu,6,Vắc xin MMR (Sởi – Quai bị – Rubella),2,2,28,4.9,1050,350000,2,5,0,9,214,603,0,40,0
2026-05-06,2,VaxCare Thủ Đức - Bình Chiểu,7,Vắc xin Thủy đậu (Varicella),2,2,28,4.8,980,850000,2,5,0,9,172,486,0,40,0
2026-05-06,2,VaxCare Thủ Đức - Bình Chiểu,8,Vắc xin Phế cầu (Pneumococcal),3,2,60,4.9,1360,1150000,2,5,0,10,114,431,0,40,0
2026-05-06,2,VaxCare Thủ Đức - Bình Chiểu,9,Vắc xin Viêm não Nhật Bản,2,3,28,4.8,720,450000,2,5,0,1,117,478,0,40,0
2026-05-06,2,VaxCare Thủ Đức - Bình Chiểu,10,Vắc xin Cúm mùa (Influenza),5,1,365,4.9,2180,450000,2,5,0,9,544,47,1,40,0
2026-05-06,2,VaxCare Thủ Đức - Bình Chiểu,11,Vắc xin HPV (Human Papillomavirus),2,2,180,4.9,1240,1790000,2,5,0,11,196,636,0,40,0
2026-05-06,2,VaxCare Thủ Đức - Bình Chiểu,12,Vắc xin COVID-19,3,2,180,4.7,1890,550000,2,5,0,17,308,508,0,40,0
2026-05-06,2,VaxCare Thủ Đức - Bình Chiểu,13,Vắc xin Zona (Shingrix),4,2,60,4.9,640,3200000,2,5,0,3,51,521,0,40,0
2026-05-06,3,VaxCare Nowzone,1,Vắc xin BCG (Bacille Calmette–Guérin),1,1,0,4.9,860,250000,2,5,0,9,213,203,0,60,0
2026-05-06,3,VaxCare Nowzone,2,Vắc xin Viêm gan B (Hepatitis B),1,3,30,4.8,1420,350000,2,5,0,16,289,585,0,60,0
2026-05-06,3,VaxCare Nowzone,3,Vắc xin Bạch hầu – Ho gà – Uốn ván (DTaP/Tdap),2,5,60,4.9,1180,520000,2,5,0,15,278,241,0,60,0
2026-05-06,3,VaxCare Nowzone,4,Vắc xin Bại liệt (IPV),1,4,60,4.8,930,390000,2,5,0,8,292,627,0,60,0
2026-05-06,3,VaxCare Nowzone,5,Vắc xin Hib (Haemophilus influenzae type b),1,3,60,4.9,760,420000,2,5,0,9,287,683,0,60,0
2026-05-06,3,VaxCare Nowzone,6,Vắc xin MMR (Sởi – Quai bị – Rubella),2,2,28,4.9,1050,350000,2,5,0,11,270,248,0,60,0
2026-05-06,3,VaxCare Nowzone,7,Vắc xin Thủy đậu (Varicella),2,2,28,4.8,980,850000,2,5,0,9,194,295,0,60,0
2026-05-06,3,VaxCare Nowzone,8,Vắc xin Phế cầu (Pneumococcal),3,2,60,4.9,1360,1150000,2,5,0,15,132,659,0,60,0
2026-05-06,3,VaxCare Nowzone,9,Vắc xin Viêm não Nhật Bản,2,3,28,4.8,720,450000,2,5,0,6,170,254,0,60,0
2026-05-06,3,VaxCare Nowzone,10,Vắc xin Cúm mùa (Influenza),5,1,365,4.9,2180,450000,2,5,0,32,621,149,0,60,0
2026-05-06,3,VaxCare Nowzone,11,Vắc xin HPV (Human Papillomavirus),2,2,180,4.9,1240,1790000,2,5,0,8,197,518,0,60,0
2026-05-06,3,VaxCare Nowzone,12,Vắc xin COVID-19,3,2,180,4.7,1890,550000,2,5,0,16,245,622,0,60,0
2026-05-06,3,VaxCare Nowzone,13,Vắc xin Zona (Shingrix),4,2,60,4.9,640,3200000,2,5,0,5,85,480,0,60,0
2026-05-06,4,VaxCare Củ Chi - Bình Mỹ,1,Vắc xin BCG (Bacille Calmette–Guérin),1,1,0,4.9,860,250000,2,5,0,6,104,188,0,30,0
2026-05-06,4,VaxCare Củ Chi - Bình Mỹ,2,Vắc xin Viêm gan B (Hepatitis B),1,3,30,4.8,1420,350000,2,5,0,4,186,445,0,30,0
2026-05-06,4,VaxCare Củ Chi - Bình Mỹ,3,Vắc xin Bạch hầu – Ho gà – Uốn ván (DTaP/Tdap),2,5,60,4.9,1180,520000,2,5,0,8,178,648,0,30,0
2026-05-06,4,VaxCare Củ Chi - Bình Mỹ,4,Vắc xin Bại liệt (IPV),1,4,60,4.8,930,390000,2,5,0,4,189,543,0,30,0
2026-05-06,4,VaxCare Củ Chi - Bình Mỹ,5,Vắc xin Hib (Haemophilus influenzae type b),1,3,60,4.9,760,420000,2,5,0,5,167,331,0,30,0
2026-05-06,4,VaxCare Củ Chi - Bình Mỹ,6,Vắc xin MMR (Sởi – Quai bị – Rubella),2,2,28,4.9,1050,350000,2,5,0,8,156,206,0,30,0
2026-05-06,4,VaxCare Củ Chi - Bình Mỹ,7,Vắc xin Thủy đậu (Varicella),2,2,28,4.8,980,850000,2,5,0,7,124,310,0,30,0
2026-05-06,4,VaxCare Củ Chi - Bình Mỹ,8,Vắc xin Phế cầu (Pneumococcal),3,2,60,4.9,1360,1150000,2,5,0,5,81,502,0,30,0
2026-05-06,4,VaxCare Củ Chi - Bình Mỹ,9,Vắc xin Viêm não Nhật Bản,2,3,28,4.8,720,450000,2,5,0,5,113,490,0,30,0
2026-05-06,4,VaxCare Củ Chi - Bình Mỹ,10,Vắc xin Cúm mùa (Influenza),5,1,365,4.9,2180,450000,2,5,0,15,287,85,1,30,0
2026-05-06,4,VaxCare Củ Chi - Bình Mỹ,11,Vắc xin HPV (Human Papillomavirus),2,2,180,4.9,1240,1790000,2,5,0,6,141,630,0,30,0
2026-05-06,4,VaxCare Củ Chi - Bình Mỹ,12,Vắc xin COVID-19,3,2,180,4.7,1890,550000,2,5,0,8,144,634,0,30,0
2026-05-06,4,VaxCare Củ Chi - Bình Mỹ,13,Vắc xin Zona (Shingrix),4,2,60,4.9,640,3200000,2,5,0,3,56,230,0,30,0
2026-05-06,5,VaxCare Trung Mỹ Tây,1,Vắc xin BCG (Bacille Calmette–Guérin),1,1,0,4.9,860,250000,2,5,0,11,207,390,0,40,0
2026-05-06,5,VaxCare Trung Mỹ Tây,2,Vắc xin Viêm gan B (Hepatitis B),1,3,30,4.8,1420,350000,2,5,0,13,361,359,0,40,0
2026-05-06,5,VaxCare Trung Mỹ Tây,3,Vắc xin Bạch hầu – Ho gà – Uốn ván (DTaP/Tdap),2,5,60,4.9,1180,520000,2,5,0,14,199,394,0,40,0
2026-05-06,5,VaxCare Trung Mỹ Tây,4,Vắc xin Bại liệt (IPV),1,4,60,4.8,930,390000,2,5,0,11,176,546,0,40,0
2026-05-06,5,VaxCare Trung Mỹ Tây,5,Vắc xin Hib (Haemophilus influenzae type b),1,3,60,4.9,760,420000,2,5,0,3,213,375,0,40,0
2026-05-06,5,VaxCare Trung Mỹ Tây,6,Vắc xin MMR (Sởi – Quai bị – Rubella),2,2,28,4.9,1050,350000,2,5,0,8,240,699,0,40,0
2026-05-06,5,VaxCare Trung Mỹ Tây,7,Vắc xin Thủy đậu (Varicella),2,2,28,4.8,980,850000,2,5,0,7,130,294,0,40,0
2026-05-06,5,VaxCare Trung Mỹ Tây,8,Vắc xin Phế cầu (Pneumococcal),3,2,60,4.9,1360,1150000,2,5,0,14,120,569,0,40,0
2026-05-06,5,VaxCare Trung Mỹ Tây,9,Vắc xin Viêm não Nhật Bản,2,3,28,4.8,720,450000,2,5,0,6,132,543,0,40,0
2026-05-06,5,VaxCare Trung Mỹ Tây,10,Vắc xin Cúm mùa (Influenza),5,1,365,4.9,2180,450000,2,5,0,30,433,141,0,40,0
2026-05-06,5,VaxCare Trung Mỹ Tây,11,Vắc xin HPV (Human Papillomavirus),2,2,180,4.9,1240,1790000,2,5,0,9,199,266,0,40,0
2026-05-06,5,VaxCare Trung Mỹ Tây,12,Vắc xin COVID-19,3,2,180,4.7,1890,550000,2,5,0,26,294,196,0,40,0
2026-05-06,5,VaxCare Trung Mỹ Tây,13,Vắc xin Zona (Shingrix),4,2,60,4.9,640,3200000,2,5,0,5,85,511,0,40,0
2026-05-06,6,VaxCare Co.opmart Quang Trung,1,Vắc xin BCG (Bacille Calmette–Guérin),1,1,0,4.9,860,250000,2,5,0,8,167,189,0,50,0
2026-05-06,6,VaxCare Co.opmart Quang Trung,2,Vắc xin Viêm gan B (Hepatitis B),1,3,30,4.8,1420,350000,2,5,0,17,248,661,0,50,0
2026-05-06,6,VaxCare Co.opmart Quang Trung,3,Vắc xin Bạch hầu – Ho gà – Uốn ván (DTaP/Tdap),2,5,60,4.9,1180,520000,2,5,0,9,241,394,0,50,0
2026-05-06,6,VaxCare Co.opmart Quang Trung,4,Vắc xin Bại liệt (IPV),1,4,60,4.8,930,390000,2,5,0,13,257,604,0,50,0
2026-05-06,6,VaxCare Co.opmart Quang Trung,5,Vắc xin Hib (Haemophilus influenzae type b),1,3,60,4.9,760,420000,2,5,0,5,207,358,0,50,0
2026-05-06,6,VaxCare Co.opmart Quang Trung,6,Vắc xin MMR (Sởi – Quai bị – Rubella),2,2,28,4.9,1050,350000,2,5,0,9,335,365,0,50,0
2026-05-06,6,VaxCare Co.opmart Quang Trung,7,Vắc xin Thủy đậu (Varicella),2,2,28,4.8,980,850000,2,5,0,8,149,346,0,50,0
2026-05-06,6,VaxCare Co.opmart Quang Trung,8,Vắc xin Phế cầu (Pneumococcal),3,2,60,4.9,1360,1150000,2,5,0,9,73,593,0,50,0
2026-05-06,6,VaxCare Co.opmart Quang Trung,9,Vắc xin Viêm não Nhật Bản,2,3,28,4.8,720,450000,2,5,0,7,140,508,0,50,0
2026-05-06,6,VaxCare Co.opmart Quang Trung,10,Vắc xin Cúm mùa (Influenza),5,1,365,4.9,2180,450000,2,5,0,20,366,37,1,50,0
2026-05-06,6,VaxCare Co.opmart Quang Trung,11,Vắc xin HPV (Human Papillomavirus),2,2,180,4.9,1240,1790000,2,5,0,10,220,327,0,50,0
2026-05-06,6,VaxCare Co.opmart Quang Trung,12,Vắc xin COVID-19,3,2,180,4.7,1890,550000,2,5,0,12,350,566,0,50,0
2026-05-06,6,VaxCare Co.opmart Quang Trung,13,Vắc xin Zona (Shingrix),4,2,60,4.9,640,3200000,2,5,0,3,65,282,0,50,0
2026-05-06,7,VaxCare Oriental Plaza,1,Vắc xin BCG (Bacille Calmette–Guérin),1,1,0,4.9,860,250000,2,5,0,8,160,609,0,45,0
2026-05-06,7,VaxCare Oriental Plaza,2,Vắc xin Viêm gan B (Hepatitis B),1,3,30,4.8,1420,350000,2,5,0,16,410,655,0,45,0
2026-05-06,7,VaxCare Oriental Plaza,3,Vắc xin Bạch hầu – Ho gà – Uốn ván (DTaP/Tdap),2,5,60,4.9,1180,520000,2,5,0,15,235,180,0,45,0
2026-05-06,7,VaxCare Oriental Plaza,4,Vắc xin Bại liệt (IPV),1,4,60,4.8,930,390000,2,5,0,5,184,311,0,45,0
2026-05-06,7,VaxCare Oriental Plaza,5,Vắc xin Hib (Haemophilus influenzae type b),1,3,60,4.9,760,420000,2,5,0,7,175,278,0,45,0
2026-05-06,7,VaxCare Oriental Plaza,6,Vắc xin MMR (Sởi – Quai bị – Rubella),2,2,28,4.9,1050,350000,2,5,0,11,251,404,0,45,0
2026-05-06,7,VaxCare Oriental Plaza,7,Vắc xin Thủy đậu (Varicella),2,2,28,4.8,980,850000,2,5,0,9,137,264,0,45,0
2026-05-06,7,VaxCare Oriental Plaza,8,Vắc xin Phế cầu (Pneumococcal),3,2,60,4.9,1360,1150000,2,5,0,8,103,287,0,45,0
2026-05-06,7,VaxCare Oriental Plaza,9,Vắc xin Viêm não Nhật Bản,2,3,28,4.8,720,450000,2,5,0,5,100,488,0,45,0
2026-05-06,7,VaxCare Oriental Plaza,10,Vắc xin Cúm mùa (Influenza),5,1,365,4.9,2180,450000,2,5,0,20,438,181,0,45,0
2026-05-06,7,VaxCare Oriental Plaza,11,Vắc xin HPV (Human Papillomavirus),2,2,180,4.9,1240,1790000,2,5,0,14,177,314,0,45,0
2026-05-06,7,VaxCare Oriental Plaza,12,Vắc xin COVID-19,3,2,180,4.7,1890,550000,2,5,0,23,257,328,0,45,0
2026-05-06,7,VaxCare Oriental Plaza,13,Vắc xin Zona (Shingrix),4,2,60,4.9,640,3200000,2,5,0,5,82,574,0,45,0
2026-05-06,8,VaxCare Hóc Môn - Đông Thạnh,1,Vắc xin BCG (Bacille Calmette–Guérin),1,1,0,4.9,860,250000,2,5,0,2,176,194,0,30,0
2026-05-06,8,VaxCare Hóc Môn - Đông Thạnh,2,Vắc xin Viêm gan B (Hepatitis B),1,3,30,4.8,1420,350000,2,5,0,7,211,423,0,30,0
2026-05-06,8,VaxCare Hóc Môn - Đông Thạnh,3,Vắc xin Bạch hầu – Ho gà – Uốn ván (DTaP/Tdap),2,5,60,4.9,1180,520000,2,5,0,6,105,672,0,30,0
2026-05-06,8,VaxCare Hóc Môn - Đông Thạnh,4,Vắc xin Bại liệt (IPV),1,4,60,4.8,930,390000,2,5,0,7,152,595,0,30,0
2026-05-06,8,VaxCare Hóc Môn - Đông Thạnh,5,Vắc xin Hib (Haemophilus influenzae type b),1,3,60,4.9,760,420000,2,5,0,5,141,449,0,30,0
2026-05-06,8,VaxCare Hóc Môn - Đông Thạnh,6,Vắc xin MMR (Sởi – Quai bị – Rubella),2,2,28,4.9,1050,350000,2,5,0,6,217,466,0,30,0
2026-05-06,8,VaxCare Hóc Môn - Đông Thạnh,7,Vắc xin Thủy đậu (Varicella),2,2,28,4.8,980,850000,2,5,0,6,107,370,0,30,0
2026-05-06,8,VaxCare Hóc Môn - Đông Thạnh,8,Vắc xin Phế cầu (Pneumococcal),3,2,60,4.9,1360,1150000,2,5,0,5,68,647,0,30,0
2026-05-06,8,VaxCare Hóc Môn - Đông Thạnh,9,Vắc xin Viêm não Nhật Bản,2,3,28,4.8,720,450000,2,5,0,4,112,449,0,30,0
2026-05-06,8,VaxCare Hóc Môn - Đông Thạnh,10,Vắc xin Cúm mùa (Influenza),5,1,365,4.9,2180,450000,2,5,0,15,274,194,0,30,0
2026-05-06,8,VaxCare Hóc Môn - Đông Thạnh,11,Vắc xin HPV (Human Papillomavirus),2,2,180,4.9,1240,1790000,2,5,0,9,84,412,0,30,0
2026-05-06,8,VaxCare Hóc Môn - Đông Thạnh,12,Vắc xin COVID-19,3,2,180,4.7,1890,550000,2,5,0,17,257,482,0,30,0
2026-05-06,8,VaxCare Hóc Môn - Đông Thạnh,13,Vắc xin Zona (Shingrix),4,2,60,4.9,640,3200000,2,5,0,3,29,643,0,30,1
2026-05-06,9,VaxCare Hiệp Bình,1,Vắc xin BCG (Bacille Calmette–Guérin),1,1,0,4.9,860,250000,2,5,0,7,230,366,0,40,0
2026-05-06,9,VaxCare Hiệp Bình,2,Vắc xin Viêm gan B (Hepatitis B),1,3,30,4.8,1420,350000,2,5,0,13,294,407,0,40,0
2026-05-06,9,VaxCare Hiệp Bình,3,Vắc xin Bạch hầu – Ho gà – Uốn ván (DTaP/Tdap),2,5,60,4.9,1180,520000,2,5,0,14,241,542,0,40,0
2026-05-06,9,VaxCare Hiệp Bình,4,Vắc xin Bại liệt (IPV),1,4,60,4.8,930,390000,2,5,0,12,229,228,0,40,0
2026-05-06,9,VaxCare Hiệp Bình,5,Vắc xin Hib (Haemophilus influenzae type b),1,3,60,4.9,760,420000,2,5,0,6,222,415,0,40,0
2026-05-06,9,VaxCare Hiệp Bình,6,Vắc xin MMR (Sởi – Quai bị – Rubella),2,2,28,4.9,1050,350000,2,5,0,11,289,342,0,40,0
2026-05-06,9,VaxCare Hiệp Bình,7,Vắc xin Thủy đậu (Varicella),2,2,28,4.8,980,850000,2,5,0,10,119,411,0,40,0
2026-05-06,9,VaxCare Hiệp Bình,8,Vắc xin Phế cầu (Pneumococcal),3,2,60,4.9,1360,1150000,2,5,0,12,127,614,0,40,0
2026-05-06,9,VaxCare Hiệp Bình,9,Vắc xin Viêm não Nhật Bản,2,3,28,4.8,720,450000,2,5,0,4,139,590,0,40,0
2026-05-06,9,VaxCare Hiệp Bình,10,Vắc xin Cúm mùa (Influenza),5,1,365,4.9,2180,450000,2,5,0,15,424,149,0,40,0
2026-05-06,9,VaxCare Hiệp Bình,11,Vắc xin HPV (Human Papillomavirus),2,2,180,4.9,1240,1790000,2,5,0,10,136,256,0,40,0
2026-05-06,9,VaxCare Hiệp Bình,12,Vắc xin COVID-19,3,2,180,4.7,1890,550000,2,5,0,14,230,248,0,40,0
2026-05-06,9,VaxCare Hiệp Bình,13,Vắc xin Zona (Shingrix),4,2,60,4.9,640,3200000,2,5,0,6,30,327,0,40,1
2026-05-06,10,VaxCare Tân Định,1,Vắc xin BCG (Bacille Calmette–Guérin),1,1,0,4.9,860,250000,2,5,0,9,273,428,0,50,0
2026-05-06,10,VaxCare Tân Định,2,Vắc xin Viêm gan B (Hepatitis B),1,3,30,4.8,1420,350000,2,5,0,11,355,609,0,50,0
2026-05-06,10,VaxCare Tân Định,3,Vắc xin Bạch hầu – Ho gà – Uốn ván (DTaP/Tdap),2,5,60,4.9,1180,520000,2,5,0,15,213,538,0,50,0
2026-05-06,10,VaxCare Tân Định,4,Vắc xin Bại liệt (IPV),1,4,60,4.8,930,390000,2,5,0,9,182,591,0,50,0
2026-05-06,10,VaxCare Tân Định,5,Vắc xin Hib (Haemophilus influenzae type b),1,3,60,4.9,760,420000,2,5,0,7,170,634,0,50,0
2026-05-06,10,VaxCare Tân Định,6,Vắc xin MMR (Sởi – Quai bị – Rubella),2,2,28,4.9,1050,350000,2,5,0,14,252,515,0,50,0
2026-05-06,10,VaxCare Tân Định,7,Vắc xin Thủy đậu (Varicella),2,2,28,4.8,980,850000,2,5,0,7,129,498,0,50,0
2026-05-06,10,VaxCare Tân Định,8,Vắc xin Phế cầu (Pneumococcal),3,2,60,4.9,1360,1150000,2,5,0,13,105,628,0,50,0
2026-05-06,10,VaxCare Tân Định,9,Vắc xin Viêm não Nhật Bản,2,3,28,4.8,720,450000,2,5,0,5,143,645,0,50,0
2026-05-06,10,VaxCare Tân Định,10,Vắc xin Cúm mùa (Influenza),5,1,365,4.9,2180,450000,2,5,0,24,445,40,1,50,0
2026-05-06,10,VaxCare Tân Định,11,Vắc xin HPV (Human Papillomavirus),2,2,180,4.9,1240,1790000,2,5,0,6,168,657,0,50,0
2026-05-06,10,VaxCare Tân Định,12,Vắc xin COVID-19,3,2,180,4.7,1890,550000,2,5,0,14,318,678,0,50,0
2026-05-06,10,VaxCare Tân Định,13,Vắc xin Zona (Shingrix),4,2,60,4.9,640,3200000,2,5,0,6,87,285,0,50,0
2026-05-06,11,VaxCare An Lạc,1,Vắc xin BCG (Bacille Calmette–Guérin),1,1,0,4.9,860,250000,2,5,0,11,169,686,0,40,0
2026-05-06,11,VaxCare An Lạc,2,Vắc xin Viêm gan B (Hepatitis B),1,3,30,4.8,1420,350000,2,5,0,11,368,238,0,40,0
2026-05-06,11,VaxCare An Lạc,3,Vắc xin Bạch hầu – Ho gà – Uốn ván (DTaP/Tdap),2,5,60,4.9,1180,520000,2,5,0,9,222,462,0,40,0
2026-05-06,11,VaxCare An Lạc,4,Vắc xin Bại liệt (IPV),1,4,60,4.8,930,390000,2,5,0,9,263,437,0,40,0
2026-05-06,11,VaxCare An Lạc,5,Vắc xin Hib (Haemophilus influenzae type b),1,3,60,4.9,760,420000,2,5,0,6,234,283,0,40,0
2026-05-06,11,VaxCare An Lạc,6,Vắc xin MMR (Sởi – Quai bị – Rubella),2,2,28,4.9,1050,350000,2,5,0,12,277,686,0,40,0
2026-05-06,11,VaxCare An Lạc,7,Vắc xin Thủy đậu (Varicella),2,2,28,4.8,980,850000,2,5,0,6,119,452,0,40,0
2026-05-06,11,VaxCare An Lạc,8,Vắc xin Phế cầu (Pneumococcal),3,2,60,4.9,1360,1150000,2,5,0,9,75,564,0,40,0
2026-05-06,11,VaxCare An Lạc,9,Vắc xin Viêm não Nhật Bản,2,3,28,4.8,720,450000,2,5,0,9,116,290,0,40,0
2026-05-06,11,VaxCare An Lạc,10,Vắc xin Cúm mùa (Influenza),5,1,365,4.9,2180,450000,2,5,0,23,518,54,1,40,0
2026-05-06,11,VaxCare An Lạc,11,Vắc xin HPV (Human Papillomavirus),2,2,180,4.9,1240,1790000,2,5,0,10,133,611,0,40,0
2026-05-06,11,VaxCare An Lạc,12,Vắc xin COVID-19,3,2,180,4.7,1890,550000,2,5,0,16,329,630,0,40,0
2026-05-06,11,VaxCare An Lạc,13,Vắc xin Zona (Shingrix),4,2,60,4.9,640,3200000,2,5,0,3,80,622,0,40,0
2026-05-06,12,VaxCare Phú Thuận,1,Vắc xin BCG (Bacille Calmette–Guérin),1,1,0,4.9,860,250000,2,5,0,11,249,365,0,35,0
2026-05-06,12,VaxCare Phú Thuận,2,Vắc xin Viêm gan B (Hepatitis B),1,3,30,4.8,1420,350000,2,5,0,14,225,479,0,35,0
2026-05-06,12,VaxCare Phú Thuận,3,Vắc xin Bạch hầu – Ho gà – Uốn ván (DTaP/Tdap),2,5,60,4.9,1180,520000,2,5,0,13,262,647,0,35,0
2026-05-06,12,VaxCare Phú Thuận,4,Vắc xin Bại liệt (IPV),1,4,60,4.8,930,390000,2,5,0,8,255,532,0,35,0
2026-05-06,12,VaxCare Phú Thuận,5,Vắc xin Hib (Haemophilus influenzae type b),1,3,60,4.9,760,420000,2,5,0,7,172,636,0,35,0
2026-05-06,12,VaxCare Phú Thuận,6,Vắc xin MMR (Sởi – Quai bị – Rubella),2,2,28,4.9,1050,350000,2,5,0,9,299,449,0,35,0
2026-05-06,12,VaxCare Phú Thuận,7,Vắc xin Thủy đậu (Varicella),2,2,28,4.8,980,850000,2,5,0,9,156,509,0,35,0
2026-05-06,12,VaxCare Phú Thuận,8,Vắc xin Phế cầu (Pneumococcal),3,2,60,4.9,1360,1150000,2,5,0,10,123,356,0,35,0
2026-05-06,12,VaxCare Phú Thuận,9,Vắc xin Viêm não Nhật Bản,2,3,28,4.8,720,450000,2,5,0,5,157,540,0,35,0
2026-05-06,12,VaxCare Phú Thuận,10,Vắc xin Cúm mùa (Influenza),5,1,365,4.9,2180,450000,2,5,0,19,511,108,0,35,0
2026-05-06,12,VaxCare Phú Thuận,11,Vắc xin HPV (Human Papillomavirus),2,2,180,4.9,1240,1790000,2,5,0,10,146,595,0,35,0
2026-05-06,12,VaxCare Phú Thuận,12,Vắc xin COVID-19,3,2,180,4.7,1890,550000,2,5,0,25,249,370,0,35,0
2026-05-06,12,VaxCare Phú Thuận,13,Vắc xin Zona (Shingrix),4,2,60,4.9,640,3200000,2,5,0,3,68,677,0,35,0
2026-05-07,1,VaxCare Phú Nhuận,1,Vắc xin BCG (Bacille Calmette–Guérin),1,1,0,4.9,860,250000,3,5,0,11,229,343,0,50,0
2026-05-07,1,VaxCare Phú Nhuận,2,Vắc xin Viêm gan B (Hepatitis B),1,3,30,4.8,1420,350000,3,5,0,13,439,294,0,50,0
2026-05-07,1,VaxCare Phú Nhuận,3,Vắc xin Bạch hầu – Ho gà – Uốn ván (DTaP/Tdap),2,5,60,4.9,1180,520000,3,5,0,10,190,483,0,50,0
2026-05-07,1,VaxCare Phú Nhuận,4,Vắc xin Bại liệt (IPV),1,4,60,4.8,930,390000,3,5,0,8,287,257,0,50,0
2026-05-07,1,VaxCare Phú Nhuận,5,Vắc xin Hib (Haemophilus influenzae type b),1,3,60,4.9,760,420000,3,5,0,13,200,594,0,50,0
2026-05-07,1,VaxCare Phú Nhuận,6,Vắc xin MMR (Sởi – Quai bị – Rubella),2,2,28,4.9,1050,350000,3,5,0,13,368,528,0,50,0
2026-05-07,1,VaxCare Phú Nhuận,7,Vắc xin Thủy đậu (Varicella),2,2,28,4.8,980,850000,3,5,0,7,145,574,0,50,0
2026-05-07,1,VaxCare Phú Nhuận,8,Vắc xin Phế cầu (Pneumococcal),3,2,60,4.9,1360,1150000,3,5,0,11,93,264,0,50,0
2026-05-07,1,VaxCare Phú Nhuận,9,Vắc xin Viêm não Nhật Bản,2,3,28,4.8,720,450000,3,5,0,5,136,221,0,50,0
2026-05-07,1,VaxCare Phú Nhuận,10,Vắc xin Cúm mùa (Influenza),5,1,365,4.9,2180,450000,3,5,0,13,490,100,0,50,0
2026-05-07,1,VaxCare Phú Nhuận,11,Vắc xin HPV (Human Papillomavirus),2,2,180,4.9,1240,1790000,3,5,0,7,154,404,0,50,0
2026-05-07,1,VaxCare Phú Nhuận,12,Vắc xin COVID-19,3,2,180,4.7,1890,550000,3,5,0,13,278,401,0,50,0
2026-05-07,1,VaxCare Phú Nhuận,13,Vắc xin Zona (Shingrix),4,2,60,4.9,640,3200000,3,5,0,6,47,201,0,50,1
2026-05-07,2,VaxCare Thủ Đức - Bình Chiểu,1,Vắc xin BCG (Bacille Calmette–Guérin),1,1,0,4.9,860,250000,3,5,0,10,262,604,0,40,0
2026-05-07,2,VaxCare Thủ Đức - Bình Chiểu,2,Vắc xin Viêm gan B (Hepatitis B),1,3,30,4.8,1420,350000,3,5,0,11,329,370,0,40,0
2026-05-07,2,VaxCare Thủ Đức - Bình Chiểu,3,Vắc xin Bạch hầu – Ho gà – Uốn ván (DTaP/Tdap),2,5,60,4.9,1180,520000,3,5,0,10,233,576,0,40,0
2026-05-07,2,VaxCare Thủ Đức - Bình Chiểu,4,Vắc xin Bại liệt (IPV),1,4,60,4.8,930,390000,3,5,0,10,255,449,0,40,0
2026-05-07,2,VaxCare Thủ Đức - Bình Chiểu,5,Vắc xin Hib (Haemophilus influenzae type b),1,3,60,4.9,760,420000,3,5,0,7,172,507,0,40,0
2026-05-07,2,VaxCare Thủ Đức - Bình Chiểu,6,Vắc xin MMR (Sởi – Quai bị – Rubella),2,2,28,4.9,1050,350000,3,5,0,11,283,317,0,40,0
2026-05-07,2,VaxCare Thủ Đức - Bình Chiểu,7,Vắc xin Thủy đậu (Varicella),2,2,28,4.8,980,850000,3,5,0,7,140,311,0,40,0
2026-05-07,2,VaxCare Thủ Đức - Bình Chiểu,8,Vắc xin Phế cầu (Pneumococcal),3,2,60,4.9,1360,1150000,3,5,0,14,72,501,0,40,0
2026-05-07,2,VaxCare Thủ Đức - Bình Chiểu,9,Vắc xin Viêm não Nhật Bản,2,3,28,4.8,720,450000,3,5,0,9,112,536,0,40,0
2026-05-07,2,VaxCare Thủ Đức - Bình Chiểu,10,Vắc xin Cúm mùa (Influenza),5,1,365,4.9,2180,450000,3,5,0,26,540,98,0,40,0
2026-05-07,2,VaxCare Thủ Đức - Bình Chiểu,11,Vắc xin HPV (Human Papillomavirus),2,2,180,4.9,1240,1790000,3,5,0,8,182,628,0,40,0
2026-05-07,2,VaxCare Thủ Đức - Bình Chiểu,12,Vắc xin COVID-19,3,2,180,4.7,1890,550000,3,5,0,9,255,355,0,40,0
2026-05-07,2,VaxCare Thủ Đức - Bình Chiểu,13,Vắc xin Zona (Shingrix),4,2,60,4.9,640,3200000,3,5,0,6,38,238,0,40,1
2026-05-07,3,VaxCare Nowzone,1,Vắc xin BCG (Bacille Calmette–Guérin),1,1,0,4.9,860,250000,3,5,0,10,317,331,0,60,0
2026-05-07,3,VaxCare Nowzone,2,Vắc xin Viêm gan B (Hepatitis B),1,3,30,4.8,1420,350000,3,5,0,16,266,462,0,60,0
2026-05-07,3,VaxCare Nowzone,3,Vắc xin Bạch hầu – Ho gà – Uốn ván (DTaP/Tdap),2,5,60,4.9,1180,520000,3,5,0,14,255,682,0,60,0
2026-05-07,3,VaxCare Nowzone,4,Vắc xin Bại liệt (IPV),1,4,60,4.8,930,390000,3,5,0,10,243,400,0,60,0
2026-05-07,3,VaxCare Nowzone,5,Vắc xin Hib (Haemophilus influenzae type b),1,3,60,4.9,760,420000,3,5,0,8,238,491,0,60,0
2026-05-07,3,VaxCare Nowzone,6,Vắc xin MMR (Sởi – Quai bị – Rubella),2,2,28,4.9,1050,350000,3,5,0,17,254,502,0,60,0
2026-05-07,3,VaxCare Nowzone,7,Vắc xin Thủy đậu (Varicella),2,2,28,4.8,980,850000,3,5,0,12,210,546,0,60,0
2026-05-07,3,VaxCare Nowzone,8,Vắc xin Phế cầu (Pneumococcal),3,2,60,4.9,1360,1150000,3,5,0,17,136,245,0,60,0
2026-05-07,3,VaxCare Nowzone,9,Vắc xin Viêm não Nhật Bản,2,3,28,4.8,720,450000,3,5,0,10,162,379,0,60,0
2026-05-07,3,VaxCare Nowzone,10,Vắc xin Cúm mùa (Influenza),5,1,365,4.9,2180,450000,3,5,0,7,474,37,1,60,0
2026-05-07,3,VaxCare Nowzone,11,Vắc xin HPV (Human Papillomavirus),2,2,180,4.9,1240,1790000,3,5,0,12,208,302,0,60,0
2026-05-07,3,VaxCare Nowzone,12,Vắc xin COVID-19,3,2,180,4.7,1890,550000,3,5,0,24,297,576,0,60,0
2026-05-07,3,VaxCare Nowzone,13,Vắc xin Zona (Shingrix),4,2,60,4.9,640,3200000,3,5,0,4,82,665,0,60,0
2026-05-07,4,VaxCare Củ Chi - Bình Mỹ,1,Vắc xin BCG (Bacille Calmette–Guérin),1,1,0,4.9,860,250000,3,5,0,10,124,278,0,30,0
2026-05-07,4,VaxCare Củ Chi - Bình Mỹ,2,Vắc xin Viêm gan B (Hepatitis B),1,3,30,4.8,1420,350000,3,5,0,10,224,620,0,30,0
2026-05-07,4,VaxCare Củ Chi - Bình Mỹ,3,Vắc xin Bạch hầu – Ho gà – Uốn ván (DTaP/Tdap),2,5,60,4.9,1180,520000,3,5,0,7,157,368,0,30,0
2026-05-07,4,VaxCare Củ Chi - Bình Mỹ,4,Vắc xin Bại liệt (IPV),1,4,60,4.8,930,390000,3,5,0,6,137,539,0,30,0
2026-05-07,4,VaxCare Củ Chi - Bình Mỹ,5,Vắc xin Hib (Haemophilus influenzae type b),1,3,60,4.9,760,420000,3,5,0,6,183,642,0,30,0
2026-05-07,4,VaxCare Củ Chi - Bình Mỹ,6,Vắc xin MMR (Sởi – Quai bị – Rubella),2,2,28,4.9,1050,350000,3,5,0,8,203,242,0,30,0
2026-05-07,4,VaxCare Củ Chi - Bình Mỹ,7,Vắc xin Thủy đậu (Varicella),2,2,28,4.8,980,850000,3,5,0,5,147,562,0,30,0
2026-05-07,4,VaxCare Củ Chi - Bình Mỹ,8,Vắc xin Phế cầu (Pneumococcal),3,2,60,4.9,1360,1150000,3,5,0,9,68,192,0,30,0
2026-05-07,4,VaxCare Củ Chi - Bình Mỹ,9,Vắc xin Viêm não Nhật Bản,2,3,28,4.8,720,450000,3,5,0,5,54,208,0,30,0
2026-05-07,4,VaxCare Củ Chi - Bình Mỹ,10,Vắc xin Cúm mùa (Influenza),5,1,365,4.9,2180,450000,3,5,0,14,402,74,1,30,0
2026-05-07,4,VaxCare Củ Chi - Bình Mỹ,11,Vắc xin HPV (Human Papillomavirus),2,2,180,4.9,1240,1790000,3,5,0,6,84,403,0,30,0
2026-05-07,4,VaxCare Củ Chi - Bình Mỹ,12,Vắc xin COVID-19,3,2,180,4.7,1890,550000,3,5,0,7,275,338,0,30,0
2026-05-07,4,VaxCare Củ Chi - Bình Mỹ,13,Vắc xin Zona (Shingrix),4,2,60,4.9,640,3200000,3,5,0,2,50,361,0,30,0
2026-05-07,5,VaxCare Trung Mỹ Tây,1,Vắc xin BCG (Bacille Calmette–Guérin),1,1,0,4.9,860,250000,3,5,0,6,205,219,0,40,0
2026-05-07,5,VaxCare Trung Mỹ Tây,2,Vắc xin Viêm gan B (Hepatitis B),1,3,30,4.8,1420,350000,3,5,0,6,411,499,0,40,0
2026-05-07,5,VaxCare Trung Mỹ Tây,3,Vắc xin Bạch hầu – Ho gà – Uốn ván (DTaP/Tdap),2,5,60,4.9,1180,520000,3,5,0,12,252,364,0,40,0
2026-05-07,5,VaxCare Trung Mỹ Tây,4,Vắc xin Bại liệt (IPV),1,4,60,4.8,930,390000,3,5,0,7,220,689,0,40,0
2026-05-07,5,VaxCare Trung Mỹ Tây,5,Vắc xin Hib (Haemophilus influenzae type b),1,3,60,4.9,760,420000,3,5,0,6,166,525,0,40,0
2026-05-07,5,VaxCare Trung Mỹ Tây,6,Vắc xin MMR (Sởi – Quai bị – Rubella),2,2,28,4.9,1050,350000,3,5,0,9,324,638,0,40,0
2026-05-07,5,VaxCare Trung Mỹ Tây,7,Vắc xin Thủy đậu (Varicella),2,2,28,4.8,980,850000,3,5,0,6,178,432,0,40,0
2026-05-07,5,VaxCare Trung Mỹ Tây,8,Vắc xin Phế cầu (Pneumococcal),3,2,60,4.9,1360,1150000,3,5,0,10,97,372,0,40,0
2026-05-07,5,VaxCare Trung Mỹ Tây,9,Vắc xin Viêm não Nhật Bản,2,3,28,4.8,720,450000,3,5,0,7,154,240,0,40,0
2026-05-07,5,VaxCare Trung Mỹ Tây,10,Vắc xin Cúm mùa (Influenza),5,1,365,4.9,2180,450000,3,5,0,15,590,198,0,40,0
2026-05-07,5,VaxCare Trung Mỹ Tây,11,Vắc xin HPV (Human Papillomavirus),2,2,180,4.9,1240,1790000,3,5,0,7,197,273,0,40,0
2026-05-07,5,VaxCare Trung Mỹ Tây,12,Vắc xin COVID-19,3,2,180,4.7,1890,550000,3,5,0,14,300,583,0,40,0
2026-05-07,5,VaxCare Trung Mỹ Tây,13,Vắc xin Zona (Shingrix),4,2,60,4.9,640,3200000,3,5,0,5,68,508,0,40,0
2026-05-07,6,VaxCare Co.opmart Quang Trung,1,Vắc xin BCG (Bacille Calmette–Guérin),1,1,0,4.9,860,250000,3,5,0,7,181,616,0,50,0
2026-05-07,6,VaxCare Co.opmart Quang Trung,2,Vắc xin Viêm gan B (Hepatitis B),1,3,30,4.8,1420,350000,3,5,0,14,280,682,0,50,0
2026-05-07,6,VaxCare Co.opmart Quang Trung,3,Vắc xin Bạch hầu – Ho gà – Uốn ván (DTaP/Tdap),2,5,60,4.9,1180,520000,3,5,0,10,153,675,0,50,0
2026-05-07,6,VaxCare Co.opmart Quang Trung,4,Vắc xin Bại liệt (IPV),1,4,60,4.8,930,390000,3,5,0,8,229,474,0,50,0
2026-05-07,6,VaxCare Co.opmart Quang Trung,5,Vắc xin Hib (Haemophilus influenzae type b),1,3,60,4.9,760,420000,3,5,0,8,228,222,0,50,0
2026-05-07,6,VaxCare Co.opmart Quang Trung,6,Vắc xin MMR (Sởi – Quai bị – Rubella),2,2,28,4.9,1050,350000,3,5,0,8,221,357,0,50,0
2026-05-07,6,VaxCare Co.opmart Quang Trung,7,Vắc xin Thủy đậu (Varicella),2,2,28,4.8,980,850000,3,5,0,12,162,208,0,50,0
2026-05-07,6,VaxCare Co.opmart Quang Trung,8,Vắc xin Phế cầu (Pneumococcal),3,2,60,4.9,1360,1150000,3,5,0,12,70,372,0,50,0
2026-05-07,6,VaxCare Co.opmart Quang Trung,9,Vắc xin Viêm não Nhật Bản,2,3,28,4.8,720,450000,3,5,0,7,133,624,0,50,0
2026-05-07,6,VaxCare Co.opmart Quang Trung,10,Vắc xin Cúm mùa (Influenza),5,1,365,4.9,2180,450000,3,5,0,13,548,124,0,50,0
2026-05-07,6,VaxCare Co.opmart Quang Trung,11,Vắc xin HPV (Human Papillomavirus),2,2,180,4.9,1240,1790000,3,5,0,10,184,281,0,50,0
2026-05-07,6,VaxCare Co.opmart Quang Trung,12,Vắc xin COVID-19,3,2,180,4.7,1890,550000,3,5,0,28,266,507,0,50,0
2026-05-07,6,VaxCare Co.opmart Quang Trung,13,Vắc xin Zona (Shingrix),4,2,60,4.9,640,3200000,3,5,0,4,50,391,0,50,0
2026-05-07,7,VaxCare Oriental Plaza,1,Vắc xin BCG (Bacille Calmette–Guérin),1,1,0,4.9,860,250000,3,5,0,6,232,570,0,45,0
2026-05-07,7,VaxCare Oriental Plaza,2,Vắc xin Viêm gan B (Hepatitis B),1,3,30,4.8,1420,350000,3,5,0,14,272,184,0,45,0
2026-05-07,7,VaxCare Oriental Plaza,3,Vắc xin Bạch hầu – Ho gà – Uốn ván (DTaP/Tdap),2,5,60,4.9,1180,520000,3,5,0,8,230,579,0,45,0
2026-05-07,7,VaxCare Oriental Plaza,4,Vắc xin Bại liệt (IPV),1,4,60,4.8,930,390000,3,5,0,8,251,225,0,45,0
2026-05-07,7,VaxCare Oriental Plaza,5,Vắc xin Hib (Haemophilus influenzae type b),1,3,60,4.9,760,420000,3,5,0,8,162,444,0,45,0
2026-05-07,7,VaxCare Oriental Plaza,6,Vắc xin MMR (Sởi – Quai bị – Rubella),2,2,28,4.9,1050,350000,3,5,0,14,312,497,0,45,0
2026-05-07,7,VaxCare Oriental Plaza,7,Vắc xin Thủy đậu (Varicella),2,2,28,4.8,980,850000,3,5,0,10,113,190,0,45,0
2026-05-07,7,VaxCare Oriental Plaza,8,Vắc xin Phế cầu (Pneumococcal),3,2,60,4.9,1360,1150000,3,5,0,9,85,464,0,45,0
2026-05-07,7,VaxCare Oriental Plaza,9,Vắc xin Viêm não Nhật Bản,2,3,28,4.8,720,450000,3,5,0,6,164,679,0,45,0
2026-05-07,7,VaxCare Oriental Plaza,10,Vắc xin Cúm mùa (Influenza),5,1,365,4.9,2180,450000,3,5,0,18,433,131,0,45,0
2026-05-07,7,VaxCare Oriental Plaza,11,Vắc xin HPV (Human Papillomavirus),2,2,180,4.9,1240,1790000,3,5,0,9,106,408,0,45,0
2026-05-07,7,VaxCare Oriental Plaza,12,Vắc xin COVID-19,3,2,180,4.7,1890,550000,3,5,0,23,211,342,0,45,0
2026-05-07,7,VaxCare Oriental Plaza,13,Vắc xin Zona (Shingrix),4,2,60,4.9,640,3200000,3,5,0,3,54,367,0,45,0
2026-05-07,8,VaxCare Hóc Môn - Đông Thạnh,1,Vắc xin BCG (Bacille Calmette–Guérin),1,1,0,4.9,860,250000,3,5,0,9,184,442,0,30,0
2026-05-07,8,VaxCare Hóc Môn - Đông Thạnh,2,Vắc xin Viêm gan B (Hepatitis B),1,3,30,4.8,1420,350000,3,5,0,8,281,473,0,30,0
2026-05-07,8,VaxCare Hóc Môn - Đông Thạnh,3,Vắc xin Bạch hầu – Ho gà – Uốn ván (DTaP/Tdap),2,5,60,4.9,1180,520000,3,5,0,6,116,302,0,30,0
2026-05-07,8,VaxCare Hóc Môn - Đông Thạnh,4,Vắc xin Bại liệt (IPV),1,4,60,4.8,930,390000,3,5,0,5,144,689,0,30,0
2026-05-07,8,VaxCare Hóc Môn - Đông Thạnh,5,Vắc xin Hib (Haemophilus influenzae type b),1,3,60,4.9,760,420000,3,5,0,8,128,670,0,30,0
2026-05-07,8,VaxCare Hóc Môn - Đông Thạnh,6,Vắc xin MMR (Sởi – Quai bị – Rubella),2,2,28,4.9,1050,350000,3,5,0,10,143,577,0,30,0
2026-05-07,8,VaxCare Hóc Môn - Đông Thạnh,7,Vắc xin Thủy đậu (Varicella),2,2,28,4.8,980,850000,3,5,0,5,87,626,0,30,0
2026-05-07,8,VaxCare Hóc Môn - Đông Thạnh,8,Vắc xin Phế cầu (Pneumococcal),3,2,60,4.9,1360,1150000,3,5,0,7,79,326,0,30,0
2026-05-07,8,VaxCare Hóc Môn - Đông Thạnh,9,Vắc xin Viêm não Nhật Bản,2,3,28,4.8,720,450000,3,5,0,5,107,695,0,30,0
2026-05-07,8,VaxCare Hóc Môn - Đông Thạnh,10,Vắc xin Cúm mùa (Influenza),5,1,365,4.9,2180,450000,3,5,0,13,424,83,1,30,0
2026-05-07,8,VaxCare Hóc Môn - Đông Thạnh,11,Vắc xin HPV (Human Papillomavirus),2,2,180,4.9,1240,1790000,3,5,0,8,152,194,0,30,0
2026-05-07,8,VaxCare Hóc Môn - Đông Thạnh,12,Vắc xin COVID-19,3,2,180,4.7,1890,550000,3,5,0,15,247,359,0,30,0
2026-05-07,8,VaxCare Hóc Môn - Đông Thạnh,13,Vắc xin Zona (Shingrix),4,2,60,4.9,640,3200000,3,5,0,3,49,237,0,30,0
2026-05-07,9,VaxCare Hiệp Bình,1,Vắc xin BCG (Bacille Calmette–Guérin),1,1,0,4.9,860,250000,3,5,0,10,212,697,0,40,0
2026-05-07,9,VaxCare Hiệp Bình,2,Vắc xin Viêm gan B (Hepatitis B),1,3,30,4.8,1420,350000,3,5,0,15,252,379,0,40,0
2026-05-07,9,VaxCare Hiệp Bình,3,Vắc xin Bạch hầu – Ho gà – Uốn ván (DTaP/Tdap),2,5,60,4.9,1180,520000,3,5,0,12,158,631,0,40,0
2026-05-07,9,VaxCare Hiệp Bình,4,Vắc xin Bại liệt (IPV),1,4,60,4.8,930,390000,3,5,0,9,175,474,0,40,0
2026-05-07,9,VaxCare Hiệp Bình,5,Vắc xin Hib (Haemophilus influenzae type b),1,3,60,4.9,760,420000,3,5,0,10,201,505,0,40,0
2026-05-07,9,VaxCare Hiệp Bình,6,Vắc xin MMR (Sởi – Quai bị – Rubella),2,2,28,4.9,1050,350000,3,5,0,10,206,197,0,40,0
2026-05-07,9,VaxCare Hiệp Bình,7,Vắc xin Thủy đậu (Varicella),2,2,28,4.8,980,850000,3,5,0,8,160,509,0,40,0
2026-05-07,9,VaxCare Hiệp Bình,8,Vắc xin Phế cầu (Pneumococcal),3,2,60,4.9,1360,1150000,3,5,0,13,85,419,0,40,0
2026-05-07,9,VaxCare Hiệp Bình,9,Vắc xin Viêm não Nhật Bản,2,3,28,4.8,720,450000,3,5,0,7,106,239,0,40,0
2026-05-07,9,VaxCare Hiệp Bình,10,Vắc xin Cúm mùa (Influenza),5,1,365,4.9,2180,450000,3,5,0,20,564,190,0,40,0
2026-05-07,9,VaxCare Hiệp Bình,11,Vắc xin HPV (Human Papillomavirus),2,2,180,4.9,1240,1790000,3,5,0,6,120,667,0,40,0
2026-05-07,9,VaxCare Hiệp Bình,12,Vắc xin COVID-19,3,2,180,4.7,1890,550000,3,5,0,26,327,576,0,40,0
2026-05-07,9,VaxCare Hiệp Bình,13,Vắc xin Zona (Shingrix),4,2,60,4.9,640,3200000,3,5,0,6,69,682,0,40,0
2026-05-07,10,VaxCare Tân Định,1,Vắc xin BCG (Bacille Calmette–Guérin),1,1,0,4.9,860,250000,3,5,0,8,281,645,0,50,0
2026-05-07,10,VaxCare Tân Định,2,Vắc xin Viêm gan B (Hepatitis B),1,3,30,4.8,1420,350000,3,5,0,17,365,548,0,50,0
2026-05-07,10,VaxCare Tân Định,3,Vắc xin Bạch hầu – Ho gà – Uốn ván (DTaP/Tdap),2,5,60,4.9,1180,520000,3,5,0,11,198,358,0,50,0
2026-05-07,10,VaxCare Tân Định,4,Vắc xin Bại liệt (IPV),1,4,60,4.8,930,390000,3,5,0,11,299,344,0,50,0
2026-05-07,10,VaxCare Tân Định,5,Vắc xin Hib (Haemophilus influenzae type b),1,3,60,4.9,760,420000,3,5,0,10,211,487,0,50,0
2026-05-07,10,VaxCare Tân Định,6,Vắc xin MMR (Sởi – Quai bị – Rubella),2,2,28,4.9,1050,350000,3,5,0,11,233,412,0,50,0
2026-05-07,10,VaxCare Tân Định,7,Vắc xin Thủy đậu (Varicella),2,2,28,4.8,980,850000,3,5,0,11,213,541,0,50,0
2026-05-07,10,VaxCare Tân Định,8,Vắc xin Phế cầu (Pneumococcal),3,2,60,4.9,1360,1150000,3,5,0,8,88,607,0,50,0
2026-05-07,10,VaxCare Tân Định,9,Vắc xin Viêm não Nhật Bản,2,3,28,4.8,720,450000,3,5,0,6,135,577,0,50,0
2026-05-07,10,VaxCare Tân Định,10,Vắc xin Cúm mùa (Influenza),5,1,365,4.9,2180,450000,3,5,0,31,537,200,0,50,0
2026-05-07,10,VaxCare Tân Định,11,Vắc xin HPV (Human Papillomavirus),2,2,180,4.9,1240,1790000,3,5,0,9,178,402,0,50,0
2026-05-07,10,VaxCare Tân Định,12,Vắc xin COVID-19,3,2,180,4.7,1890,550000,3,5,0,14,367,552,0,50,0
2026-05-07,10,VaxCare Tân Định,13,Vắc xin Zona (Shingrix),4,2,60,4.9,640,3200000,3,5,0,4,75,494,0,50,0
2026-05-07,11,VaxCare An Lạc,1,Vắc xin BCG (Bacille Calmette–Guérin),1,1,0,4.9,860,250000,3,5,0,6,196,291,0,40,0
2026-05-07,11,VaxCare An Lạc,2,Vắc xin Viêm gan B (Hepatitis B),1,3,30,4.8,1420,350000,3,5,0,17,311,602,0,40,0
2026-05-07,11,VaxCare An Lạc,3,Vắc xin Bạch hầu – Ho gà – Uốn ván (DTaP/Tdap),2,5,60,4.9,1180,520000,3,5,0,13,149,340,0,40,0
2026-05-07,11,VaxCare An Lạc,4,Vắc xin Bại liệt (IPV),1,4,60,4.8,930,390000,3,5,0,7,219,633,0,40,0
2026-05-07,11,VaxCare An Lạc,5,Vắc xin Hib (Haemophilus influenzae type b),1,3,60,4.9,760,420000,3,5,0,5,141,356,0,40,0
2026-05-07,11,VaxCare An Lạc,6,Vắc xin MMR (Sởi – Quai bị – Rubella),2,2,28,4.9,1050,350000,3,5,0,10,238,591,0,40,0
2026-05-07,11,VaxCare An Lạc,7,Vắc xin Thủy đậu (Varicella),2,2,28,4.8,980,850000,3,5,0,6,138,601,0,40,0
2026-05-07,11,VaxCare An Lạc,8,Vắc xin Phế cầu (Pneumococcal),3,2,60,4.9,1360,1150000,3,5,0,12,102,313,0,40,0
2026-05-07,11,VaxCare An Lạc,9,Vắc xin Viêm não Nhật Bản,2,3,28,4.8,720,450000,3,5,0,6,133,216,0,40,0
2026-05-07,11,VaxCare An Lạc,10,Vắc xin Cúm mùa (Influenza),5,1,365,4.9,2180,450000,3,5,0,18,524,35,1,40,0
2026-05-07,11,VaxCare An Lạc,11,Vắc xin HPV (Human Papillomavirus),2,2,180,4.9,1240,1790000,3,5,0,11,127,272,0,40,0
2026-05-07,11,VaxCare An Lạc,12,Vắc xin COVID-19,3,2,180,4.7,1890,550000,3,5,0,12,238,334,0,40,0
2026-05-07,11,VaxCare An Lạc,13,Vắc xin Zona (Shingrix),4,2,60,4.9,640,3200000,3,5,0,4,62,551,0,40,0
2026-05-07,12,VaxCare Phú Thuận,1,Vắc xin BCG (Bacille Calmette–Guérin),1,1,0,4.9,860,250000,3,5,0,6,243,637,0,35,0
2026-05-07,12,VaxCare Phú Thuận,2,Vắc xin Viêm gan B (Hepatitis B),1,3,30,4.8,1420,350000,3,5,0,9,311,490,0,35,0
2026-05-07,12,VaxCare Phú Thuận,3,Vắc xin Bạch hầu – Ho gà – Uốn ván (DTaP/Tdap),2,5,60,4.9,1180,520000,3,5,0,9,149,347,0,35,0
2026-05-07,12,VaxCare Phú Thuận,4,Vắc xin Bại liệt (IPV),1,4,60,4.8,930,390000,3,5,0,7,190,660,0,35,0
2026-05-07,12,VaxCare Phú Thuận,5,Vắc xin Hib (Haemophilus influenzae type b),1,3,60,4.9,760,420000,3,5,0,5,215,435,0,35,0
2026-05-07,12,VaxCare Phú Thuận,6,Vắc xin MMR (Sởi – Quai bị – Rubella),2,2,28,4.9,1050,350000,3,5,0,10,330,279,0,35,0
2026-05-07,12,VaxCare Phú Thuận,7,Vắc xin Thủy đậu (Varicella),2,2,28,4.8,980,850000,3,5,0,8,160,664,0,35,0
2026-05-07,12,VaxCare Phú Thuận,8,Vắc xin Phế cầu (Pneumococcal),3,2,60,4.9,1360,1150000,3,5,0,7,107,200,0,35,0
2026-05-07,12,VaxCare Phú Thuận,9,Vắc xin Viêm não Nhật Bản,2,3,28,4.8,720,450000,3,5,0,8,131,366,0,35,0
2026-05-07,12,VaxCare Phú Thuận,10,Vắc xin Cúm mùa (Influenza),5,1,365,4.9,2180,450000,3,5,0,9,478,175,0,35,0
2026-05-07,12,VaxCare Phú Thuận,11,Vắc xin HPV (Human Papillomavirus),2,2,180,4.9,1240,1790000,3,5,0,5,138,558,0,35,0
2026-05-07,12,VaxCare Phú Thuận,12,Vắc xin COVID-19,3,2,180,4.7,1890,550000,3,5,0,24,220,487,0,35,0
2026-05-07,12,VaxCare Phú Thuận,13,Vắc xin Zona (Shingrix),4,2,60,4.9,640,3200000,3,5,0,3,59,381,0,35,0
2026-05-08,1,VaxCare Phú Nhuận,1,Vắc xin BCG (Bacille Calmette–Guérin),1,1,0,4.9,860,250000,4,5,0,10,317,265,0,50,0
2026-05-08,1,VaxCare Phú Nhuận,2,Vắc xin Viêm gan B (Hepatitis B),1,3,30,4.8,1420,350000,4,5,0,14,312,607,0,50,0
2026-05-08,1,VaxCare Phú Nhuận,3,Vắc xin Bạch hầu – Ho gà – Uốn ván (DTaP/Tdap),2,5,60,4.9,1180,520000,4,5,0,10,279,376,0,50,0
2026-05-08,1,VaxCare Phú Nhuận,4,Vắc xin Bại liệt (IPV),1,4,60,4.8,930,390000,4,5,0,7,263,506,0,50,0
2026-05-08,1,VaxCare Phú Nhuận,5,Vắc xin Hib (Haemophilus influenzae type b),1,3,60,4.9,760,420000,4,5,0,9,281,424,0,50,0
2026-05-08,1,VaxCare Phú Nhuận,6,Vắc xin MMR (Sởi – Quai bị – Rubella),2,2,28,4.9,1050,350000,4,5,0,9,328,623,0,50,0
2026-05-08,1,VaxCare Phú Nhuận,7,Vắc xin Thủy đậu (Varicella),2,2,28,4.8,980,850000,4,5,0,12,151,649,0,50,0
2026-05-08,1,VaxCare Phú Nhuận,8,Vắc xin Phế cầu (Pneumococcal),3,2,60,4.9,1360,1150000,4,5,0,8,125,212,0,50,0
2026-05-08,1,VaxCare Phú Nhuận,9,Vắc xin Viêm não Nhật Bản,2,3,28,4.8,720,450000,4,5,0,10,136,199,0,50,0
2026-05-08,1,VaxCare Phú Nhuận,10,Vắc xin Cúm mùa (Influenza),5,1,365,4.9,2180,450000,4,5,0,6,499,127,0,50,0
2026-05-08,1,VaxCare Phú Nhuận,11,Vắc xin HPV (Human Papillomavirus),2,2,180,4.9,1240,1790000,4,5,0,11,184,564,0,50,0
2026-05-08,1,VaxCare Phú Nhuận,12,Vắc xin COVID-19,3,2,180,4.7,1890,550000,4,5,0,12,278,530,0,50,0
2026-05-08,1,VaxCare Phú Nhuận,13,Vắc xin Zona (Shingrix),4,2,60,4.9,640,3200000,4,5,0,3,60,447,0,50,0
2026-05-08,2,VaxCare Thủ Đức - Bình Chiểu,1,Vắc xin BCG (Bacille Calmette–Guérin),1,1,0,4.9,860,250000,4,5,0,8,217,453,0,40,0
2026-05-08,2,VaxCare Thủ Đức - Bình Chiểu,2,Vắc xin Viêm gan B (Hepatitis B),1,3,30,4.8,1420,350000,4,5,0,16,242,266,0,40,0
2026-05-08,2,VaxCare Thủ Đức - Bình Chiểu,3,Vắc xin Bạch hầu – Ho gà – Uốn ván (DTaP/Tdap),2,5,60,4.9,1180,520000,4,5,0,10,229,296,0,40,0
2026-05-08,2,VaxCare Thủ Đức - Bình Chiểu,4,Vắc xin Bại liệt (IPV),1,4,60,4.8,930,390000,4,5,0,9,175,289,0,40,0
2026-05-08,2,VaxCare Thủ Đức - Bình Chiểu,5,Vắc xin Hib (Haemophilus influenzae type b),1,3,60,4.9,760,420000,4,5,0,7,162,246,0,40,0
2026-05-08,2,VaxCare Thủ Đức - Bình Chiểu,6,Vắc xin MMR (Sởi – Quai bị – Rubella),2,2,28,4.9,1050,350000,4,5,0,11,224,269,0,40,0
2026-05-08,2,VaxCare Thủ Đức - Bình Chiểu,7,Vắc xin Thủy đậu (Varicella),2,2,28,4.8,980,850000,4,5,0,11,185,193,0,40,0
2026-05-08,2,VaxCare Thủ Đức - Bình Chiểu,8,Vắc xin Phế cầu (Pneumococcal),3,2,60,4.9,1360,1150000,4,5,0,9,114,252,0,40,0
2026-05-08,2,VaxCare Thủ Đức - Bình Chiểu,9,Vắc xin Viêm não Nhật Bản,2,3,28,4.8,720,450000,4,5,0,7,97,518,0,40,0
2026-05-08,2,VaxCare Thủ Đức - Bình Chiểu,10,Vắc xin Cúm mùa (Influenza),5,1,365,4.9,2180,450000,4,5,0,16,569,61,1,40,0
2026-05-08,2,VaxCare Thủ Đức - Bình Chiểu,11,Vắc xin HPV (Human Papillomavirus),2,2,180,4.9,1240,1790000,4,5,0,9,120,263,0,40,0
2026-05-08,2,VaxCare Thủ Đức - Bình Chiểu,12,Vắc xin COVID-19,3,2,180,4.7,1890,550000,4,5,0,22,225,623,0,40,0
2026-05-08,2,VaxCare Thủ Đức - Bình Chiểu,13,Vắc xin Zona (Shingrix),4,2,60,4.9,640,3200000,4,5,0,5,65,231,0,40,0
2026-05-08,3,VaxCare Nowzone,1,Vắc xin BCG (Bacille Calmette–Guérin),1,1,0,4.9,860,250000,4,5,0,8,277,377,0,60,0
2026-05-08,3,VaxCare Nowzone,2,Vắc xin Viêm gan B (Hepatitis B),1,3,30,4.8,1420,350000,4,5,0,16,371,687,0,60,0
2026-05-08,3,VaxCare Nowzone,3,Vắc xin Bạch hầu – Ho gà – Uốn ván (DTaP/Tdap),2,5,60,4.9,1180,520000,4,5,0,13,245,474,0,60,0
2026-05-08,3,VaxCare Nowzone,4,Vắc xin Bại liệt (IPV),1,4,60,4.8,930,390000,4,5,0,11,292,369,0,60,0
2026-05-08,3,VaxCare Nowzone,5,Vắc xin Hib (Haemophilus influenzae type b),1,3,60,4.9,760,420000,4,5,0,10,219,382,0,60,0
2026-05-08,3,VaxCare Nowzone,6,Vắc xin MMR (Sởi – Quai bị – Rubella),2,2,28,4.9,1050,350000,4,5,0,16,272,306,0,60,0
2026-05-08,3,VaxCare Nowzone,7,Vắc xin Thủy đậu (Varicella),2,2,28,4.8,980,850000,4,5,0,9,180,371,0,60,0
2026-05-08,3,VaxCare Nowzone,8,Vắc xin Phế cầu (Pneumococcal),3,2,60,4.9,1360,1150000,4,5,0,9,132,584,0,60,0
2026-05-08,3,VaxCare Nowzone,9,Vắc xin Viêm não Nhật Bản,2,3,28,4.8,720,450000,4,5,0,8,158,602,0,60,0
2026-05-08,3,VaxCare Nowzone,10,Vắc xin Cúm mùa (Influenza),5,1,365,4.9,2180,450000,4,5,0,12,543,139,0,60,0
2026-05-08,3,VaxCare Nowzone,11,Vắc xin HPV (Human Papillomavirus),2,2,180,4.9,1240,1790000,4,5,0,15,171,426,0,60,0
2026-05-08,3,VaxCare Nowzone,12,Vắc xin COVID-19,3,2,180,4.7,1890,550000,4,5,0,16,314,345,0,60,0
2026-05-08,3,VaxCare Nowzone,13,Vắc xin Zona (Shingrix),4,2,60,4.9,640,3200000,4,5,0,6,63,532,0,60,0
2026-05-08,4,VaxCare Củ Chi - Bình Mỹ,1,Vắc xin BCG (Bacille Calmette–Guérin),1,1,0,4.9,860,250000,4,5,0,6,220,620,0,30,0
2026-05-08,4,VaxCare Củ Chi - Bình Mỹ,2,Vắc xin Viêm gan B (Hepatitis B),1,3,30,4.8,1420,350000,4,5,0,11,157,270,0,30,0
2026-05-08,4,VaxCare Củ Chi - Bình Mỹ,3,Vắc xin Bạch hầu – Ho gà – Uốn ván (DTaP/Tdap),2,5,60,4.9,1180,520000,4,5,0,5,136,247,0,30,0
2026-05-08,4,VaxCare Củ Chi - Bình Mỹ,4,Vắc xin Bại liệt (IPV),1,4,60,4.8,930,390000,4,5,0,5,163,546,0,30,0
2026-05-08,4,VaxCare Củ Chi - Bình Mỹ,5,Vắc xin Hib (Haemophilus influenzae type b),1,3,60,4.9,760,420000,4,5,0,5,144,691,0,30,0
2026-05-08,4,VaxCare Củ Chi - Bình Mỹ,6,Vắc xin MMR (Sởi – Quai bị – Rubella),2,2,28,4.9,1050,350000,4,5,0,7,157,374,0,30,0
2026-05-08,4,VaxCare Củ Chi - Bình Mỹ,7,Vắc xin Thủy đậu (Varicella),2,2,28,4.8,980,850000,4,5,0,6,77,541,0,30,0
2026-05-08,4,VaxCare Củ Chi - Bình Mỹ,8,Vắc xin Phế cầu (Pneumococcal),3,2,60,4.9,1360,1150000,4,5,0,7,54,592,0,30,0
2026-05-08,4,VaxCare Củ Chi - Bình Mỹ,9,Vắc xin Viêm não Nhật Bản,2,3,28,4.8,720,450000,4,5,0,5,80,336,0,30,0
2026-05-08,4,VaxCare Củ Chi - Bình Mỹ,10,Vắc xin Cúm mùa (Influenza),5,1,365,4.9,2180,450000,4,5,0,15,278,36,1,30,0
2026-05-08,4,VaxCare Củ Chi - Bình Mỹ,11,Vắc xin HPV (Human Papillomavirus),2,2,180,4.9,1240,1790000,4,5,0,8,142,332,0,30,0
2026-05-08,4,VaxCare Củ Chi - Bình Mỹ,12,Vắc xin COVID-19,3,2,180,4.7,1890,550000,4,5,0,6,203,356,0,30,0
2026-05-08,4,VaxCare Củ Chi - Bình Mỹ,13,Vắc xin Zona (Shingrix),4,2,60,4.9,640,3200000,4,5,0,4,29,277,0,30,1
2026-05-08,5,VaxCare Trung Mỹ Tây,1,Vắc xin BCG (Bacille Calmette–Guérin),1,1,0,4.9,860,250000,4,5,0,11,146,457,0,40,0
2026-05-08,5,VaxCare Trung Mỹ Tây,2,Vắc xin Viêm gan B (Hepatitis B),1,3,30,4.8,1420,350000,4,5,0,13,300,581,0,40,0
2026-05-08,5,VaxCare Trung Mỹ Tây,3,Vắc xin Bạch hầu – Ho gà – Uốn ván (DTaP/Tdap),2,5,60,4.9,1180,520000,4,5,0,14,150,374,0,40,0
2026-05-08,5,VaxCare Trung Mỹ Tây,4,Vắc xin Bại liệt (IPV),1,4,60,4.8,930,390000,4,5,0,9,203,625,0,40,0
2026-05-08,5,VaxCare Trung Mỹ Tây,5,Vắc xin Hib (Haemophilus influenzae type b),1,3,60,4.9,760,420000,4,5,0,6,238,241,0,40,0
2026-05-08,5,VaxCare Trung Mỹ Tây,6,Vắc xin MMR (Sởi – Quai bị – Rubella),2,2,28,4.9,1050,350000,4,5,0,10,237,511,0,40,0
2026-05-08,5,VaxCare Trung Mỹ Tây,7,Vắc xin Thủy đậu (Varicella),2,2,28,4.8,980,850000,4,5,0,11,140,420,0,40,0
2026-05-08,5,VaxCare Trung Mỹ Tây,8,Vắc xin Phế cầu (Pneumococcal),3,2,60,4.9,1360,1150000,4,5,0,14,101,401,0,40,0
2026-05-08,5,VaxCare Trung Mỹ Tây,9,Vắc xin Viêm não Nhật Bản,2,3,28,4.8,720,450000,4,5,0,4,126,342,0,40,0
2026-05-08,5,VaxCare Trung Mỹ Tây,10,Vắc xin Cúm mùa (Influenza),5,1,365,4.9,2180,450000,4,5,0,13,442,188,0,40,0
2026-05-08,5,VaxCare Trung Mỹ Tây,11,Vắc xin HPV (Human Papillomavirus),2,2,180,4.9,1240,1790000,4,5,0,9,174,312,0,40,0
2026-05-08,5,VaxCare Trung Mỹ Tây,12,Vắc xin COVID-19,3,2,180,4.7,1890,550000,4,5,0,13,285,562,0,40,0
2026-05-08,5,VaxCare Trung Mỹ Tây,13,Vắc xin Zona (Shingrix),4,2,60,4.9,640,3200000,4,5,0,5,71,664,0,40,0
2026-05-08,6,VaxCare Co.opmart Quang Trung,1,Vắc xin BCG (Bacille Calmette–Guérin),1,1,0,4.9,860,250000,4,5,0,8,159,607,0,50,0
2026-05-08,6,VaxCare Co.opmart Quang Trung,2,Vắc xin Viêm gan B (Hepatitis B),1,3,30,4.8,1420,350000,4,5,0,12,277,419,0,50,0
2026-05-08,6,VaxCare Co.opmart Quang Trung,3,Vắc xin Bạch hầu – Ho gà – Uốn ván (DTaP/Tdap),2,5,60,4.9,1180,520000,4,5,0,16,244,667,0,50,0
2026-05-08,6,VaxCare Co.opmart Quang Trung,4,Vắc xin Bại liệt (IPV),1,4,60,4.8,930,390000,4,5,0,10,250,519,0,50,0
2026-05-08,6,VaxCare Co.opmart Quang Trung,5,Vắc xin Hib (Haemophilus influenzae type b),1,3,60,4.9,760,420000,4,5,0,8,208,414,0,50,0
2026-05-08,6,VaxCare Co.opmart Quang Trung,6,Vắc xin MMR (Sởi – Quai bị – Rubella),2,2,28,4.9,1050,350000,4,5,0,8,285,680,0,50,0
2026-05-08,6,VaxCare Co.opmart Quang Trung,7,Vắc xin Thủy đậu (Varicella),2,2,28,4.8,980,850000,4,5,0,8,149,277,0,50,0
2026-05-08,6,VaxCare Co.opmart Quang Trung,8,Vắc xin Phế cầu (Pneumococcal),3,2,60,4.9,1360,1150000,4,5,0,10,101,509,0,50,0
2026-05-08,6,VaxCare Co.opmart Quang Trung,9,Vắc xin Viêm não Nhật Bản,2,3,28,4.8,720,450000,4,5,0,7,86,452,0,50,0
2026-05-08,6,VaxCare Co.opmart Quang Trung,10,Vắc xin Cúm mùa (Influenza),5,1,365,4.9,2180,450000,4,5,0,17,368,79,1,50,0
2026-05-08,6,VaxCare Co.opmart Quang Trung,11,Vắc xin HPV (Human Papillomavirus),2,2,180,4.9,1240,1790000,4,5,0,11,196,326,0,50,0
2026-05-08,6,VaxCare Co.opmart Quang Trung,12,Vắc xin COVID-19,3,2,180,4.7,1890,550000,4,5,0,26,266,432,0,50,0
2026-05-08,6,VaxCare Co.opmart Quang Trung,13,Vắc xin Zona (Shingrix),4,2,60,4.9,640,3200000,4,5,0,5,56,544,0,50,0
2026-05-08,7,VaxCare Oriental Plaza,1,Vắc xin BCG (Bacille Calmette–Guérin),1,1,0,4.9,860,250000,4,5,0,8,258,329,0,45,0
2026-05-08,7,VaxCare Oriental Plaza,2,Vắc xin Viêm gan B (Hepatitis B),1,3,30,4.8,1420,350000,4,5,0,12,362,501,0,45,0
2026-05-08,7,VaxCare Oriental Plaza,3,Vắc xin Bạch hầu – Ho gà – Uốn ván (DTaP/Tdap),2,5,60,4.9,1180,520000,4,5,0,13,223,372,0,45,0
2026-05-08,7,VaxCare Oriental Plaza,4,Vắc xin Bại liệt (IPV),1,4,60,4.8,930,390000,4,5,0,9,276,242,0,45,0
2026-05-08,7,VaxCare Oriental Plaza,5,Vắc xin Hib (Haemophilus influenzae type b),1,3,60,4.9,760,420000,4,5,0,8,217,696,0,45,0
2026-05-08,7,VaxCare Oriental Plaza,6,Vắc xin MMR (Sởi – Quai bị – Rubella),2,2,28,4.9,1050,350000,4,5,0,11,217,191,0,45,0
2026-05-08,7,VaxCare Oriental Plaza,7,Vắc xin Thủy đậu (Varicella),2,2,28,4.8,980,850000,4,5,0,7,116,483,0,45,0
2026-05-08,7,VaxCare Oriental Plaza,8,Vắc xin Phế cầu (Pneumococcal),3,2,60,4.9,1360,1150000,4,5,0,15,50,557,0,45,0
2026-05-08,7,VaxCare Oriental Plaza,9,Vắc xin Viêm não Nhật Bản,2,3,28,4.8,720,450000,4,5,0,10,127,571,0,45,0
2026-05-08,7,VaxCare Oriental Plaza,10,Vắc xin Cúm mùa (Influenza),5,1,365,4.9,2180,450000,4,5,0,17,494,110,0,45,0
2026-05-08,7,VaxCare Oriental Plaza,11,Vắc xin HPV (Human Papillomavirus),2,2,180,4.9,1240,1790000,4,5,0,9,126,462,0,45,0
2026-05-08,7,VaxCare Oriental Plaza,12,Vắc xin COVID-19,3,2,180,4.7,1890,550000,4,5,0,15,215,346,0,45,0
2026-05-08,7,VaxCare Oriental Plaza,13,Vắc xin Zona (Shingrix),4,2,60,4.9,640,3200000,4,5,0,4,45,306,0,45,0
2026-05-08,8,VaxCare Hóc Môn - Đông Thạnh,1,Vắc xin BCG (Bacille Calmette–Guérin),1,1,0,4.9,860,250000,4,5,0,7,126,668,0,30,0
2026-05-08,8,VaxCare Hóc Môn - Đông Thạnh,2,Vắc xin Viêm gan B (Hepatitis B),1,3,30,4.8,1420,350000,4,5,0,9,224,564,0,30,0
2026-05-08,8,VaxCare Hóc Môn - Đông Thạnh,3,Vắc xin Bạch hầu – Ho gà – Uốn ván (DTaP/Tdap),2,5,60,4.9,1180,520000,4,5,0,6,146,511,0,30,0
2026-05-08,8,VaxCare Hóc Môn - Đông Thạnh,4,Vắc xin Bại liệt (IPV),1,4,60,4.8,930,390000,4,5,0,7,153,215,0,30,0
2026-05-08,8,VaxCare Hóc Môn - Đông Thạnh,5,Vắc xin Hib (Haemophilus influenzae type b),1,3,60,4.9,760,420000,4,5,0,4,151,220,0,30,0
2026-05-08,8,VaxCare Hóc Môn - Đông Thạnh,6,Vắc xin MMR (Sởi – Quai bị – Rubella),2,2,28,4.9,1050,350000,4,5,0,6,252,315,0,30,0
2026-05-08,8,VaxCare Hóc Môn - Đông Thạnh,7,Vắc xin Thủy đậu (Varicella),2,2,28,4.8,980,850000,4,5,0,5,102,335,0,30,0
2026-05-08,8,VaxCare Hóc Môn - Đông Thạnh,8,Vắc xin Phế cầu (Pneumococcal),3,2,60,4.9,1360,1150000,4,5,0,9,67,420,0,30,0
2026-05-08,8,VaxCare Hóc Môn - Đông Thạnh,9,Vắc xin Viêm não Nhật Bản,2,3,28,4.8,720,450000,4,5,0,5,65,526,0,30,0
2026-05-08,8,VaxCare Hóc Môn - Đông Thạnh,10,Vắc xin Cúm mùa (Influenza),5,1,365,4.9,2180,450000,4,5,0,5,284,47,1,30,0
2026-05-08,8,VaxCare Hóc Môn - Đông Thạnh,11,Vắc xin HPV (Human Papillomavirus),2,2,180,4.9,1240,1790000,4,5,0,7,134,606,0,30,0
2026-05-08,8,VaxCare Hóc Môn - Đông Thạnh,12,Vắc xin COVID-19,3,2,180,4.7,1890,550000,4,5,0,9,218,338,0,30,0
2026-05-08,8,VaxCare Hóc Môn - Đông Thạnh,13,Vắc xin Zona (Shingrix),4,2,60,4.9,640,3200000,4,5,0,4,47,639,0,30,0
2026-05-08,9,VaxCare Hiệp Bình,1,Vắc xin BCG (Bacille Calmette–Guérin),1,1,0,4.9,860,250000,4,5,0,4,173,425,0,40,0
2026-05-08,9,VaxCare Hiệp Bình,2,Vắc xin Viêm gan B (Hepatitis B),1,3,30,4.8,1420,350000,4,5,0,15,238,410,0,40,0
2026-05-08,9,VaxCare Hiệp Bình,3,Vắc xin Bạch hầu – Ho gà – Uốn ván (DTaP/Tdap),2,5,60,4.9,1180,520000,4,5,0,13,198,418,0,40,0
2026-05-08,9,VaxCare Hiệp Bình,4,Vắc xin Bại liệt (IPV),1,4,60,4.8,930,390000,4,5,0,6,275,507,0,40,0
2026-05-08,9,VaxCare Hiệp Bình,5,Vắc xin Hib (Haemophilus influenzae type b),1,3,60,4.9,760,420000,4,5,0,6,145,476,0,40,0
2026-05-08,9,VaxCare Hiệp Bình,6,Vắc xin MMR (Sởi – Quai bị – Rubella),2,2,28,4.9,1050,350000,4,5,0,10,250,249,0,40,0
2026-05-08,9,VaxCare Hiệp Bình,7,Vắc xin Thủy đậu (Varicella),2,2,28,4.8,980,850000,4,5,0,8,105,415,0,40,0
2026-05-08,9,VaxCare Hiệp Bình,8,Vắc xin Phế cầu (Pneumococcal),3,2,60,4.9,1360,1150000,4,5,0,12,111,262,0,40,0
2026-05-08,9,VaxCare Hiệp Bình,9,Vắc xin Viêm não Nhật Bản,2,3,28,4.8,720,450000,4,5,0,7,130,348,0,40,0
2026-05-08,9,VaxCare Hiệp Bình,10,Vắc xin Cúm mùa (Influenza),5,1,365,4.9,2180,450000,4,5,0,26,460,31,1,40,0
2026-05-08,9,VaxCare Hiệp Bình,11,Vắc xin HPV (Human Papillomavirus),2,2,180,4.9,1240,1790000,4,5,0,10,193,563,0,40,0
2026-05-08,9,VaxCare Hiệp Bình,12,Vắc xin COVID-19,3,2,180,4.7,1890,550000,4,5,0,18,272,442,0,40,0
2026-05-08,9,VaxCare Hiệp Bình,13,Vắc xin Zona (Shingrix),4,2,60,4.9,640,3200000,4,5,0,4,44,582,0,40,0
2026-05-08,10,VaxCare Tân Định,1,Vắc xin BCG (Bacille Calmette–Guérin),1,1,0,4.9,860,250000,4,5,0,10,204,209,0,50,0
2026-05-08,10,VaxCare Tân Định,2,Vắc xin Viêm gan B (Hepatitis B),1,3,30,4.8,1420,350000,4,5,0,22,335,369,0,50,0
2026-05-08,10,VaxCare Tân Định,3,Vắc xin Bạch hầu – Ho gà – Uốn ván (DTaP/Tdap),2,5,60,4.9,1180,520000,4,5,0,12,181,289,0,50,0
2026-05-08,10,VaxCare Tân Định,4,Vắc xin Bại liệt (IPV),1,4,60,4.8,930,390000,4,5,0,7,278,485,0,50,0
2026-05-08,10,VaxCare Tân Định,5,Vắc xin Hib (Haemophilus influenzae type b),1,3,60,4.9,760,420000,4,5,0,10,264,490,0,50,0
2026-05-08,10,VaxCare Tân Định,6,Vắc xin MMR (Sởi – Quai bị – Rubella),2,2,28,4.9,1050,350000,4,5,0,17,293,415,0,50,0
2026-05-08,10,VaxCare Tân Định,7,Vắc xin Thủy đậu (Varicella),2,2,28,4.8,980,850000,4,5,0,11,154,204,0,50,0
2026-05-08,10,VaxCare Tân Định,8,Vắc xin Phế cầu (Pneumococcal),3,2,60,4.9,1360,1150000,4,5,0,18,97,521,0,50,0
2026-05-08,10,VaxCare Tân Định,9,Vắc xin Viêm não Nhật Bản,2,3,28,4.8,720,450000,4,5,0,8,121,515,0,50,0
2026-05-08,10,VaxCare Tân Định,10,Vắc xin Cúm mùa (Influenza),5,1,365,4.9,2180,450000,4,5,0,49,535,72,1,50,0
2026-05-08,10,VaxCare Tân Định,11,Vắc xin HPV (Human Papillomavirus),2,2,180,4.9,1240,1790000,4,5,0,7,227,472,0,50,0
2026-05-08,10,VaxCare Tân Định,12,Vắc xin COVID-19,3,2,180,4.7,1890,550000,4,5,0,19,359,289,0,50,0
2026-05-08,10,VaxCare Tân Định,13,Vắc xin Zona (Shingrix),4,2,60,4.9,640,3200000,4,5,0,6,100,231,0,50,0
2026-05-08,11,VaxCare An Lạc,1,Vắc xin BCG (Bacille Calmette–Guérin),1,1,0,4.9,860,250000,4,5,0,7,252,490,0,40,0
2026-05-08,11,VaxCare An Lạc,2,Vắc xin Viêm gan B (Hepatitis B),1,3,30,4.8,1420,350000,4,5,0,17,299,234,0,40,0
2026-05-08,11,VaxCare An Lạc,3,Vắc xin Bạch hầu – Ho gà – Uốn ván (DTaP/Tdap),2,5,60,4.9,1180,520000,4,5,0,12,186,561,0,40,0
2026-05-08,11,VaxCare An Lạc,4,Vắc xin Bại liệt (IPV),1,4,60,4.8,930,390000,4,5,0,8,162,202,0,40,0
2026-05-08,11,VaxCare An Lạc,5,Vắc xin Hib (Haemophilus influenzae type b),1,3,60,4.9,760,420000,4,5,0,8,166,489,0,40,0
2026-05-08,11,VaxCare An Lạc,6,Vắc xin MMR (Sởi – Quai bị – Rubella),2,2,28,4.9,1050,350000,4,5,0,10,209,389,0,40,0
2026-05-08,11,VaxCare An Lạc,7,Vắc xin Thủy đậu (Varicella),2,2,28,4.8,980,850000,4,5,0,9,120,358,0,40,0
2026-05-08,11,VaxCare An Lạc,8,Vắc xin Phế cầu (Pneumococcal),3,2,60,4.9,1360,1150000,4,5,0,10,91,420,0,40,0
2026-05-08,11,VaxCare An Lạc,9,Vắc xin Viêm não Nhật Bản,2,3,28,4.8,720,450000,4,5,0,3,113,203,0,40,0
2026-05-08,11,VaxCare An Lạc,10,Vắc xin Cúm mùa (Influenza),5,1,365,4.9,2180,450000,4,5,0,27,509,69,1,40,0
2026-05-08,11,VaxCare An Lạc,11,Vắc xin HPV (Human Papillomavirus),2,2,180,4.9,1240,1790000,4,5,0,9,136,566,0,40,0
2026-05-08,11,VaxCare An Lạc,12,Vắc xin COVID-19,3,2,180,4.7,1890,550000,4,5,0,13,194,656,0,40,0
2026-05-08,11,VaxCare An Lạc,13,Vắc xin Zona (Shingrix),4,2,60,4.9,640,3200000,4,5,0,4,71,225,0,40,0
2026-05-08,12,VaxCare Phú Thuận,1,Vắc xin BCG (Bacille Calmette–Guérin),1,1,0,4.9,860,250000,4,5,0,8,249,468,0,35,0
2026-05-08,12,VaxCare Phú Thuận,2,Vắc xin Viêm gan B (Hepatitis B),1,3,30,4.8,1420,350000,4,5,0,9,368,453,0,35,0
2026-05-08,12,VaxCare Phú Thuận,3,Vắc xin Bạch hầu – Ho gà – Uốn ván (DTaP/Tdap),2,5,60,4.9,1180,520000,4,5,0,9,135,420,0,35,0
2026-05-08,12,VaxCare Phú Thuận,4,Vắc xin Bại liệt (IPV),1,4,60,4.8,930,390000,4,5,0,8,255,225,0,35,0
2026-05-08,12,VaxCare Phú Thuận,5,Vắc xin Hib (Haemophilus influenzae type b),1,3,60,4.9,760,420000,4,5,0,7,219,680,0,35,0
2026-05-08,12,VaxCare Phú Thuận,6,Vắc xin MMR (Sởi – Quai bị – Rubella),2,2,28,4.9,1050,350000,4,5,0,8,305,552,0,35,0
2026-05-08,12,VaxCare Phú Thuận,7,Vắc xin Thủy đậu (Varicella),2,2,28,4.8,980,850000,4,5,0,6,103,663,0,35,0
2026-05-08,12,VaxCare Phú Thuận,8,Vắc xin Phế cầu (Pneumococcal),3,2,60,4.9,1360,1150000,4,5,0,9,105,560,0,35,0
2026-05-08,12,VaxCare Phú Thuận,9,Vắc xin Viêm não Nhật Bản,2,3,28,4.8,720,450000,4,5,0,7,141,535,0,35,0
2026-05-08,12,VaxCare Phú Thuận,10,Vắc xin Cúm mùa (Influenza),5,1,365,4.9,2180,450000,4,5,0,16,443,149,0,35,0
2026-05-08,12,VaxCare Phú Thuận,11,Vắc xin HPV (Human Papillomavirus),2,2,180,4.9,1240,1790000,4,5,0,11,196,686,0,35,0
2026-05-08,12,VaxCare Phú Thuận,12,Vắc xin COVID-19,3,2,180,4.7,1890,550000,4,5,0,25,287,622,0,35,0
2026-05-08,12,VaxCare Phú Thuận,13,Vắc xin Zona (Shingrix),4,2,60,4.9,640,3200000,4,5,0,6,32,520,0,35,1
2026-05-09,1,VaxCare Phú Nhuận,1,Vắc xin BCG (Bacille Calmette–Guérin),1,1,0,4.9,860,250000,5,5,1,5,307,348,0,50,0
2026-05-09,1,VaxCare Phú Nhuận,2,Vắc xin Viêm gan B (Hepatitis B),1,3,30,4.8,1420,350000,5,5,1,8,437,328,0,50,0
2026-05-09,1,VaxCare Phú Nhuận,3,Vắc xin Bạch hầu – Ho gà – Uốn ván (DTaP/Tdap),2,5,60,4.9,1180,520000,5,5,1,8,254,322,0,50,0
2026-05-09,1,VaxCare Phú Nhuận,4,Vắc xin Bại liệt (IPV),1,4,60,4.8,930,390000,5,5,1,3,325,585,0,50,0
2026-05-09,1,VaxCare Phú Nhuận,5,Vắc xin Hib (Haemophilus influenzae type b),1,3,60,4.9,760,420000,5,5,1,4,143,693,0,50,0
2026-05-09,1,VaxCare Phú Nhuận,6,Vắc xin MMR (Sởi – Quai bị – Rubella),2,2,28,4.9,1050,350000,5,5,1,7,320,184,0,50,0
2026-05-09,1,VaxCare Phú Nhuận,7,Vắc xin Thủy đậu (Varicella),2,2,28,4.8,980,850000,5,5,1,4,150,412,0,50,0
2026-05-09,1,VaxCare Phú Nhuận,8,Vắc xin Phế cầu (Pneumococcal),3,2,60,4.9,1360,1150000,5,5,1,7,122,299,0,50,0
2026-05-09,1,VaxCare Phú Nhuận,9,Vắc xin Viêm não Nhật Bản,2,3,28,4.8,720,450000,5,5,1,3,129,584,0,50,0
2026-05-09,1,VaxCare Phú Nhuận,10,Vắc xin Cúm mùa (Influenza),5,1,365,4.9,2180,450000,5,5,1,12,539,177,0,50,0
2026-05-09,1,VaxCare Phú Nhuận,11,Vắc xin HPV (Human Papillomavirus),2,2,180,4.9,1240,1790000,5,5,1,5,170,288,0,50,0
2026-05-09,1,VaxCare Phú Nhuận,12,Vắc xin COVID-19,3,2,180,4.7,1890,550000,5,5,1,11,247,372,0,50,0
2026-05-09,1,VaxCare Phú Nhuận,13,Vắc xin Zona (Shingrix),4,2,60,4.9,640,3200000,5,5,1,1,90,327,0,50,0
2026-05-09,2,VaxCare Thủ Đức - Bình Chiểu,1,Vắc xin BCG (Bacille Calmette–Guérin),1,1,0,4.9,860,250000,5,5,1,3,264,595,0,40,0
2026-05-09,2,VaxCare Thủ Đức - Bình Chiểu,2,Vắc xin Viêm gan B (Hepatitis B),1,3,30,4.8,1420,350000,5,5,1,7,288,278,0,40,0
2026-05-09,2,VaxCare Thủ Đức - Bình Chiểu,3,Vắc xin Bạch hầu – Ho gà – Uốn ván (DTaP/Tdap),2,5,60,4.9,1180,520000,5,5,1,6,234,196,0,40,0
2026-05-09,2,VaxCare Thủ Đức - Bình Chiểu,4,Vắc xin Bại liệt (IPV),1,4,60,4.8,930,390000,5,5,1,5,164,370,0,40,0
2026-05-09,2,VaxCare Thủ Đức - Bình Chiểu,5,Vắc xin Hib (Haemophilus influenzae type b),1,3,60,4.9,760,420000,5,5,1,3,220,439,0,40,0
2026-05-09,2,VaxCare Thủ Đức - Bình Chiểu,6,Vắc xin MMR (Sởi – Quai bị – Rubella),2,2,28,4.9,1050,350000,5,5,1,6,262,546,0,40,0
2026-05-09,2,VaxCare Thủ Đức - Bình Chiểu,7,Vắc xin Thủy đậu (Varicella),2,2,28,4.8,980,850000,5,5,1,4,169,487,0,40,0
2026-05-09,2,VaxCare Thủ Đức - Bình Chiểu,8,Vắc xin Phế cầu (Pneumococcal),3,2,60,4.9,1360,1150000,5,5,1,6,77,491,0,40,0
2026-05-09,2,VaxCare Thủ Đức - Bình Chiểu,9,Vắc xin Viêm não Nhật Bản,2,3,28,4.8,720,450000,5,5,1,3,113,222,0,40,0
2026-05-09,2,VaxCare Thủ Đức - Bình Chiểu,10,Vắc xin Cúm mùa (Influenza),5,1,365,4.9,2180,450000,5,5,1,7,537,111,0,40,0
2026-05-09,2,VaxCare Thủ Đức - Bình Chiểu,11,Vắc xin HPV (Human Papillomavirus),2,2,180,4.9,1240,1790000,5,5,1,7,154,664,0,40,0
2026-05-09,2,VaxCare Thủ Đức - Bình Chiểu,12,Vắc xin COVID-19,3,2,180,4.7,1890,550000,5,5,1,10,325,280,0,40,0
2026-05-09,2,VaxCare Thủ Đức - Bình Chiểu,13,Vắc xin Zona (Shingrix),4,2,60,4.9,640,3200000,5,5,1,1,58,682,0,40,0
2026-05-09,3,VaxCare Nowzone,1,Vắc xin BCG (Bacille Calmette–Guérin),1,1,0,4.9,860,250000,5,5,1,5,304,679,0,60,0
2026-05-09,3,VaxCare Nowzone,2,Vắc xin Viêm gan B (Hepatitis B),1,3,30,4.8,1420,350000,5,5,1,8,427,438,0,60,0
2026-05-09,3,VaxCare Nowzone,3,Vắc xin Bạch hầu – Ho gà – Uốn ván (DTaP/Tdap),2,5,60,4.9,1180,520000,5,5,1,7,237,276,0,60,0
2026-05-09,3,VaxCare Nowzone,4,Vắc xin Bại liệt (IPV),1,4,60,4.8,930,390000,5,5,1,5,231,660,0,60,0
2026-05-09,3,VaxCare Nowzone,5,Vắc xin Hib (Haemophilus influenzae type b),1,3,60,4.9,760,420000,5,5,1,3,160,642,0,60,0
2026-05-09,3,VaxCare Nowzone,6,Vắc xin MMR (Sởi – Quai bị – Rubella),2,2,28,4.9,1050,350000,5,5,1,7,229,190,0,60,0
2026-05-09,3,VaxCare Nowzone,7,Vắc xin Thủy đậu (Varicella),2,2,28,4.8,980,850000,5,5,1,4,188,635,0,60,0
2026-05-09,3,VaxCare Nowzone,8,Vắc xin Phế cầu (Pneumococcal),3,2,60,4.9,1360,1150000,5,5,1,5,90,461,0,60,0
2026-05-09,3,VaxCare Nowzone,9,Vắc xin Viêm não Nhật Bản,2,3,28,4.8,720,450000,5,5,1,3,159,229,0,60,0
2026-05-09,3,VaxCare Nowzone,10,Vắc xin Cúm mùa (Influenza),5,1,365,4.9,2180,450000,5,5,1,7,499,162,0,60,0
2026-05-09,3,VaxCare Nowzone,11,Vắc xin HPV (Human Papillomavirus),2,2,180,4.9,1240,1790000,5,5,1,5,172,346,0,60,0
2026-05-09,3,VaxCare Nowzone,12,Vắc xin COVID-19,3,2,180,4.7,1890,550000,5,5,1,17,232,292,0,60,0
2026-05-09,3,VaxCare Nowzone,13,Vắc xin Zona (Shingrix),4,2,60,4.9,640,3200000,5,5,1,2,79,673,0,60,0
2026-05-09,4,VaxCare Củ Chi - Bình Mỹ,1,Vắc xin BCG (Bacille Calmette–Guérin),1,1,0,4.9,860,250000,5,5,1,4,175,360,0,30,0
2026-05-09,4,VaxCare Củ Chi - Bình Mỹ,2,Vắc xin Viêm gan B (Hepatitis B),1,3,30,4.8,1420,350000,5,5,1,4,275,367,0,30,0
2026-05-09,4,VaxCare Củ Chi - Bình Mỹ,3,Vắc xin Bạch hầu – Ho gà – Uốn ván (DTaP/Tdap),2,5,60,4.9,1180,520000,5,5,1,3,103,635,0,30,0
2026-05-09,4,VaxCare Củ Chi - Bình Mỹ,4,Vắc xin Bại liệt (IPV),1,4,60,4.8,930,390000,5,5,1,2,187,348,0,30,0
2026-05-09,4,VaxCare Củ Chi - Bình Mỹ,5,Vắc xin Hib (Haemophilus influenzae type b),1,3,60,4.9,760,420000,5,5,1,2,122,688,0,30,0
2026-05-09,4,VaxCare Củ Chi - Bình Mỹ,6,Vắc xin MMR (Sởi – Quai bị – Rubella),2,2,28,4.9,1050,350000,5,5,1,2,151,557,0,30,0
2026-05-09,4,VaxCare Củ Chi - Bình Mỹ,7,Vắc xin Thủy đậu (Varicella),2,2,28,4.8,980,850000,5,5,1,2,119,665,0,30,0
2026-05-09,4,VaxCare Củ Chi - Bình Mỹ,8,Vắc xin Phế cầu (Pneumococcal),3,2,60,4.9,1360,1150000,5,5,1,5,43,612,0,30,0
2026-05-09,4,VaxCare Củ Chi - Bình Mỹ,9,Vắc xin Viêm não Nhật Bản,2,3,28,4.8,720,450000,5,5,1,3,75,546,0,30,0
2026-05-09,4,VaxCare Củ Chi - Bình Mỹ,10,Vắc xin Cúm mùa (Influenza),5,1,365,4.9,2180,450000,5,5,1,5,346,60,1,30,0
2026-05-09,4,VaxCare Củ Chi - Bình Mỹ,11,Vắc xin HPV (Human Papillomavirus),2,2,180,4.9,1240,1790000,5,5,1,3,104,371,0,30,0
2026-05-09,4,VaxCare Củ Chi - Bình Mỹ,12,Vắc xin COVID-19,3,2,180,4.7,1890,550000,5,5,1,6,216,562,0,30,0
2026-05-09,4,VaxCare Củ Chi - Bình Mỹ,13,Vắc xin Zona (Shingrix),4,2,60,4.9,640,3200000,5,5,1,1,19,369,0,30,1
2026-05-09,5,VaxCare Trung Mỹ Tây,1,Vắc xin BCG (Bacille Calmette–Guérin),1,1,0,4.9,860,250000,5,5,1,3,249,220,0,40,0
2026-05-09,5,VaxCare Trung Mỹ Tây,2,Vắc xin Viêm gan B (Hepatitis B),1,3,30,4.8,1420,350000,5,5,1,6,268,316,0,40,0
2026-05-09,5,VaxCare Trung Mỹ Tây,3,Vắc xin Bạch hầu – Ho gà – Uốn ván (DTaP/Tdap),2,5,60,4.9,1180,520000,5,5,1,6,196,560,0,40,0
2026-05-09,5,VaxCare Trung Mỹ Tây,4,Vắc xin Bại liệt (IPV),1,4,60,4.8,930,390000,5,5,1,4,164,452,0,40,0
2026-05-09,5,VaxCare Trung Mỹ Tây,5,Vắc xin Hib (Haemophilus influenzae type b),1,3,60,4.9,760,420000,5,5,1,3,202,320,0,40,0
2026-05-09,5,VaxCare Trung Mỹ Tây,6,Vắc xin MMR (Sởi – Quai bị – Rubella),2,2,28,4.9,1050,350000,5,5,1,4,237,398,0,40,0
2026-05-09,5,VaxCare Trung Mỹ Tây,7,Vắc xin Thủy đậu (Varicella),2,2,28,4.8,980,850000,5,5,1,5,102,670,0,40,0
2026-05-09,5,VaxCare Trung Mỹ Tây,8,Vắc xin Phế cầu (Pneumococcal),3,2,60,4.9,1360,1150000,5,5,1,5,84,252,0,40,0
2026-05-09,5,VaxCare Trung Mỹ Tây,9,Vắc xin Viêm não Nhật Bản,2,3,28,4.8,720,450000,5,5,1,4,106,328,0,40,0
2026-05-09,5,VaxCare Trung Mỹ Tây,10,Vắc xin Cúm mùa (Influenza),5,1,365,4.9,2180,450000,5,5,1,12,584,161,0,40,0
2026-05-09,5,VaxCare Trung Mỹ Tây,11,Vắc xin HPV (Human Papillomavirus),2,2,180,4.9,1240,1790000,5,5,1,4,224,348,0,40,0
2026-05-09,5,VaxCare Trung Mỹ Tây,12,Vắc xin COVID-19,3,2,180,4.7,1890,550000,5,5,1,11,230,550,0,40,0
2026-05-09,5,VaxCare Trung Mỹ Tây,13,Vắc xin Zona (Shingrix),4,2,60,4.9,640,3200000,5,5,1,2,68,241,0,40,0
2026-05-09,6,VaxCare Co.opmart Quang Trung,1,Vắc xin BCG (Bacille Calmette–Guérin),1,1,0,4.9,860,250000,5,5,1,3,263,584,0,50,0
2026-05-09,6,VaxCare Co.opmart Quang Trung,2,Vắc xin Viêm gan B (Hepatitis B),1,3,30,4.8,1420,350000,5,5,1,6,228,640,0,50,0
2026-05-09,6,VaxCare Co.opmart Quang Trung,3,Vắc xin Bạch hầu – Ho gà – Uốn ván (DTaP/Tdap),2,5,60,4.9,1180,520000,5,5,1,7,220,310,0,50,0
2026-05-09,6,VaxCare Co.opmart Quang Trung,4,Vắc xin Bại liệt (IPV),1,4,60,4.8,930,390000,5,5,1,4,206,341,0,50,0
2026-05-09,6,VaxCare Co.opmart Quang Trung,5,Vắc xin Hib (Haemophilus influenzae type b),1,3,60,4.9,760,420000,5,5,1,3,157,256,0,50,0
2026-05-09,6,VaxCare Co.opmart Quang Trung,6,Vắc xin MMR (Sởi – Quai bị – Rubella),2,2,28,4.9,1050,350000,5,5,1,4,259,247,0,50,0
2026-05-09,6,VaxCare Co.opmart Quang Trung,7,Vắc xin Thủy đậu (Varicella),2,2,28,4.8,980,850000,5,5,1,2,155,220,0,50,0
2026-05-09,6,VaxCare Co.opmart Quang Trung,8,Vắc xin Phế cầu (Pneumococcal),3,2,60,4.9,1360,1150000,5,5,1,4,72,655,0,50,0
2026-05-09,6,VaxCare Co.opmart Quang Trung,9,Vắc xin Viêm não Nhật Bản,2,3,28,4.8,720,450000,5,5,1,3,126,514,0,50,0
2026-05-09,6,VaxCare Co.opmart Quang Trung,10,Vắc xin Cúm mùa (Influenza),5,1,365,4.9,2180,450000,5,5,1,9,576,154,0,50,0
2026-05-09,6,VaxCare Co.opmart Quang Trung,11,Vắc xin HPV (Human Papillomavirus),2,2,180,4.9,1240,1790000,5,5,1,4,158,525,0,50,0
2026-05-09,6,VaxCare Co.opmart Quang Trung,12,Vắc xin COVID-19,3,2,180,4.7,1890,550000,5,5,1,6,197,244,0,50,0
2026-05-09,6,VaxCare Co.opmart Quang Trung,13,Vắc xin Zona (Shingrix),4,2,60,4.9,640,3200000,5,5,1,2,39,475,0,50,1
2026-05-09,7,VaxCare Oriental Plaza,1,Vắc xin BCG (Bacille Calmette–Guérin),1,1,0,4.9,860,250000,5,5,1,5,236,511,0,45,0
2026-05-09,7,VaxCare Oriental Plaza,2,Vắc xin Viêm gan B (Hepatitis B),1,3,30,4.8,1420,350000,5,5,1,6,385,493,0,45,0
2026-05-09,7,VaxCare Oriental Plaza,3,Vắc xin Bạch hầu – Ho gà – Uốn ván (DTaP/Tdap),2,5,60,4.9,1180,520000,5,5,1,3,161,601,0,45,0
2026-05-09,7,VaxCare Oriental Plaza,4,Vắc xin Bại liệt (IPV),1,4,60,4.8,930,390000,5,5,1,4,184,372,0,45,0
2026-05-09,7,VaxCare Oriental Plaza,5,Vắc xin Hib (Haemophilus influenzae type b),1,3,60,4.9,760,420000,5,5,1,2,229,482,0,45,0
2026-05-09,7,VaxCare Oriental Plaza,6,Vắc xin MMR (Sởi – Quai bị – Rubella),2,2,28,4.9,1050,350000,5,5,1,3,218,508,0,45,0
2026-05-09,7,VaxCare Oriental Plaza,7,Vắc xin Thủy đậu (Varicella),2,2,28,4.8,980,850000,5,5,1,3,106,357,0,45,0
2026-05-09,7,VaxCare Oriental Plaza,8,Vắc xin Phế cầu (Pneumococcal),3,2,60,4.9,1360,1150000,5,5,1,4,78,432,0,45,0
2026-05-09,7,VaxCare Oriental Plaza,9,Vắc xin Viêm não Nhật Bản,2,3,28,4.8,720,450000,5,5,1,4,91,688,0,45,0
2026-05-09,7,VaxCare Oriental Plaza,10,Vắc xin Cúm mùa (Influenza),5,1,365,4.9,2180,450000,5,5,1,9,435,99,0,45,0
2026-05-09,7,VaxCare Oriental Plaza,11,Vắc xin HPV (Human Papillomavirus),2,2,180,4.9,1240,1790000,5,5,1,5,194,529,0,45,0
2026-05-09,7,VaxCare Oriental Plaza,12,Vắc xin COVID-19,3,2,180,4.7,1890,550000,5,5,1,2,227,307,0,45,0
2026-05-09,7,VaxCare Oriental Plaza,13,Vắc xin Zona (Shingrix),4,2,60,4.9,640,3200000,5,5,1,1,48,248,0,45,0
2026-05-09,8,VaxCare Hóc Môn - Đông Thạnh,1,Vắc xin BCG (Bacille Calmette–Guérin),1,1,0,4.9,860,250000,5,5,1,2,134,645,0,30,0
2026-05-09,8,VaxCare Hóc Môn - Đông Thạnh,2,Vắc xin Viêm gan B (Hepatitis B),1,3,30,4.8,1420,350000,5,5,1,5,287,610,0,30,0
2026-05-09,8,VaxCare Hóc Môn - Đông Thạnh,3,Vắc xin Bạch hầu – Ho gà – Uốn ván (DTaP/Tdap),2,5,60,4.9,1180,520000,5,5,1,3,131,681,0,30,0
2026-05-09,8,VaxCare Hóc Môn - Đông Thạnh,4,Vắc xin Bại liệt (IPV),1,4,60,4.8,930,390000,5,5,1,3,154,576,0,30,0
2026-05-09,8,VaxCare Hóc Môn - Đông Thạnh,5,Vắc xin Hib (Haemophilus influenzae type b),1,3,60,4.9,760,420000,5,5,1,3,118,305,0,30,0
2026-05-09,8,VaxCare Hóc Môn - Đông Thạnh,6,Vắc xin MMR (Sởi – Quai bị – Rubella),2,2,28,4.9,1050,350000,5,5,1,3,175,251,0,30,0
2026-05-09,8,VaxCare Hóc Môn - Đông Thạnh,7,Vắc xin Thủy đậu (Varicella),2,2,28,4.8,980,850000,5,5,1,3,73,278,0,30,0
2026-05-09,8,VaxCare Hóc Môn - Đông Thạnh,8,Vắc xin Phế cầu (Pneumococcal),3,2,60,4.9,1360,1150000,5,5,1,3,69,220,0,30,0
2026-05-09,8,VaxCare Hóc Môn - Đông Thạnh,9,Vắc xin Viêm não Nhật Bản,2,3,28,4.8,720,450000,5,5,1,2,110,294,0,30,0
2026-05-09,8,VaxCare Hóc Môn - Đông Thạnh,10,Vắc xin Cúm mùa (Influenza),5,1,365,4.9,2180,450000,5,5,1,8,316,140,0,30,0
2026-05-09,8,VaxCare Hóc Môn - Đông Thạnh,11,Vắc xin HPV (Human Papillomavirus),2,2,180,4.9,1240,1790000,5,5,1,3,112,453,0,30,0
2026-05-09,8,VaxCare Hóc Môn - Đông Thạnh,12,Vắc xin COVID-19,3,2,180,4.7,1890,550000,5,5,1,6,239,335,0,30,0
2026-05-09,8,VaxCare Hóc Môn - Đông Thạnh,13,Vắc xin Zona (Shingrix),4,2,60,4.9,640,3200000,5,5,1,1,35,405,0,30,0
2026-05-09,9,VaxCare Hiệp Bình,1,Vắc xin BCG (Bacille Calmette–Guérin),1,1,0,4.9,860,250000,5,5,1,5,164,197,0,40,0
2026-05-09,9,VaxCare Hiệp Bình,2,Vắc xin Viêm gan B (Hepatitis B),1,3,30,4.8,1420,350000,5,5,1,7,408,456,0,40,0
2026-05-09,9,VaxCare Hiệp Bình,3,Vắc xin Bạch hầu – Ho gà – Uốn ván (DTaP/Tdap),2,5,60,4.9,1180,520000,5,5,1,3,230,432,0,40,0
2026-05-09,9,VaxCare Hiệp Bình,4,Vắc xin Bại liệt (IPV),1,4,60,4.8,930,390000,5,5,1,3,252,650,0,40,0
2026-05-09,9,VaxCare Hiệp Bình,5,Vắc xin Hib (Haemophilus influenzae type b),1,3,60,4.9,760,420000,5,5,1,4,194,466,0,40,0
2026-05-09,9,VaxCare Hiệp Bình,6,Vắc xin MMR (Sởi – Quai bị – Rubella),2,2,28,4.9,1050,350000,5,5,1,8,214,495,0,40,0
2026-05-09,9,VaxCare Hiệp Bình,7,Vắc xin Thủy đậu (Varicella),2,2,28,4.8,980,850000,5,5,1,3,119,398,0,40,0
2026-05-09,9,VaxCare Hiệp Bình,8,Vắc xin Phế cầu (Pneumococcal),3,2,60,4.9,1360,1150000,5,5,1,3,94,634,0,40,0
2026-05-09,9,VaxCare Hiệp Bình,9,Vắc xin Viêm não Nhật Bản,2,3,28,4.8,720,450000,5,5,1,5,113,569,0,40,0
2026-05-09,9,VaxCare Hiệp Bình,10,Vắc xin Cúm mùa (Influenza),5,1,365,4.9,2180,450000,5,5,1,15,344,155,0,40,0
2026-05-09,9,VaxCare Hiệp Bình,11,Vắc xin HPV (Human Papillomavirus),2,2,180,4.9,1240,1790000,5,5,1,5,150,201,0,40,0
2026-05-09,9,VaxCare Hiệp Bình,12,Vắc xin COVID-19,3,2,180,4.7,1890,550000,5,5,1,9,261,390,0,40,0
2026-05-09,9,VaxCare Hiệp Bình,13,Vắc xin Zona (Shingrix),4,2,60,4.9,640,3200000,5,5,1,2,71,566,0,40,0
2026-05-09,10,VaxCare Tân Định,1,Vắc xin BCG (Bacille Calmette–Guérin),1,1,0,4.9,860,250000,5,5,1,4,192,403,0,50,0
2026-05-09,10,VaxCare Tân Định,2,Vắc xin Viêm gan B (Hepatitis B),1,3,30,4.8,1420,350000,5,5,1,9,309,434,0,50,0
2026-05-09,10,VaxCare Tân Định,3,Vắc xin Bạch hầu – Ho gà – Uốn ván (DTaP/Tdap),2,5,60,4.9,1180,520000,5,5,1,8,255,660,0,50,0
2026-05-09,10,VaxCare Tân Định,4,Vắc xin Bại liệt (IPV),1,4,60,4.8,930,390000,5,5,1,5,320,246,0,50,0
2026-05-09,10,VaxCare Tân Định,5,Vắc xin Hib (Haemophilus influenzae type b),1,3,60,4.9,760,420000,5,5,1,4,220,533,0,50,0
2026-05-09,10,VaxCare Tân Định,6,Vắc xin MMR (Sởi – Quai bị – Rubella),2,2,28,4.9,1050,350000,5,5,1,7,288,626,0,50,0
2026-05-09,10,VaxCare Tân Định,7,Vắc xin Thủy đậu (Varicella),2,2,28,4.8,980,850000,5,5,1,6,154,627,0,50,0
2026-05-09,10,VaxCare Tân Định,8,Vắc xin Phế cầu (Pneumococcal),3,2,60,4.9,1360,1150000,5,5,1,7,96,555,0,50,0
2026-05-09,10,VaxCare Tân Định,9,Vắc xin Viêm não Nhật Bản,2,3,28,4.8,720,450000,5,5,1,3,175,341,0,50,0
2026-05-09,10,VaxCare Tân Định,10,Vắc xin Cúm mùa (Influenza),5,1,365,4.9,2180,450000,5,5,1,9,445,127,0,50,0
2026-05-09,10,VaxCare Tân Định,11,Vắc xin HPV (Human Papillomavirus),2,2,180,4.9,1240,1790000,5,5,1,3,167,342,0,50,0
2026-05-09,10,VaxCare Tân Định,12,Vắc xin COVID-19,3,2,180,4.7,1890,550000,5,5,1,11,252,261,0,50,0
2026-05-09,10,VaxCare Tân Định,13,Vắc xin Zona (Shingrix),4,2,60,4.9,640,3200000,5,5,1,2,65,332,0,50,0
2026-05-09,11,VaxCare An Lạc,1,Vắc xin BCG (Bacille Calmette–Guérin),1,1,0,4.9,860,250000,5,5,1,5,181,370,0,40,0
2026-05-09,11,VaxCare An Lạc,2,Vắc xin Viêm gan B (Hepatitis B),1,3,30,4.8,1420,350000,5,5,1,7,255,248,0,40,0
2026-05-09,11,VaxCare An Lạc,3,Vắc xin Bạch hầu – Ho gà – Uốn ván (DTaP/Tdap),2,5,60,4.9,1180,520000,5,5,1,5,184,233,0,40,0
2026-05-09,11,VaxCare An Lạc,4,Vắc xin Bại liệt (IPV),1,4,60,4.8,930,390000,5,5,1,4,222,661,0,40,0
2026-05-09,11,VaxCare An Lạc,5,Vắc xin Hib (Haemophilus influenzae type b),1,3,60,4.9,760,420000,5,5,1,3,229,197,0,40,0
2026-05-09,11,VaxCare An Lạc,6,Vắc xin MMR (Sởi – Quai bị – Rubella),2,2,28,4.9,1050,350000,5,5,1,5,310,258,0,40,0
2026-05-09,11,VaxCare An Lạc,7,Vắc xin Thủy đậu (Varicella),2,2,28,4.8,980,850000,5,5,1,6,109,363,0,40,0
2026-05-09,11,VaxCare An Lạc,8,Vắc xin Phế cầu (Pneumococcal),3,2,60,4.9,1360,1150000,5,5,1,5,90,557,0,40,0
2026-05-09,11,VaxCare An Lạc,9,Vắc xin Viêm não Nhật Bản,2,3,28,4.8,720,450000,5,5,1,3,147,371,0,40,0
2026-05-09,11,VaxCare An Lạc,10,Vắc xin Cúm mùa (Influenza),5,1,365,4.9,2180,450000,5,5,1,16,421,73,1,40,0
2026-05-09,11,VaxCare An Lạc,11,Vắc xin HPV (Human Papillomavirus),2,2,180,4.9,1240,1790000,5,5,1,4,202,696,0,40,0
2026-05-09,11,VaxCare An Lạc,12,Vắc xin COVID-19,3,2,180,4.7,1890,550000,5,5,1,7,310,351,0,40,0
2026-05-09,11,VaxCare An Lạc,13,Vắc xin Zona (Shingrix),4,2,60,4.9,640,3200000,5,5,1,1,36,427,0,40,1
2026-05-09,12,VaxCare Phú Thuận,1,Vắc xin BCG (Bacille Calmette–Guérin),1,1,0,4.9,860,250000,5,5,1,3,269,465,0,35,0
2026-05-09,12,VaxCare Phú Thuận,2,Vắc xin Viêm gan B (Hepatitis B),1,3,30,4.8,1420,350000,5,5,1,7,287,292,0,35,0
2026-05-09,12,VaxCare Phú Thuận,3,Vắc xin Bạch hầu – Ho gà – Uốn ván (DTaP/Tdap),2,5,60,4.9,1180,520000,5,5,1,7,229,223,0,35,0
2026-05-09,12,VaxCare Phú Thuận,4,Vắc xin Bại liệt (IPV),1,4,60,4.8,930,390000,5,5,1,3,142,180,0,35,0
2026-05-09,12,VaxCare Phú Thuận,5,Vắc xin Hib (Haemophilus influenzae type b),1,3,60,4.9,760,420000,5,5,1,2,159,584,0,35,0
2026-05-09,12,VaxCare Phú Thuận,6,Vắc xin MMR (Sởi – Quai bị – Rubella),2,2,28,4.9,1050,350000,5,5,1,3,255,657,0,35,0
2026-05-09,12,VaxCare Phú Thuận,7,Vắc xin Thủy đậu (Varicella),2,2,28,4.8,980,850000,5,5,1,6,179,594,0,35,0
2026-05-09,12,VaxCare Phú Thuận,8,Vắc xin Phế cầu (Pneumococcal),3,2,60,4.9,1360,1150000,5,5,1,5,91,695,0,35,0
2026-05-09,12,VaxCare Phú Thuận,9,Vắc xin Viêm não Nhật Bản,2,3,28,4.8,720,450000,5,5,1,3,165,217,0,35,0
2026-05-09,12,VaxCare Phú Thuận,10,Vắc xin Cúm mùa (Influenza),5,1,365,4.9,2180,450000,5,5,1,3,394,59,1,35,0
2026-05-09,12,VaxCare Phú Thuận,11,Vắc xin HPV (Human Papillomavirus),2,2,180,4.9,1240,1790000,5,5,1,4,159,564,0,35,0
2026-05-09,12,VaxCare Phú Thuận,12,Vắc xin COVID-19,3,2,180,4.7,1890,550000,5,5,1,7,252,678,0,35,0
2026-05-09,12,VaxCare Phú Thuận,13,Vắc xin Zona (Shingrix),4,2,60,4.9,640,3200000,5,5,1,1,51,625,0,35,0
2026-05-10,1,VaxCare Phú Nhuận,1,Vắc xin BCG (Bacille Calmette–Guérin),1,1,0,4.9,860,250000,6,5,1,4,301,323,0,50,0
2026-05-10,1,VaxCare Phú Nhuận,2,Vắc xin Viêm gan B (Hepatitis B),1,3,30,4.8,1420,350000,6,5,1,10,384,430,0,50,0
2026-05-10,1,VaxCare Phú Nhuận,3,Vắc xin Bạch hầu – Ho gà – Uốn ván (DTaP/Tdap),2,5,60,4.9,1180,520000,6,5,1,6,185,438,0,50,0
2026-05-10,1,VaxCare Phú Nhuận,4,Vắc xin Bại liệt (IPV),1,4,60,4.8,930,390000,6,5,1,6,239,656,0,50,0
2026-05-10,1,VaxCare Phú Nhuận,5,Vắc xin Hib (Haemophilus influenzae type b),1,3,60,4.9,760,420000,6,5,1,5,203,313,0,50,0
2026-05-10,1,VaxCare Phú Nhuận,6,Vắc xin MMR (Sởi – Quai bị – Rubella),2,2,28,4.9,1050,350000,6,5,1,5,289,329,0,50,0
2026-05-10,1,VaxCare Phú Nhuận,7,Vắc xin Thủy đậu (Varicella),2,2,28,4.8,980,850000,6,5,1,4,200,563,0,50,0
2026-05-10,1,VaxCare Phú Nhuận,8,Vắc xin Phế cầu (Pneumococcal),3,2,60,4.9,1360,1150000,6,5,1,7,68,623,0,50,0
2026-05-10,1,VaxCare Phú Nhuận,9,Vắc xin Viêm não Nhật Bản,2,3,28,4.8,720,450000,6,5,1,4,101,668,0,50,0
2026-05-10,1,VaxCare Phú Nhuận,10,Vắc xin Cúm mùa (Influenza),5,1,365,4.9,2180,450000,6,5,1,18,389,120,0,50,0
2026-05-10,1,VaxCare Phú Nhuận,11,Vắc xin HPV (Human Papillomavirus),2,2,180,4.9,1240,1790000,6,5,1,7,168,349,0,50,0
2026-05-10,1,VaxCare Phú Nhuận,12,Vắc xin COVID-19,3,2,180,4.7,1890,550000,6,5,1,7,234,456,0,50,0
2026-05-10,1,VaxCare Phú Nhuận,13,Vắc xin Zona (Shingrix),4,2,60,4.9,640,3200000,6,5,1,3,59,560,0,50,0
2026-05-10,2,VaxCare Thủ Đức - Bình Chiểu,1,Vắc xin BCG (Bacille Calmette–Guérin),1,1,0,4.9,860,250000,6,5,1,4,147,651,0,40,0
2026-05-10,2,VaxCare Thủ Đức - Bình Chiểu,2,Vắc xin Viêm gan B (Hepatitis B),1,3,30,4.8,1420,350000,6,5,1,6,277,556,0,40,0
2026-05-10,2,VaxCare Thủ Đức - Bình Chiểu,3,Vắc xin Bạch hầu – Ho gà – Uốn ván (DTaP/Tdap),2,5,60,4.9,1180,520000,6,5,1,4,159,679,0,40,0
2026-05-10,2,VaxCare Thủ Đức - Bình Chiểu,4,Vắc xin Bại liệt (IPV),1,4,60,4.8,930,390000,6,5,1,3,226,698,0,40,0
2026-05-10,2,VaxCare Thủ Đức - Bình Chiểu,5,Vắc xin Hib (Haemophilus influenzae type b),1,3,60,4.9,760,420000,6,5,1,3,143,518,0,40,0
2026-05-10,2,VaxCare Thủ Đức - Bình Chiểu,6,Vắc xin MMR (Sởi – Quai bị – Rubella),2,2,28,4.9,1050,350000,6,5,1,4,274,453,0,40,0
2026-05-10,2,VaxCare Thủ Đức - Bình Chiểu,7,Vắc xin Thủy đậu (Varicella),2,2,28,4.8,980,850000,6,5,1,4,100,573,0,40,0
2026-05-10,2,VaxCare Thủ Đức - Bình Chiểu,8,Vắc xin Phế cầu (Pneumococcal),3,2,60,4.9,1360,1150000,6,5,1,4,75,225,0,40,0
2026-05-10,2,VaxCare Thủ Đức - Bình Chiểu,9,Vắc xin Viêm não Nhật Bản,2,3,28,4.8,720,450000,6,5,1,2,106,608,0,40,0
2026-05-10,2,VaxCare Thủ Đức - Bình Chiểu,10,Vắc xin Cúm mùa (Influenza),5,1,365,4.9,2180,450000,6,5,1,10,492,68,1,40,0
2026-05-10,2,VaxCare Thủ Đức - Bình Chiểu,11,Vắc xin HPV (Human Papillomavirus),2,2,180,4.9,1240,1790000,6,5,1,4,143,180,0,40,0
2026-05-10,2,VaxCare Thủ Đức - Bình Chiểu,12,Vắc xin COVID-19,3,2,180,4.7,1890,550000,6,5,1,4,336,451,0,40,0
2026-05-10,2,VaxCare Thủ Đức - Bình Chiểu,13,Vắc xin Zona (Shingrix),4,2,60,4.9,640,3200000,6,5,1,2,71,659,0,40,0
2026-05-10,3,VaxCare Nowzone,1,Vắc xin BCG (Bacille Calmette–Guérin),1,1,0,4.9,860,250000,6,5,1,3,328,685,0,60,0
2026-05-10,3,VaxCare Nowzone,2,Vắc xin Viêm gan B (Hepatitis B),1,3,30,4.8,1420,350000,6,5,1,8,284,530,0,60,0
2026-05-10,3,VaxCare Nowzone,3,Vắc xin Bạch hầu – Ho gà – Uốn ván (DTaP/Tdap),2,5,60,4.9,1180,520000,6,5,1,8,236,444,0,60,0
2026-05-10,3,VaxCare Nowzone,4,Vắc xin Bại liệt (IPV),1,4,60,4.8,930,390000,6,5,1,4,259,514,0,60,0
2026-05-10,3,VaxCare Nowzone,5,Vắc xin Hib (Haemophilus influenzae type b),1,3,60,4.9,760,420000,6,5,1,3,224,431,0,60,0
2026-05-10,3,VaxCare Nowzone,6,Vắc xin MMR (Sởi – Quai bị – Rubella),2,2,28,4.9,1050,350000,6,5,1,7,264,674,0,60,0
2026-05-10,3,VaxCare Nowzone,7,Vắc xin Thủy đậu (Varicella),2,2,28,4.8,980,850000,6,5,1,3,133,594,0,60,0
2026-05-10,3,VaxCare Nowzone,8,Vắc xin Phế cầu (Pneumococcal),3,2,60,4.9,1360,1150000,6,5,1,7,90,443,0,60,0
2026-05-10,3,VaxCare Nowzone,9,Vắc xin Viêm não Nhật Bản,2,3,28,4.8,720,450000,6,5,1,2,119,408,0,60,0
2026-05-10,3,VaxCare Nowzone,10,Vắc xin Cúm mùa (Influenza),5,1,365,4.9,2180,450000,6,5,1,10,649,148,0,60,0
2026-05-10,3,VaxCare Nowzone,11,Vắc xin HPV (Human Papillomavirus),2,2,180,4.9,1240,1790000,6,5,1,5,252,697,0,60,0
2026-05-10,3,VaxCare Nowzone,12,Vắc xin COVID-19,3,2,180,4.7,1890,550000,6,5,1,12,276,519,0,60,0
2026-05-10,3,VaxCare Nowzone,13,Vắc xin Zona (Shingrix),4,2,60,4.9,640,3200000,6,5,1,3,54,672,0,60,1
2026-05-10,4,VaxCare Củ Chi - Bình Mỹ,1,Vắc xin BCG (Bacille Calmette–Guérin),1,1,0,4.9,860,250000,6,5,1,3,229,501,0,30,0
2026-05-10,4,VaxCare Củ Chi - Bình Mỹ,2,Vắc xin Viêm gan B (Hepatitis B),1,3,30,4.8,1420,350000,6,5,1,5,299,595,0,30,0
2026-05-10,4,VaxCare Củ Chi - Bình Mỹ,3,Vắc xin Bạch hầu – Ho gà – Uốn ván (DTaP/Tdap),2,5,60,4.9,1180,520000,6,5,1,2,172,664,0,30,0
2026-05-10,4,VaxCare Củ Chi - Bình Mỹ,4,Vắc xin Bại liệt (IPV),1,4,60,4.8,930,390000,6,5,1,3,192,301,0,30,0
2026-05-10,4,VaxCare Củ Chi - Bình Mỹ,5,Vắc xin Hib (Haemophilus influenzae type b),1,3,60,4.9,760,420000,6,5,1,3,109,585,0,30,0
2026-05-10,4,VaxCare Củ Chi - Bình Mỹ,6,Vắc xin MMR (Sởi – Quai bị – Rubella),2,2,28,4.9,1050,350000,6,5,1,5,184,420,0,30,0
2026-05-10,4,VaxCare Củ Chi - Bình Mỹ,7,Vắc xin Thủy đậu (Varicella),2,2,28,4.8,980,850000,6,5,1,3,87,343,0,30,0
2026-05-10,4,VaxCare Củ Chi - Bình Mỹ,8,Vắc xin Phế cầu (Pneumococcal),3,2,60,4.9,1360,1150000,6,5,1,4,48,283,0,30,0
2026-05-10,4,VaxCare Củ Chi - Bình Mỹ,9,Vắc xin Viêm não Nhật Bản,2,3,28,4.8,720,450000,6,5,1,3,71,618,0,30,0
2026-05-10,4,VaxCare Củ Chi - Bình Mỹ,10,Vắc xin Cúm mùa (Influenza),5,1,365,4.9,2180,450000,6,5,1,3,378,195,0,30,0
2026-05-10,4,VaxCare Củ Chi - Bình Mỹ,11,Vắc xin HPV (Human Papillomavirus),2,2,180,4.9,1240,1790000,6,5,1,4,95,662,0,30,0
2026-05-10,4,VaxCare Củ Chi - Bình Mỹ,12,Vắc xin COVID-19,3,2,180,4.7,1890,550000,6,5,1,4,165,555,0,30,0
2026-05-10,4,VaxCare Củ Chi - Bình Mỹ,13,Vắc xin Zona (Shingrix),4,2,60,4.9,640,3200000,6,5,1,1,47,269,0,30,0
2026-05-10,5,VaxCare Trung Mỹ Tây,1,Vắc xin BCG (Bacille Calmette–Guérin),1,1,0,4.9,860,250000,6,5,1,3,158,282,0,40,0
2026-05-10,5,VaxCare Trung Mỹ Tây,2,Vắc xin Viêm gan B (Hepatitis B),1,3,30,4.8,1420,350000,6,5,1,6,235,180,0,40,0
2026-05-10,5,VaxCare Trung Mỹ Tây,3,Vắc xin Bạch hầu – Ho gà – Uốn ván (DTaP/Tdap),2,5,60,4.9,1180,520000,6,5,1,3,244,354,0,40,0
2026-05-10,5,VaxCare Trung Mỹ Tây,4,Vắc xin Bại liệt (IPV),1,4,60,4.8,930,390000,6,5,1,4,235,453,0,40,0
2026-05-10,5,VaxCare Trung Mỹ Tây,5,Vắc xin Hib (Haemophilus influenzae type b),1,3,60,4.9,760,420000,6,5,1,4,213,471,0,40,0
2026-05-10,5,VaxCare Trung Mỹ Tây,6,Vắc xin MMR (Sởi – Quai bị – Rubella),2,2,28,4.9,1050,350000,6,5,1,5,197,446,0,40,0
2026-05-10,5,VaxCare Trung Mỹ Tây,7,Vắc xin Thủy đậu (Varicella),2,2,28,4.8,980,850000,6,5,1,2,123,409,0,40,0
2026-05-10,5,VaxCare Trung Mỹ Tây,8,Vắc xin Phế cầu (Pneumococcal),3,2,60,4.9,1360,1150000,6,5,1,5,118,526,0,40,0
2026-05-10,5,VaxCare Trung Mỹ Tây,9,Vắc xin Viêm não Nhật Bản,2,3,28,4.8,720,450000,6,5,1,3,132,643,0,40,0
2026-05-10,5,VaxCare Trung Mỹ Tây,10,Vắc xin Cúm mùa (Influenza),5,1,365,4.9,2180,450000,6,5,1,10,431,197,0,40,0
2026-05-10,5,VaxCare Trung Mỹ Tây,11,Vắc xin HPV (Human Papillomavirus),2,2,180,4.9,1240,1790000,6,5,1,5,166,420,0,40,0
2026-05-10,5,VaxCare Trung Mỹ Tây,12,Vắc xin COVID-19,3,2,180,4.7,1890,550000,6,5,1,15,318,514,0,40,0
2026-05-10,5,VaxCare Trung Mỹ Tây,13,Vắc xin Zona (Shingrix),4,2,60,4.9,640,3200000,6,5,1,2,23,338,0,40,1
2026-05-10,6,VaxCare Co.opmart Quang Trung,1,Vắc xin BCG (Bacille Calmette–Guérin),1,1,0,4.9,860,250000,6,5,1,4,184,300,0,50,0
2026-05-10,6,VaxCare Co.opmart Quang Trung,2,Vắc xin Viêm gan B (Hepatitis B),1,3,30,4.8,1420,350000,6,5,1,5,230,332,0,50,0
2026-05-10,6,VaxCare Co.opmart Quang Trung,3,Vắc xin Bạch hầu – Ho gà – Uốn ván (DTaP/Tdap),2,5,60,4.9,1180,520000,6,5,1,6,224,520,0,50,0
2026-05-10,6,VaxCare Co.opmart Quang Trung,4,Vắc xin Bại liệt (IPV),1,4,60,4.8,930,390000,6,5,1,6,248,673,0,50,0
2026-05-10,6,VaxCare Co.opmart Quang Trung,5,Vắc xin Hib (Haemophilus influenzae type b),1,3,60,4.9,760,420000,6,5,1,3,198,489,0,50,0
2026-05-10,6,VaxCare Co.opmart Quang Trung,6,Vắc xin MMR (Sởi – Quai bị – Rubella),2,2,28,4.9,1050,350000,6,5,1,5,323,214,0,50,0
2026-05-10,6,VaxCare Co.opmart Quang Trung,7,Vắc xin Thủy đậu (Varicella),2,2,28,4.8,980,850000,6,5,1,4,103,533,0,50,0
2026-05-10,6,VaxCare Co.opmart Quang Trung,8,Vắc xin Phế cầu (Pneumococcal),3,2,60,4.9,1360,1150000,6,5,1,4,96,438,0,50,0
2026-05-10,6,VaxCare Co.opmart Quang Trung,9,Vắc xin Viêm não Nhật Bản,2,3,28,4.8,720,450000,6,5,1,4,102,587,0,50,0
2026-05-10,6,VaxCare Co.opmart Quang Trung,10,Vắc xin Cúm mùa (Influenza),5,1,365,4.9,2180,450000,6,5,1,10,545,64,1,50,0
2026-05-10,6,VaxCare Co.opmart Quang Trung,11,Vắc xin HPV (Human Papillomavirus),2,2,180,4.9,1240,1790000,6,5,1,4,184,502,0,50,0
2026-05-10,6,VaxCare Co.opmart Quang Trung,12,Vắc xin COVID-19,3,2,180,4.7,1890,550000,6,5,1,11,330,348,0,50,0
2026-05-10,6,VaxCare Co.opmart Quang Trung,13,Vắc xin Zona (Shingrix),4,2,60,4.9,640,3200000,6,5,1,2,47,678,0,50,1
2026-05-10,7,VaxCare Oriental Plaza,1,Vắc xin BCG (Bacille Calmette–Guérin),1,1,0,4.9,860,250000,6,5,1,4,254,223,0,45,0
2026-05-10,7,VaxCare Oriental Plaza,2,Vắc xin Viêm gan B (Hepatitis B),1,3,30,4.8,1420,350000,6,5,1,5,385,687,0,45,0
2026-05-10,7,VaxCare Oriental Plaza,3,Vắc xin Bạch hầu – Ho gà – Uốn ván (DTaP/Tdap),2,5,60,4.9,1180,520000,6,5,1,4,257,364,0,45,0
2026-05-10,7,VaxCare Oriental Plaza,4,Vắc xin Bại liệt (IPV),1,4,60,4.8,930,390000,6,5,1,4,223,549,0,45,0
2026-05-10,7,VaxCare Oriental Plaza,5,Vắc xin Hib (Haemophilus influenzae type b),1,3,60,4.9,760,420000,6,5,1,3,198,182,0,45,0
2026-05-10,7,VaxCare Oriental Plaza,6,Vắc xin MMR (Sởi – Quai bị – Rubella),2,2,28,4.9,1050,350000,6,5,1,6,197,331,0,45,0
2026-05-10,7,VaxCare Oriental Plaza,7,Vắc xin Thủy đậu (Varicella),2,2,28,4.8,980,850000,6,5,1,3,120,580,0,45,0
2026-05-10,7,VaxCare Oriental Plaza,8,Vắc xin Phế cầu (Pneumococcal),3,2,60,4.9,1360,1150000,6,5,1,4,121,220,0,45,0
2026-05-10,7,VaxCare Oriental Plaza,9,Vắc xin Viêm não Nhật Bản,2,3,28,4.8,720,450000,6,5,1,4,118,647,0,45,0
2026-05-10,7,VaxCare Oriental Plaza,10,Vắc xin Cúm mùa (Influenza),5,1,365,4.9,2180,450000,6,5,1,11,342,134,0,45,0
2026-05-10,7,VaxCare Oriental Plaza,11,Vắc xin HPV (Human Papillomavirus),2,2,180,4.9,1240,1790000,6,5,1,3,185,607,0,45,0
2026-05-10,7,VaxCare Oriental Plaza,12,Vắc xin COVID-19,3,2,180,4.7,1890,550000,6,5,1,8,336,408,0,45,0
2026-05-10,7,VaxCare Oriental Plaza,13,Vắc xin Zona (Shingrix),4,2,60,4.9,640,3200000,6,5,1,2,56,219,0,45,0
2026-05-10,8,VaxCare Hóc Môn - Đông Thạnh,1,Vắc xin BCG (Bacille Calmette–Guérin),1,1,0,4.9,860,250000,6,5,1,3,187,451,0,30,0
2026-05-10,8,VaxCare Hóc Môn - Đông Thạnh,2,Vắc xin Viêm gan B (Hepatitis B),1,3,30,4.8,1420,350000,6,5,1,4,161,407,0,30,0
2026-05-10,8,VaxCare Hóc Môn - Đông Thạnh,3,Vắc xin Bạch hầu – Ho gà – Uốn ván (DTaP/Tdap),2,5,60,4.9,1180,520000,6,5,1,5,159,586,0,30,0
2026-05-10,8,VaxCare Hóc Môn - Đông Thạnh,4,Vắc xin Bại liệt (IPV),1,4,60,4.8,930,390000,6,5,1,2,115,460,0,30,0
2026-05-10,8,VaxCare Hóc Môn - Đông Thạnh,5,Vắc xin Hib (Haemophilus influenzae type b),1,3,60,4.9,760,420000,6,5,1,3,111,693,0,30,0
2026-05-10,8,VaxCare Hóc Môn - Đông Thạnh,6,Vắc xin MMR (Sởi – Quai bị – Rubella),2,2,28,4.9,1050,350000,6,5,1,4,234,232,0,30,0
2026-05-10,8,VaxCare Hóc Môn - Đông Thạnh,7,Vắc xin Thủy đậu (Varicella),2,2,28,4.8,980,850000,6,5,1,3,106,474,0,30,0
2026-05-10,8,VaxCare Hóc Môn - Đông Thạnh,8,Vắc xin Phế cầu (Pneumococcal),3,2,60,4.9,1360,1150000,6,5,1,5,84,516,0,30,0
2026-05-10,8,VaxCare Hóc Môn - Đông Thạnh,9,Vắc xin Viêm não Nhật Bản,2,3,28,4.8,720,450000,6,5,1,3,63,619,0,30,0
2026-05-10,8,VaxCare Hóc Môn - Đông Thạnh,10,Vắc xin Cúm mùa (Influenza),5,1,365,4.9,2180,450000,6,5,1,7,280,35,1,30,0
2026-05-10,8,VaxCare Hóc Môn - Đông Thạnh,11,Vắc xin HPV (Human Papillomavirus),2,2,180,4.9,1240,1790000,6,5,1,4,78,479,0,30,0
2026-05-10,8,VaxCare Hóc Môn - Đông Thạnh,12,Vắc xin COVID-19,3,2,180,4.7,1890,550000,6,5,1,8,198,616,0,30,0
2026-05-10,8,VaxCare Hóc Môn - Đông Thạnh,13,Vắc xin Zona (Shingrix),4,2,60,4.9,640,3200000,6,5,1,1,34,279,0,30,0
2026-05-10,9,VaxCare Hiệp Bình,1,Vắc xin BCG (Bacille Calmette–Guérin),1,1,0,4.9,860,250000,6,5,1,3,246,250,0,40,0
2026-05-10,9,VaxCare Hiệp Bình,2,Vắc xin Viêm gan B (Hepatitis B),1,3,30,4.8,1420,350000,6,5,1,8,234,183,0,40,0
2026-05-10,9,VaxCare Hiệp Bình,3,Vắc xin Bạch hầu – Ho gà – Uốn ván (DTaP/Tdap),2,5,60,4.9,1180,520000,6,5,1,5,267,456,0,40,0
2026-05-10,9,VaxCare Hiệp Bình,4,Vắc xin Bại liệt (IPV),1,4,60,4.8,930,390000,6,5,1,2,291,642,0,40,0
2026-05-10,9,VaxCare Hiệp Bình,5,Vắc xin Hib (Haemophilus influenzae type b),1,3,60,4.9,760,420000,6,5,1,3,157,305,0,40,0
2026-05-10,9,VaxCare Hiệp Bình,6,Vắc xin MMR (Sởi – Quai bị – Rubella),2,2,28,4.9,1050,350000,6,5,1,4,260,265,0,40,0
2026-05-10,9,VaxCare Hiệp Bình,7,Vắc xin Thủy đậu (Varicella),2,2,28,4.8,980,850000,6,5,1,3,134,360,0,40,0
2026-05-10,9,VaxCare Hiệp Bình,8,Vắc xin Phế cầu (Pneumococcal),3,2,60,4.9,1360,1150000,6,5,1,6,97,436,0,40,0
2026-05-10,9,VaxCare Hiệp Bình,9,Vắc xin Viêm não Nhật Bản,2,3,28,4.8,720,450000,6,5,1,2,140,346,0,40,0
2026-05-10,9,VaxCare Hiệp Bình,10,Vắc xin Cúm mùa (Influenza),5,1,365,4.9,2180,450000,6,5,1,8,393,166,0,40,0
2026-05-10,9,VaxCare Hiệp Bình,11,Vắc xin HPV (Human Papillomavirus),2,2,180,4.9,1240,1790000,6,5,1,4,116,528,0,40,0
2026-05-10,9,VaxCare Hiệp Bình,12,Vắc xin COVID-19,3,2,180,4.7,1890,550000,6,5,1,12,300,592,0,40,0
2026-05-10,9,VaxCare Hiệp Bình,13,Vắc xin Zona (Shingrix),4,2,60,4.9,640,3200000,6,5,1,1,56,675,0,40,0
2026-05-10,10,VaxCare Tân Định,1,Vắc xin BCG (Bacille Calmette–Guérin),1,1,0,4.9,860,250000,6,5,1,4,319,412,0,50,0
2026-05-10,10,VaxCare Tân Định,2,Vắc xin Viêm gan B (Hepatitis B),1,3,30,4.8,1420,350000,6,5,1,8,416,648,0,50,0
2026-05-10,10,VaxCare Tân Định,3,Vắc xin Bạch hầu – Ho gà – Uốn ván (DTaP/Tdap),2,5,60,4.9,1180,520000,6,5,1,7,198,222,0,50,0
2026-05-10,10,VaxCare Tân Định,4,Vắc xin Bại liệt (IPV),1,4,60,4.8,930,390000,6,5,1,3,175,543,0,50,0
2026-05-10,10,VaxCare Tân Định,5,Vắc xin Hib (Haemophilus influenzae type b),1,3,60,4.9,760,420000,6,5,1,3,159,526,0,50,0
2026-05-10,10,VaxCare Tân Định,6,Vắc xin MMR (Sởi – Quai bị – Rubella),2,2,28,4.9,1050,350000,6,5,1,5,292,654,0,50,0
2026-05-10,10,VaxCare Tân Định,7,Vắc xin Thủy đậu (Varicella),2,2,28,4.8,980,850000,6,5,1,5,139,299,0,50,0
2026-05-10,10,VaxCare Tân Định,8,Vắc xin Phế cầu (Pneumococcal),3,2,60,4.9,1360,1150000,6,5,1,6,105,528,0,50,0
2026-05-10,10,VaxCare Tân Định,9,Vắc xin Viêm não Nhật Bản,2,3,28,4.8,720,450000,6,5,1,5,137,504,0,50,0
2026-05-10,10,VaxCare Tân Định,10,Vắc xin Cúm mùa (Influenza),5,1,365,4.9,2180,450000,6,5,1,11,457,39,1,50,0
2026-05-10,10,VaxCare Tân Định,11,Vắc xin HPV (Human Papillomavirus),2,2,180,4.9,1240,1790000,6,5,1,7,234,320,0,50,0
2026-05-10,10,VaxCare Tân Định,12,Vắc xin COVID-19,3,2,180,4.7,1890,550000,6,5,1,8,324,467,0,50,0
2026-05-10,10,VaxCare Tân Định,13,Vắc xin Zona (Shingrix),4,2,60,4.9,640,3200000,6,5,1,1,35,552,0,50,1
2026-05-10,11,VaxCare An Lạc,1,Vắc xin BCG (Bacille Calmette–Guérin),1,1,0,4.9,860,250000,6,5,1,6,175,487,0,40,0
2026-05-10,11,VaxCare An Lạc,2,Vắc xin Viêm gan B (Hepatitis B),1,3,30,4.8,1420,350000,6,5,1,6,306,515,0,40,0
2026-05-10,11,VaxCare An Lạc,3,Vắc xin Bạch hầu – Ho gà – Uốn ván (DTaP/Tdap),2,5,60,4.9,1180,520000,6,5,1,6,164,282,0,40,0
2026-05-10,11,VaxCare An Lạc,4,Vắc xin Bại liệt (IPV),1,4,60,4.8,930,390000,6,5,1,3,205,521,0,40,0
2026-05-10,11,VaxCare An Lạc,5,Vắc xin Hib (Haemophilus influenzae type b),1,3,60,4.9,760,420000,6,5,1,3,171,397,0,40,0
2026-05-10,11,VaxCare An Lạc,6,Vắc xin MMR (Sởi – Quai bị – Rubella),2,2,28,4.9,1050,350000,6,5,1,6,274,230,0,40,0
2026-05-10,11,VaxCare An Lạc,7,Vắc xin Thủy đậu (Varicella),2,2,28,4.8,980,850000,6,5,1,3,142,484,0,40,0
2026-05-10,11,VaxCare An Lạc,8,Vắc xin Phế cầu (Pneumococcal),3,2,60,4.9,1360,1150000,6,5,1,5,103,593,0,40,0
2026-05-10,11,VaxCare An Lạc,9,Vắc xin Viêm não Nhật Bản,2,3,28,4.8,720,450000,6,5,1,3,149,610,0,40,0
2026-05-10,11,VaxCare An Lạc,10,Vắc xin Cúm mùa (Influenza),5,1,365,4.9,2180,450000,6,5,1,5,362,43,1,40,0
2026-05-10,11,VaxCare An Lạc,11,Vắc xin HPV (Human Papillomavirus),2,2,180,4.9,1240,1790000,6,5,1,6,147,184,0,40,0
2026-05-10,11,VaxCare An Lạc,12,Vắc xin COVID-19,3,2,180,4.7,1890,550000,6,5,1,0,187,660,0,40,0
2026-05-10,11,VaxCare An Lạc,13,Vắc xin Zona (Shingrix),4,2,60,4.9,640,3200000,6,5,1,1,57,289,0,40,0
2026-05-10,12,VaxCare Phú Thuận,1,Vắc xin BCG (Bacille Calmette–Guérin),1,1,0,4.9,860,250000,6,5,1,4,186,522,0,35,0
2026-05-10,12,VaxCare Phú Thuận,2,Vắc xin Viêm gan B (Hepatitis B),1,3,30,4.8,1420,350000,6,5,1,5,276,197,0,35,0
2026-05-10,12,VaxCare Phú Thuận,3,Vắc xin Bạch hầu – Ho gà – Uốn ván (DTaP/Tdap),2,5,60,4.9,1180,520000,6,5,1,6,187,424,0,35,0
2026-05-10,12,VaxCare Phú Thuận,4,Vắc xin Bại liệt (IPV),1,4,60,4.8,930,390000,6,5,1,4,291,459,0,35,0
2026-05-10,12,VaxCare Phú Thuận,5,Vắc xin Hib (Haemophilus influenzae type b),1,3,60,4.9,760,420000,6,5,1,4,198,423,0,35,0
2026-05-10,12,VaxCare Phú Thuận,6,Vắc xin MMR (Sởi – Quai bị – Rubella),2,2,28,4.9,1050,350000,6,5,1,3,204,577,0,35,0
2026-05-10,12,VaxCare Phú Thuận,7,Vắc xin Thủy đậu (Varicella),2,2,28,4.8,980,850000,6,5,1,3,104,319,0,35,0
2026-05-10,12,VaxCare Phú Thuận,8,Vắc xin Phế cầu (Pneumococcal),3,2,60,4.9,1360,1150000,6,5,1,5,81,474,0,35,0
2026-05-10,12,VaxCare Phú Thuận,9,Vắc xin Viêm não Nhật Bản,2,3,28,4.8,720,450000,6,5,1,5,128,610,0,35,0
2026-05-10,12,VaxCare Phú Thuận,10,Vắc xin Cúm mùa (Influenza),5,1,365,4.9,2180,450000,6,5,1,8,387,59,1,35,0
2026-05-10,12,VaxCare Phú Thuận,11,Vắc xin HPV (Human Papillomavirus),2,2,180,4.9,1240,1790000,6,5,1,2,167,439,0,35,0
2026-05-10,12,VaxCare Phú Thuận,12,Vắc xin COVID-19,3,2,180,4.7,1890,550000,6,5,1,12,311,302,0,35,0
2026-05-10,12,VaxCare Phú Thuận,13,Vắc xin Zona (Shingrix),4,2,60,4.9,640,3200000,6,5,1,2,67,221,0,35,0
2026-05-11,1,VaxCare Phú Nhuận,1,Vắc xin BCG (Bacille Calmette–Guérin),1,1,0,4.9,860,250000,0,5,0,10,232,227,0,50,0
2026-05-11,1,VaxCare Phú Nhuận,2,Vắc xin Viêm gan B (Hepatitis B),1,3,30,4.8,1420,350000,0,5,0,14,380,403,0,50,0
2026-05-11,1,VaxCare Phú Nhuận,3,Vắc xin Bạch hầu – Ho gà – Uốn ván (DTaP/Tdap),2,5,60,4.9,1180,520000,0,5,0,9,215,182,0,50,0
2026-05-11,1,VaxCare Phú Nhuận,4,Vắc xin Bại liệt (IPV),1,4,60,4.8,930,390000,0,5,0,13,289,194,0,50,0
2026-05-11,1,VaxCare Phú Nhuận,5,Vắc xin Hib (Haemophilus influenzae type b),1,3,60,4.9,760,420000,0,5,0,6,189,637,0,50,0
2026-05-11,1,VaxCare Phú Nhuận,6,Vắc xin MMR (Sởi – Quai bị – Rubella),2,2,28,4.9,1050,350000,0,5,0,8,249,512,0,50,0
2026-05-11,1,VaxCare Phú Nhuận,7,Vắc xin Thủy đậu (Varicella),2,2,28,4.8,980,850000,0,5,0,11,189,461,0,50,0
2026-05-11,1,VaxCare Phú Nhuận,8,Vắc xin Phế cầu (Pneumococcal),3,2,60,4.9,1360,1150000,0,5,0,13,118,329,0,50,0
2026-05-11,1,VaxCare Phú Nhuận,9,Vắc xin Viêm não Nhật Bản,2,3,28,4.8,720,450000,0,5,0,9,105,428,0,50,0
2026-05-11,1,VaxCare Phú Nhuận,10,Vắc xin Cúm mùa (Influenza),5,1,365,4.9,2180,450000,0,5,0,26,539,42,1,50,0
2026-05-11,1,VaxCare Phú Nhuận,11,Vắc xin HPV (Human Papillomavirus),2,2,180,4.9,1240,1790000,0,5,0,10,146,342,0,50,0
2026-05-11,1,VaxCare Phú Nhuận,12,Vắc xin COVID-19,3,2,180,4.7,1890,550000,0,5,0,27,262,649,0,50,0
2026-05-11,1,VaxCare Phú Nhuận,13,Vắc xin Zona (Shingrix),4,2,60,4.9,640,3200000,0,5,0,3,70,293,0,50,0
2026-05-11,2,VaxCare Thủ Đức - Bình Chiểu,1,Vắc xin BCG (Bacille Calmette–Guérin),1,1,0,4.9,860,250000,0,5,0,8,268,466,0,40,0
2026-05-11,2,VaxCare Thủ Đức - Bình Chiểu,2,Vắc xin Viêm gan B (Hepatitis B),1,3,30,4.8,1420,350000,0,5,0,11,273,246,0,40,0
2026-05-11,2,VaxCare Thủ Đức - Bình Chiểu,3,Vắc xin Bạch hầu – Ho gà – Uốn ván (DTaP/Tdap),2,5,60,4.9,1180,520000,0,5,0,11,192,409,0,40,0
2026-05-11,2,VaxCare Thủ Đức - Bình Chiểu,4,Vắc xin Bại liệt (IPV),1,4,60,4.8,930,390000,0,5,0,10,202,579,0,40,0
2026-05-11,2,VaxCare Thủ Đức - Bình Chiểu,5,Vắc xin Hib (Haemophilus influenzae type b),1,3,60,4.9,760,420000,0,5,0,7,138,628,0,40,0
2026-05-11,2,VaxCare Thủ Đức - Bình Chiểu,6,Vắc xin MMR (Sởi – Quai bị – Rubella),2,2,28,4.9,1050,350000,0,5,0,11,336,420,0,40,0
2026-05-11,2,VaxCare Thủ Đức - Bình Chiểu,7,Vắc xin Thủy đậu (Varicella),2,2,28,4.8,980,850000,0,5,0,11,122,328,0,40,0
2026-05-11,2,VaxCare Thủ Đức - Bình Chiểu,8,Vắc xin Phế cầu (Pneumococcal),3,2,60,4.9,1360,1150000,0,5,0,12,70,440,0,40,0
2026-05-11,2,VaxCare Thủ Đức - Bình Chiểu,9,Vắc xin Viêm não Nhật Bản,2,3,28,4.8,720,450000,0,5,0,8,137,497,0,40,0
2026-05-11,2,VaxCare Thủ Đức - Bình Chiểu,10,Vắc xin Cúm mùa (Influenza),5,1,365,4.9,2180,450000,0,5,0,34,542,175,0,40,0
2026-05-11,2,VaxCare Thủ Đức - Bình Chiểu,11,Vắc xin HPV (Human Papillomavirus),2,2,180,4.9,1240,1790000,0,5,0,14,210,469,0,40,0
2026-05-11,2,VaxCare Thủ Đức - Bình Chiểu,12,Vắc xin COVID-19,3,2,180,4.7,1890,550000,0,5,0,16,249,367,0,40,0
2026-05-11,2,VaxCare Thủ Đức - Bình Chiểu,13,Vắc xin Zona (Shingrix),4,2,60,4.9,640,3200000,0,5,0,3,64,200,0,40,0
2026-05-11,3,VaxCare Nowzone,1,Vắc xin BCG (Bacille Calmette–Guérin),1,1,0,4.9,860,250000,0,5,0,4,221,529,0,60,0
2026-05-11,3,VaxCare Nowzone,2,Vắc xin Viêm gan B (Hepatitis B),1,3,30,4.8,1420,350000,0,5,0,22,258,291,0,60,0
2026-05-11,3,VaxCare Nowzone,3,Vắc xin Bạch hầu – Ho gà – Uốn ván (DTaP/Tdap),2,5,60,4.9,1180,520000,0,5,0,11,231,458,0,60,0
2026-05-11,3,VaxCare Nowzone,4,Vắc xin Bại liệt (IPV),1,4,60,4.8,930,390000,0,5,0,11,249,545,0,60,0
2026-05-11,3,VaxCare Nowzone,5,Vắc xin Hib (Haemophilus influenzae type b),1,3,60,4.9,760,420000,0,5,0,9,155,380,0,60,0
2026-05-11,3,VaxCare Nowzone,6,Vắc xin MMR (Sởi – Quai bị – Rubella),2,2,28,4.9,1050,350000,0,5,0,14,339,524,0,60,0
2026-05-11,3,VaxCare Nowzone,7,Vắc xin Thủy đậu (Varicella),2,2,28,4.8,980,850000,0,5,0,9,151,521,0,60,0
2026-05-11,3,VaxCare Nowzone,8,Vắc xin Phế cầu (Pneumococcal),3,2,60,4.9,1360,1150000,0,5,0,15,98,196,0,60,0
2026-05-11,3,VaxCare Nowzone,9,Vắc xin Viêm não Nhật Bản,2,3,28,4.8,720,450000,0,5,0,8,176,320,0,60,0
2026-05-11,3,VaxCare Nowzone,10,Vắc xin Cúm mùa (Influenza),5,1,365,4.9,2180,450000,0,5,0,18,476,149,0,60,0
2026-05-11,3,VaxCare Nowzone,11,Vắc xin HPV (Human Papillomavirus),2,2,180,4.9,1240,1790000,0,5,0,14,181,631,0,60,0
2026-05-11,3,VaxCare Nowzone,12,Vắc xin COVID-19,3,2,180,4.7,1890,550000,0,5,0,25,364,399,0,60,0
2026-05-11,3,VaxCare Nowzone,13,Vắc xin Zona (Shingrix),4,2,60,4.9,640,3200000,0,5,0,4,56,442,0,60,1
2026-05-11,4,VaxCare Củ Chi - Bình Mỹ,1,Vắc xin BCG (Bacille Calmette–Guérin),1,1,0,4.9,860,250000,0,5,0,5,92,467,0,30,0
2026-05-11,4,VaxCare Củ Chi - Bình Mỹ,2,Vắc xin Viêm gan B (Hepatitis B),1,3,30,4.8,1420,350000,0,5,0,9,226,275,0,30,0
2026-05-11,4,VaxCare Củ Chi - Bình Mỹ,3,Vắc xin Bạch hầu – Ho gà – Uốn ván (DTaP/Tdap),2,5,60,4.9,1180,520000,0,5,0,7,139,301,0,30,0
2026-05-11,4,VaxCare Củ Chi - Bình Mỹ,4,Vắc xin Bại liệt (IPV),1,4,60,4.8,930,390000,0,5,0,7,126,426,0,30,0
2026-05-11,4,VaxCare Củ Chi - Bình Mỹ,5,Vắc xin Hib (Haemophilus influenzae type b),1,3,60,4.9,760,420000,0,5,0,7,98,351,0,30,0
2026-05-11,4,VaxCare Củ Chi - Bình Mỹ,6,Vắc xin MMR (Sởi – Quai bị – Rubella),2,2,28,4.9,1050,350000,0,5,0,5,221,401,0,30,0
2026-05-11,4,VaxCare Củ Chi - Bình Mỹ,7,Vắc xin Thủy đậu (Varicella),2,2,28,4.8,980,850000,0,5,0,6,98,270,0,30,0
2026-05-11,4,VaxCare Củ Chi - Bình Mỹ,8,Vắc xin Phế cầu (Pneumococcal),3,2,60,4.9,1360,1150000,0,5,0,10,77,464,0,30,0
2026-05-11,4,VaxCare Củ Chi - Bình Mỹ,9,Vắc xin Viêm não Nhật Bản,2,3,28,4.8,720,450000,0,5,0,4,54,643,0,30,0
2026-05-11,4,VaxCare Củ Chi - Bình Mỹ,10,Vắc xin Cúm mùa (Influenza),5,1,365,4.9,2180,450000,0,5,0,11,355,54,1,30,0
2026-05-11,4,VaxCare Củ Chi - Bình Mỹ,11,Vắc xin HPV (Human Papillomavirus),2,2,180,4.9,1240,1790000,0,5,0,3,172,461,0,30,0
2026-05-11,4,VaxCare Củ Chi - Bình Mỹ,12,Vắc xin COVID-19,3,2,180,4.7,1890,550000,0,5,0,17,164,226,0,30,0
2026-05-11,4,VaxCare Củ Chi - Bình Mỹ,13,Vắc xin Zona (Shingrix),4,2,60,4.9,640,3200000,0,5,0,3,41,382,0,30,0
2026-05-11,5,VaxCare Trung Mỹ Tây,1,Vắc xin BCG (Bacille Calmette–Guérin),1,1,0,4.9,860,250000,0,5,0,8,148,640,0,40,0
2026-05-11,5,VaxCare Trung Mỹ Tây,2,Vắc xin Viêm gan B (Hepatitis B),1,3,30,4.8,1420,350000,0,5,0,9,257,300,0,40,0
2026-05-11,5,VaxCare Trung Mỹ Tây,3,Vắc xin Bạch hầu – Ho gà – Uốn ván (DTaP/Tdap),2,5,60,4.9,1180,520000,0,5,0,10,219,486,0,40,0
2026-05-11,5,VaxCare Trung Mỹ Tây,4,Vắc xin Bại liệt (IPV),1,4,60,4.8,930,390000,0,5,0,5,226,244,0,40,0
2026-05-11,5,VaxCare Trung Mỹ Tây,5,Vắc xin Hib (Haemophilus influenzae type b),1,3,60,4.9,760,420000,0,5,0,7,223,567,0,40,0
2026-05-11,5,VaxCare Trung Mỹ Tây,6,Vắc xin MMR (Sởi – Quai bị – Rubella),2,2,28,4.9,1050,350000,0,5,0,14,168,359,0,40,0
2026-05-11,5,VaxCare Trung Mỹ Tây,7,Vắc xin Thủy đậu (Varicella),2,2,28,4.8,980,850000,0,5,0,9,121,266,0,40,0
2026-05-11,5,VaxCare Trung Mỹ Tây,8,Vắc xin Phế cầu (Pneumococcal),3,2,60,4.9,1360,1150000,0,5,0,14,102,337,0,40,0
2026-05-11,5,VaxCare Trung Mỹ Tây,9,Vắc xin Viêm não Nhật Bản,2,3,28,4.8,720,450000,0,5,0,8,94,350,0,40,0
2026-05-11,5,VaxCare Trung Mỹ Tây,10,Vắc xin Cúm mùa (Influenza),5,1,365,4.9,2180,450000,0,5,0,17,410,70,1,40,0
2026-05-11,5,VaxCare Trung Mỹ Tây,11,Vắc xin HPV (Human Papillomavirus),2,2,180,4.9,1240,1790000,0,5,0,10,195,615,0,40,0
2026-05-11,5,VaxCare Trung Mỹ Tây,12,Vắc xin COVID-19,3,2,180,4.7,1890,550000,0,5,0,0,201,503,0,40,0
2026-05-11,5,VaxCare Trung Mỹ Tây,13,Vắc xin Zona (Shingrix),4,2,60,4.9,640,3200000,0,5,0,5,61,200,0,40,0
2026-05-11,6,VaxCare Co.opmart Quang Trung,1,Vắc xin BCG (Bacille Calmette–Guérin),1,1,0,4.9,860,250000,0,5,0,10,177,656,0,50,0
2026-05-11,6,VaxCare Co.opmart Quang Trung,2,Vắc xin Viêm gan B (Hepatitis B),1,3,30,4.8,1420,350000,0,5,0,15,410,309,0,50,0
2026-05-11,6,VaxCare Co.opmart Quang Trung,3,Vắc xin Bạch hầu – Ho gà – Uốn ván (DTaP/Tdap),2,5,60,4.9,1180,520000,0,5,0,10,250,295,0,50,0
2026-05-11,6,VaxCare Co.opmart Quang Trung,4,Vắc xin Bại liệt (IPV),1,4,60,4.8,930,390000,0,5,0,11,210,318,0,50,0
2026-05-11,6,VaxCare Co.opmart Quang Trung,5,Vắc xin Hib (Haemophilus influenzae type b),1,3,60,4.9,760,420000,0,5,0,9,145,417,0,50,0
2026-05-11,6,VaxCare Co.opmart Quang Trung,6,Vắc xin MMR (Sởi – Quai bị – Rubella),2,2,28,4.9,1050,350000,0,5,0,10,288,700,0,50,0
2026-05-11,6,VaxCare Co.opmart Quang Trung,7,Vắc xin Thủy đậu (Varicella),2,2,28,4.8,980,850000,0,5,0,11,169,265,0,50,0
2026-05-11,6,VaxCare Co.opmart Quang Trung,8,Vắc xin Phế cầu (Pneumococcal),3,2,60,4.9,1360,1150000,0,5,0,12,95,447,0,50,0
2026-05-11,6,VaxCare Co.opmart Quang Trung,9,Vắc xin Viêm não Nhật Bản,2,3,28,4.8,720,450000,0,5,0,4,106,225,0,50,0
2026-05-11,6,VaxCare Co.opmart Quang Trung,10,Vắc xin Cúm mùa (Influenza),5,1,365,4.9,2180,450000,0,5,0,23,452,86,1,50,0
2026-05-11,6,VaxCare Co.opmart Quang Trung,11,Vắc xin HPV (Human Papillomavirus),2,2,180,4.9,1240,1790000,0,5,0,7,196,331,0,50,0
2026-05-11,6,VaxCare Co.opmart Quang Trung,12,Vắc xin COVID-19,3,2,180,4.7,1890,550000,0,5,0,21,303,262,0,50,0
2026-05-11,6,VaxCare Co.opmart Quang Trung,13,Vắc xin Zona (Shingrix),4,2,60,4.9,640,3200000,0,5,0,1,58,348,0,50,0
2026-05-11,7,VaxCare Oriental Plaza,1,Vắc xin BCG (Bacille Calmette–Guérin),1,1,0,4.9,860,250000,0,5,0,11,224,213,0,45,0
2026-05-11,7,VaxCare Oriental Plaza,2,Vắc xin Viêm gan B (Hepatitis B),1,3,30,4.8,1420,350000,0,5,0,17,382,204,0,45,0
2026-05-11,7,VaxCare Oriental Plaza,3,Vắc xin Bạch hầu – Ho gà – Uốn ván (DTaP/Tdap),2,5,60,4.9,1180,520000,0,5,0,15,235,510,0,45,0
2026-05-11,7,VaxCare Oriental Plaza,4,Vắc xin Bại liệt (IPV),1,4,60,4.8,930,390000,0,5,0,9,175,374,0,45,0
2026-05-11,7,VaxCare Oriental Plaza,5,Vắc xin Hib (Haemophilus influenzae type b),1,3,60,4.9,760,420000,0,5,0,9,196,560,0,45,0
2026-05-11,7,VaxCare Oriental Plaza,6,Vắc xin MMR (Sởi – Quai bị – Rubella),2,2,28,4.9,1050,350000,0,5,0,10,217,333,0,45,0
2026-05-11,7,VaxCare Oriental Plaza,7,Vắc xin Thủy đậu (Varicella),2,2,28,4.8,980,850000,0,5,0,6,164,297,0,45,0
2026-05-11,7,VaxCare Oriental Plaza,8,Vắc xin Phế cầu (Pneumococcal),3,2,60,4.9,1360,1150000,0,5,0,9,116,479,0,45,0
2026-05-11,7,VaxCare Oriental Plaza,9,Vắc xin Viêm não Nhật Bản,2,3,28,4.8,720,450000,0,5,0,6,123,331,0,45,0
2026-05-11,7,VaxCare Oriental Plaza,10,Vắc xin Cúm mùa (Influenza),5,1,365,4.9,2180,450000,0,5,0,30,481,155,0,45,0
2026-05-11,7,VaxCare Oriental Plaza,11,Vắc xin HPV (Human Papillomavirus),2,2,180,4.9,1240,1790000,0,5,0,11,168,359,0,45,0
2026-05-11,7,VaxCare Oriental Plaza,12,Vắc xin COVID-19,3,2,180,4.7,1890,550000,0,5,0,13,315,223,0,45,0
2026-05-11,7,VaxCare Oriental Plaza,13,Vắc xin Zona (Shingrix),4,2,60,4.9,640,3200000,0,5,0,5,20,699,0,45,1
2026-05-11,8,VaxCare Hóc Môn - Đông Thạnh,1,Vắc xin BCG (Bacille Calmette–Guérin),1,1,0,4.9,860,250000,0,5,0,6,159,230,0,30,0
2026-05-11,8,VaxCare Hóc Môn - Đông Thạnh,2,Vắc xin Viêm gan B (Hepatitis B),1,3,30,4.8,1420,350000,0,5,0,8,155,566,0,30,0
2026-05-11,8,VaxCare Hóc Môn - Đông Thạnh,3,Vắc xin Bạch hầu – Ho gà – Uốn ván (DTaP/Tdap),2,5,60,4.9,1180,520000,0,5,0,6,112,550,0,30,0
2026-05-11,8,VaxCare Hóc Môn - Đông Thạnh,4,Vắc xin Bại liệt (IPV),1,4,60,4.8,930,390000,0,5,0,6,173,333,0,30,0
2026-05-11,8,VaxCare Hóc Môn - Đông Thạnh,5,Vắc xin Hib (Haemophilus influenzae type b),1,3,60,4.9,760,420000,0,5,0,6,135,602,0,30,0
2026-05-11,8,VaxCare Hóc Môn - Đông Thạnh,6,Vắc xin MMR (Sởi – Quai bị – Rubella),2,2,28,4.9,1050,350000,0,5,0,6,148,413,0,30,0
2026-05-11,8,VaxCare Hóc Môn - Đông Thạnh,7,Vắc xin Thủy đậu (Varicella),2,2,28,4.8,980,850000,0,5,0,7,127,230,0,30,0
2026-05-11,8,VaxCare Hóc Môn - Đông Thạnh,8,Vắc xin Phế cầu (Pneumococcal),3,2,60,4.9,1360,1150000,0,5,0,9,78,564,0,30,0
2026-05-11,8,VaxCare Hóc Môn - Đông Thạnh,9,Vắc xin Viêm não Nhật Bản,2,3,28,4.8,720,450000,0,5,0,3,121,661,0,30,0
2026-05-11,8,VaxCare Hóc Môn - Đông Thạnh,10,Vắc xin Cúm mùa (Influenza),5,1,365,4.9,2180,450000,0,5,0,26,266,135,0,30,0
2026-05-11,8,VaxCare Hóc Môn - Đông Thạnh,11,Vắc xin HPV (Human Papillomavirus),2,2,180,4.9,1240,1790000,0,5,0,8,115,543,0,30,0
2026-05-11,8,VaxCare Hóc Môn - Đông Thạnh,12,Vắc xin COVID-19,3,2,180,4.7,1890,550000,0,5,0,6,257,369,0,30,0
2026-05-11,8,VaxCare Hóc Môn - Đông Thạnh,13,Vắc xin Zona (Shingrix),4,2,60,4.9,640,3200000,0,5,0,3,38,228,0,30,0
2026-05-11,9,VaxCare Hiệp Bình,1,Vắc xin BCG (Bacille Calmette–Guérin),1,1,0,4.9,860,250000,0,5,0,11,253,307,0,40,0
2026-05-11,9,VaxCare Hiệp Bình,2,Vắc xin Viêm gan B (Hepatitis B),1,3,30,4.8,1420,350000,0,5,0,15,387,444,0,40,0
2026-05-11,9,VaxCare Hiệp Bình,3,Vắc xin Bạch hầu – Ho gà – Uốn ván (DTaP/Tdap),2,5,60,4.9,1180,520000,0,5,0,10,250,665,0,40,0
2026-05-11,9,VaxCare Hiệp Bình,4,Vắc xin Bại liệt (IPV),1,4,60,4.8,930,390000,0,5,0,8,219,378,0,40,0
2026-05-11,9,VaxCare Hiệp Bình,5,Vắc xin Hib (Haemophilus influenzae type b),1,3,60,4.9,760,420000,0,5,0,7,178,245,0,40,0
2026-05-11,9,VaxCare Hiệp Bình,6,Vắc xin MMR (Sởi – Quai bị – Rubella),2,2,28,4.9,1050,350000,0,5,0,10,235,247,0,40,0
2026-05-11,9,VaxCare Hiệp Bình,7,Vắc xin Thủy đậu (Varicella),2,2,28,4.8,980,850000,0,5,0,10,96,482,0,40,0
2026-05-11,9,VaxCare Hiệp Bình,8,Vắc xin Phế cầu (Pneumococcal),3,2,60,4.9,1360,1150000,0,5,0,12,101,484,0,40,0
2026-05-11,9,VaxCare Hiệp Bình,9,Vắc xin Viêm não Nhật Bản,2,3,28,4.8,720,450000,0,5,0,5,102,313,0,40,0
2026-05-11,9,VaxCare Hiệp Bình,10,Vắc xin Cúm mùa (Influenza),5,1,365,4.9,2180,450000,0,5,0,19,419,56,1,40,0
2026-05-11,9,VaxCare Hiệp Bình,11,Vắc xin HPV (Human Papillomavirus),2,2,180,4.9,1240,1790000,0,5,0,8,126,653,0,40,0
2026-05-11,9,VaxCare Hiệp Bình,12,Vắc xin COVID-19,3,2,180,4.7,1890,550000,0,5,0,19,306,579,0,40,0
2026-05-11,9,VaxCare Hiệp Bình,13,Vắc xin Zona (Shingrix),4,2,60,4.9,640,3200000,0,5,0,3,48,477,0,40,0
2026-05-11,10,VaxCare Tân Định,1,Vắc xin BCG (Bacille Calmette–Guérin),1,1,0,4.9,860,250000,0,5,0,6,314,592,0,50,0
2026-05-11,10,VaxCare Tân Định,2,Vắc xin Viêm gan B (Hepatitis B),1,3,30,4.8,1420,350000,0,5,0,12,407,371,0,50,0
2026-05-11,10,VaxCare Tân Định,3,Vắc xin Bạch hầu – Ho gà – Uốn ván (DTaP/Tdap),2,5,60,4.9,1180,520000,0,5,0,8,220,266,0,50,0
2026-05-11,10,VaxCare Tân Định,4,Vắc xin Bại liệt (IPV),1,4,60,4.8,930,390000,0,5,0,7,235,466,0,50,0
2026-05-11,10,VaxCare Tân Định,5,Vắc xin Hib (Haemophilus influenzae type b),1,3,60,4.9,760,420000,0,5,0,10,280,411,0,50,0
2026-05-11,10,VaxCare Tân Định,6,Vắc xin MMR (Sởi – Quai bị – Rubella),2,2,28,4.9,1050,350000,0,5,0,11,320,692,0,50,0
2026-05-11,10,VaxCare Tân Định,7,Vắc xin Thủy đậu (Varicella),2,2,28,4.8,980,850000,0,5,0,10,148,317,0,50,0
2026-05-11,10,VaxCare Tân Định,8,Vắc xin Phế cầu (Pneumococcal),3,2,60,4.9,1360,1150000,0,5,0,13,130,528,0,50,0
2026-05-11,10,VaxCare Tân Định,9,Vắc xin Viêm não Nhật Bản,2,3,28,4.8,720,450000,0,5,0,8,114,424,0,50,0
2026-05-11,10,VaxCare Tân Định,10,Vắc xin Cúm mùa (Influenza),5,1,365,4.9,2180,450000,0,5,0,26,458,120,0,50,0
2026-05-11,10,VaxCare Tân Định,11,Vắc xin HPV (Human Papillomavirus),2,2,180,4.9,1240,1790000,0,5,0,12,154,502,0,50,0
2026-05-11,10,VaxCare Tân Định,12,Vắc xin COVID-19,3,2,180,4.7,1890,550000,0,5,0,23,391,407,0,50,0
2026-05-11,10,VaxCare Tân Định,13,Vắc xin Zona (Shingrix),4,2,60,4.9,640,3200000,0,5,0,8,80,276,0,50,0
2026-05-11,11,VaxCare An Lạc,1,Vắc xin BCG (Bacille Calmette–Guérin),1,1,0,4.9,860,250000,0,5,0,6,234,657,0,40,0
2026-05-11,11,VaxCare An Lạc,2,Vắc xin Viêm gan B (Hepatitis B),1,3,30,4.8,1420,350000,0,5,0,10,367,229,0,40,0
2026-05-11,11,VaxCare An Lạc,3,Vắc xin Bạch hầu – Ho gà – Uốn ván (DTaP/Tdap),2,5,60,4.9,1180,520000,0,5,0,9,202,273,0,40,0
2026-05-11,11,VaxCare An Lạc,4,Vắc xin Bại liệt (IPV),1,4,60,4.8,930,390000,0,5,0,6,233,401,0,40,0
2026-05-11,11,VaxCare An Lạc,5,Vắc xin Hib (Haemophilus influenzae type b),1,3,60,4.9,760,420000,0,5,0,6,134,220,0,40,0
2026-05-11,11,VaxCare An Lạc,6,Vắc xin MMR (Sởi – Quai bị – Rubella),2,2,28,4.9,1050,350000,0,5,0,8,332,258,0,40,0
2026-05-11,11,VaxCare An Lạc,7,Vắc xin Thủy đậu (Varicella),2,2,28,4.8,980,850000,0,5,0,8,163,515,0,40,0
2026-05-11,11,VaxCare An Lạc,8,Vắc xin Phế cầu (Pneumococcal),3,2,60,4.9,1360,1150000,0,5,0,11,137,692,0,40,0
2026-05-11,11,VaxCare An Lạc,9,Vắc xin Viêm não Nhật Bản,2,3,28,4.8,720,450000,0,5,0,4,148,369,0,40,0
2026-05-11,11,VaxCare An Lạc,10,Vắc xin Cúm mùa (Influenza),5,1,365,4.9,2180,450000,0,5,0,26,427,37,1,40,0
2026-05-11,11,VaxCare An Lạc,11,Vắc xin HPV (Human Papillomavirus),2,2,180,4.9,1240,1790000,0,5,0,7,173,604,0,40,0
2026-05-11,11,VaxCare An Lạc,12,Vắc xin COVID-19,3,2,180,4.7,1890,550000,0,5,0,12,223,193,0,40,0
2026-05-11,11,VaxCare An Lạc,13,Vắc xin Zona (Shingrix),4,2,60,4.9,640,3200000,0,5,0,5,27,663,0,40,1
2026-05-11,12,VaxCare Phú Thuận,1,Vắc xin BCG (Bacille Calmette–Guérin),1,1,0,4.9,860,250000,0,5,0,8,217,470,0,35,0
2026-05-11,12,VaxCare Phú Thuận,2,Vắc xin Viêm gan B (Hepatitis B),1,3,30,4.8,1420,350000,0,5,0,14,390,605,0,35,0
2026-05-11,12,VaxCare Phú Thuận,3,Vắc xin Bạch hầu – Ho gà – Uốn ván (DTaP/Tdap),2,5,60,4.9,1180,520000,0,5,0,8,241,556,0,35,0
2026-05-11,12,VaxCare Phú Thuận,4,Vắc xin Bại liệt (IPV),1,4,60,4.8,930,390000,0,5,0,6,210,239,0,35,0
2026-05-11,12,VaxCare Phú Thuận,5,Vắc xin Hib (Haemophilus influenzae type b),1,3,60,4.9,760,420000,0,5,0,8,166,306,0,35,0
2026-05-11,12,VaxCare Phú Thuận,6,Vắc xin MMR (Sởi – Quai bị – Rubella),2,2,28,4.9,1050,350000,0,5,0,10,290,479,0,35,0
2026-05-11,12,VaxCare Phú Thuận,7,Vắc xin Thủy đậu (Varicella),2,2,28,4.8,980,850000,0,5,0,9,99,668,0,35,0
2026-05-11,12,VaxCare Phú Thuận,8,Vắc xin Phế cầu (Pneumococcal),3,2,60,4.9,1360,1150000,0,5,0,11,105,322,0,35,0
2026-05-11,12,VaxCare Phú Thuận,9,Vắc xin Viêm não Nhật Bản,2,3,28,4.8,720,450000,0,5,0,8,116,354,0,35,0
2026-05-11,12,VaxCare Phú Thuận,10,Vắc xin Cúm mùa (Influenza),5,1,365,4.9,2180,450000,0,5,0,20,553,185,0,35,0
2026-05-11,12,VaxCare Phú Thuận,11,Vắc xin HPV (Human Papillomavirus),2,2,180,4.9,1240,1790000,0,5,0,8,163,425,0,35,0
2026-05-11,12,VaxCare Phú Thuận,12,Vắc xin COVID-19,3,2,180,4.7,1890,550000,0,5,0,22,254,608,0,35,0
2026-05-11,12,VaxCare Phú Thuận,13,Vắc xin Zona (Shingrix),4,2,60,4.9,640,3200000,0,5,0,7,22,481,0,35,1
2026-05-12,1,VaxCare Phú Nhuận,1,Vắc xin BCG (Bacille Calmette–Guérin),1,1,0,4.9,860,250000,1,5,0,7,195,223,0,50,0
2026-05-12,1,VaxCare Phú Nhuận,2,Vắc xin Viêm gan B (Hepatitis B),1,3,30,4.8,1420,350000,1,5,0,14,449,525,0,50,0
2026-05-12,1,VaxCare Phú Nhuận,3,Vắc xin Bạch hầu – Ho gà – Uốn ván (DTaP/Tdap),2,5,60,4.9,1180,520000,1,5,0,13,172,625,0,50,0
2026-05-12,1,VaxCare Phú Nhuận,4,Vắc xin Bại liệt (IPV),1,4,60,4.8,930,390000,1,5,0,5,325,278,0,50,0
2026-05-12,1,VaxCare Phú Nhuận,5,Vắc xin Hib (Haemophilus influenzae type b),1,3,60,4.9,760,420000,1,5,0,10,170,198,0,50,0
2026-05-12,1,VaxCare Phú Nhuận,6,Vắc xin MMR (Sởi – Quai bị – Rubella),2,2,28,4.9,1050,350000,1,5,0,14,356,388,0,50,0
2026-05-12,1,VaxCare Phú Nhuận,7,Vắc xin Thủy đậu (Varicella),2,2,28,4.8,980,850000,1,5,0,10,130,270,0,50,0
2026-05-12,1,VaxCare Phú Nhuận,8,Vắc xin Phế cầu (Pneumococcal),3,2,60,4.9,1360,1150000,1,5,0,14,144,337,0,50,0
2026-05-12,1,VaxCare Phú Nhuận,9,Vắc xin Viêm não Nhật Bản,2,3,28,4.8,720,450000,1,5,0,10,167,397,0,50,0
2026-05-12,1,VaxCare Phú Nhuận,10,Vắc xin Cúm mùa (Influenza),5,1,365,4.9,2180,450000,1,5,0,26,445,85,1,50,0
2026-05-12,1,VaxCare Phú Nhuận,11,Vắc xin HPV (Human Papillomavirus),2,2,180,4.9,1240,1790000,1,5,0,7,151,233,0,50,0
2026-05-12,1,VaxCare Phú Nhuận,12,Vắc xin COVID-19,3,2,180,4.7,1890,550000,1,5,0,27,370,291,0,50,0
2026-05-12,1,VaxCare Phú Nhuận,13,Vắc xin Zona (Shingrix),4,2,60,4.9,640,3200000,1,5,0,6,45,326,0,50,1
2026-05-12,2,VaxCare Thủ Đức - Bình Chiểu,1,Vắc xin BCG (Bacille Calmette–Guérin),1,1,0,4.9,860,250000,1,5,0,9,224,221,0,40,0
2026-05-12,2,VaxCare Thủ Đức - Bình Chiểu,2,Vắc xin Viêm gan B (Hepatitis B),1,3,30,4.8,1420,350000,1,5,0,22,242,185,0,40,0
2026-05-12,2,VaxCare Thủ Đức - Bình Chiểu,3,Vắc xin Bạch hầu – Ho gà – Uốn ván (DTaP/Tdap),2,5,60,4.9,1180,520000,1,5,0,11,216,378,0,40,0
2026-05-12,2,VaxCare Thủ Đức - Bình Chiểu,4,Vắc xin Bại liệt (IPV),1,4,60,4.8,930,390000,1,5,0,5,198,319,0,40,0
2026-05-12,2,VaxCare Thủ Đức - Bình Chiểu,5,Vắc xin Hib (Haemophilus influenzae type b),1,3,60,4.9,760,420000,1,5,0,7,171,563,0,40,0
2026-05-12,2,VaxCare Thủ Đức - Bình Chiểu,6,Vắc xin MMR (Sởi – Quai bị – Rubella),2,2,28,4.9,1050,350000,1,5,0,10,273,284,0,40,0
2026-05-12,2,VaxCare Thủ Đức - Bình Chiểu,7,Vắc xin Thủy đậu (Varicella),2,2,28,4.8,980,850000,1,5,0,12,136,198,0,40,0
2026-05-12,2,VaxCare Thủ Đức - Bình Chiểu,8,Vắc xin Phế cầu (Pneumococcal),3,2,60,4.9,1360,1150000,1,5,0,12,117,557,0,40,0
2026-05-12,2,VaxCare Thủ Đức - Bình Chiểu,9,Vắc xin Viêm não Nhật Bản,2,3,28,4.8,720,450000,1,5,0,6,182,476,0,40,0
2026-05-12,2,VaxCare Thủ Đức - Bình Chiểu,10,Vắc xin Cúm mùa (Influenza),5,1,365,4.9,2180,450000,1,5,0,11,410,145,0,40,0
2026-05-12,2,VaxCare Thủ Đức - Bình Chiểu,11,Vắc xin HPV (Human Papillomavirus),2,2,180,4.9,1240,1790000,1,5,0,13,207,610,0,40,0
2026-05-12,2,VaxCare Thủ Đức - Bình Chiểu,12,Vắc xin COVID-19,3,2,180,4.7,1890,550000,1,5,0,3,302,483,0,40,0
2026-05-12,2,VaxCare Thủ Đức - Bình Chiểu,13,Vắc xin Zona (Shingrix),4,2,60,4.9,640,3200000,1,5,0,5,37,482,0,40,1
2026-05-12,3,VaxCare Nowzone,1,Vắc xin BCG (Bacille Calmette–Guérin),1,1,0,4.9,860,250000,1,5,0,5,203,573,0,60,0
2026-05-12,3,VaxCare Nowzone,2,Vắc xin Viêm gan B (Hepatitis B),1,3,30,4.8,1420,350000,1,5,0,15,381,518,0,60,0
2026-05-12,3,VaxCare Nowzone,3,Vắc xin Bạch hầu – Ho gà – Uốn ván (DTaP/Tdap),2,5,60,4.9,1180,520000,1,5,0,11,210,692,0,60,0
2026-05-12,3,VaxCare Nowzone,4,Vắc xin Bại liệt (IPV),1,4,60,4.8,930,390000,1,5,0,8,293,374,0,60,0
2026-05-12,3,VaxCare Nowzone,5,Vắc xin Hib (Haemophilus influenzae type b),1,3,60,4.9,760,420000,1,5,0,7,165,324,0,60,0
2026-05-12,3,VaxCare Nowzone,6,Vắc xin MMR (Sởi – Quai bị – Rubella),2,2,28,4.9,1050,350000,1,5,0,12,319,236,0,60,0
2026-05-12,3,VaxCare Nowzone,7,Vắc xin Thủy đậu (Varicella),2,2,28,4.8,980,850000,1,5,0,9,165,664,0,60,0
2026-05-12,3,VaxCare Nowzone,8,Vắc xin Phế cầu (Pneumococcal),3,2,60,4.9,1360,1150000,1,5,0,12,103,607,0,60,0
2026-05-12,3,VaxCare Nowzone,9,Vắc xin Viêm não Nhật Bản,2,3,28,4.8,720,450000,1,5,0,6,200,632,0,60,0
2026-05-12,3,VaxCare Nowzone,10,Vắc xin Cúm mùa (Influenza),5,1,365,4.9,2180,450000,1,5,0,22,451,173,0,60,0
2026-05-12,3,VaxCare Nowzone,11,Vắc xin HPV (Human Papillomavirus),2,2,180,4.9,1240,1790000,1,5,0,13,239,405,0,60,0
2026-05-12,3,VaxCare Nowzone,12,Vắc xin COVID-19,3,2,180,4.7,1890,550000,1,5,0,17,282,429,0,60,0
2026-05-12,3,VaxCare Nowzone,13,Vắc xin Zona (Shingrix),4,2,60,4.9,640,3200000,1,5,0,7,92,197,0,60,0
2026-05-12,4,VaxCare Củ Chi - Bình Mỹ,1,Vắc xin BCG (Bacille Calmette–Guérin),1,1,0,4.9,860,250000,1,5,0,7,173,532,0,30,0
2026-05-12,4,VaxCare Củ Chi - Bình Mỹ,2,Vắc xin Viêm gan B (Hepatitis B),1,3,30,4.8,1420,350000,1,5,0,12,294,624,0,30,0
2026-05-12,4,VaxCare Củ Chi - Bình Mỹ,3,Vắc xin Bạch hầu – Ho gà – Uốn ván (DTaP/Tdap),2,5,60,4.9,1180,520000,1,5,0,8,131,547,0,30,0
2026-05-12,4,VaxCare Củ Chi - Bình Mỹ,4,Vắc xin Bại liệt (IPV),1,4,60,4.8,930,390000,1,5,0,5,163,452,0,30,0
2026-05-12,4,VaxCare Củ Chi - Bình Mỹ,5,Vắc xin Hib (Haemophilus influenzae type b),1,3,60,4.9,760,420000,1,5,0,5,89,567,0,30,0
2026-05-12,4,VaxCare Củ Chi - Bình Mỹ,6,Vắc xin MMR (Sởi – Quai bị – Rubella),2,2,28,4.9,1050,350000,1,5,0,10,179,195,0,30,0
2026-05-12,4,VaxCare Củ Chi - Bình Mỹ,7,Vắc xin Thủy đậu (Varicella),2,2,28,4.8,980,850000,1,5,0,5,72,329,0,30,0
2026-05-12,4,VaxCare Củ Chi - Bình Mỹ,8,Vắc xin Phế cầu (Pneumococcal),3,2,60,4.9,1360,1150000,1,5,0,8,76,524,0,30,0
2026-05-12,4,VaxCare Củ Chi - Bình Mỹ,9,Vắc xin Viêm não Nhật Bản,2,3,28,4.8,720,450000,1,5,0,4,122,376,0,30,0
2026-05-12,4,VaxCare Củ Chi - Bình Mỹ,10,Vắc xin Cúm mùa (Influenza),5,1,365,4.9,2180,450000,1,5,0,13,392,68,1,30,0
2026-05-12,4,VaxCare Củ Chi - Bình Mỹ,11,Vắc xin HPV (Human Papillomavirus),2,2,180,4.9,1240,1790000,1,5,0,7,95,458,0,30,0
2026-05-12,4,VaxCare Củ Chi - Bình Mỹ,12,Vắc xin COVID-19,3,2,180,4.7,1890,550000,1,5,0,15,215,348,0,30,0
2026-05-12,4,VaxCare Củ Chi - Bình Mỹ,13,Vắc xin Zona (Shingrix),4,2,60,4.9,640,3200000,1,5,0,3,28,186,0,30,1
2026-05-12,5,VaxCare Trung Mỹ Tây,1,Vắc xin BCG (Bacille Calmette–Guérin),1,1,0,4.9,860,250000,1,5,0,9,229,580,0,40,0
2026-05-12,5,VaxCare Trung Mỹ Tây,2,Vắc xin Viêm gan B (Hepatitis B),1,3,30,4.8,1420,350000,1,5,0,15,351,236,0,40,0
2026-05-12,5,VaxCare Trung Mỹ Tây,3,Vắc xin Bạch hầu – Ho gà – Uốn ván (DTaP/Tdap),2,5,60,4.9,1180,520000,1,5,0,10,136,386,0,40,0
2026-05-12,5,VaxCare Trung Mỹ Tây,4,Vắc xin Bại liệt (IPV),1,4,60,4.8,930,390000,1,5,0,10,171,522,0,40,0
2026-05-12,5,VaxCare Trung Mỹ Tây,5,Vắc xin Hib (Haemophilus influenzae type b),1,3,60,4.9,760,420000,1,5,0,5,218,247,0,40,0
2026-05-12,5,VaxCare Trung Mỹ Tây,6,Vắc xin MMR (Sởi – Quai bị – Rubella),2,2,28,4.9,1050,350000,1,5,0,9,257,465,0,40,0
2026-05-12,5,VaxCare Trung Mỹ Tây,7,Vắc xin Thủy đậu (Varicella),2,2,28,4.8,980,850000,1,5,0,7,125,509,0,40,0
2026-05-12,5,VaxCare Trung Mỹ Tây,8,Vắc xin Phế cầu (Pneumococcal),3,2,60,4.9,1360,1150000,1,5,0,12,62,361,0,40,0
2026-05-12,5,VaxCare Trung Mỹ Tây,9,Vắc xin Viêm não Nhật Bản,2,3,28,4.8,720,450000,1,5,0,3,155,633,0,40,0
2026-05-12,5,VaxCare Trung Mỹ Tây,10,Vắc xin Cúm mùa (Influenza),5,1,365,4.9,2180,450000,1,5,0,18,503,124,0,40,0
2026-05-12,5,VaxCare Trung Mỹ Tây,11,Vắc xin HPV (Human Papillomavirus),2,2,180,4.9,1240,1790000,1,5,0,10,122,197,0,40,0
2026-05-12,5,VaxCare Trung Mỹ Tây,12,Vắc xin COVID-19,3,2,180,4.7,1890,550000,1,5,0,33,311,468,0,40,0
2026-05-12,5,VaxCare Trung Mỹ Tây,13,Vắc xin Zona (Shingrix),4,2,60,4.9,640,3200000,1,5,0,4,74,639,0,40,0
2026-05-12,6,VaxCare Co.opmart Quang Trung,1,Vắc xin BCG (Bacille Calmette–Guérin),1,1,0,4.9,860,250000,1,5,0,6,260,601,0,50,0
2026-05-12,6,VaxCare Co.opmart Quang Trung,2,Vắc xin Viêm gan B (Hepatitis B),1,3,30,4.8,1420,350000,1,5,0,16,342,199,0,50,0
2026-05-12,6,VaxCare Co.opmart Quang Trung,3,Vắc xin Bạch hầu – Ho gà – Uốn ván (DTaP/Tdap),2,5,60,4.9,1180,520000,1,5,0,9,223,683,0,50,0
2026-05-12,6,VaxCare Co.opmart Quang Trung,4,Vắc xin Bại liệt (IPV),1,4,60,4.8,930,390000,1,5,0,6,218,228,0,50,0
2026-05-12,6,VaxCare Co.opmart Quang Trung,5,Vắc xin Hib (Haemophilus influenzae type b),1,3,60,4.9,760,420000,1,5,0,7,258,449,0,50,0
2026-05-12,6,VaxCare Co.opmart Quang Trung,6,Vắc xin MMR (Sởi – Quai bị – Rubella),2,2,28,4.9,1050,350000,1,5,0,13,169,379,0,50,0
2026-05-12,6,VaxCare Co.opmart Quang Trung,7,Vắc xin Thủy đậu (Varicella),2,2,28,4.8,980,850000,1,5,0,7,85,271,0,50,0
2026-05-12,6,VaxCare Co.opmart Quang Trung,8,Vắc xin Phế cầu (Pneumococcal),3,2,60,4.9,1360,1150000,1,5,0,10,109,355,0,50,0
2026-05-12,6,VaxCare Co.opmart Quang Trung,9,Vắc xin Viêm não Nhật Bản,2,3,28,4.8,720,450000,1,5,0,8,72,658,0,50,0
2026-05-12,6,VaxCare Co.opmart Quang Trung,10,Vắc xin Cúm mùa (Influenza),5,1,365,4.9,2180,450000,1,5,0,28,502,32,1,50,0
2026-05-12,6,VaxCare Co.opmart Quang Trung,11,Vắc xin HPV (Human Papillomavirus),2,2,180,4.9,1240,1790000,1,5,0,12,145,284,0,50,0
2026-05-12,6,VaxCare Co.opmart Quang Trung,12,Vắc xin COVID-19,3,2,180,4.7,1890,550000,1,5,0,13,198,568,0,50,0
2026-05-12,6,VaxCare Co.opmart Quang Trung,13,Vắc xin Zona (Shingrix),4,2,60,4.9,640,3200000,1,5,0,4,16,505,0,50,1
2026-05-12,7,VaxCare Oriental Plaza,1,Vắc xin BCG (Bacille Calmette–Guérin),1,1,0,4.9,860,250000,1,5,0,4,161,533,0,45,0
2026-05-12,7,VaxCare Oriental Plaza,2,Vắc xin Viêm gan B (Hepatitis B),1,3,30,4.8,1420,350000,1,5,0,12,286,638,0,45,0
2026-05-12,7,VaxCare Oriental Plaza,3,Vắc xin Bạch hầu – Ho gà – Uốn ván (DTaP/Tdap),2,5,60,4.9,1180,520000,1,5,0,8,135,450,0,45,0
2026-05-12,7,VaxCare Oriental Plaza,4,Vắc xin Bại liệt (IPV),1,4,60,4.8,930,390000,1,5,0,9,231,510,0,45,0
2026-05-12,7,VaxCare Oriental Plaza,5,Vắc xin Hib (Haemophilus influenzae type b),1,3,60,4.9,760,420000,1,5,0,8,114,224,0,45,0
2026-05-12,7,VaxCare Oriental Plaza,6,Vắc xin MMR (Sởi – Quai bị – Rubella),2,2,28,4.9,1050,350000,1,5,0,11,335,462,0,45,0
2026-05-12,7,VaxCare Oriental Plaza,7,Vắc xin Thủy đậu (Varicella),2,2,28,4.8,980,850000,1,5,0,6,125,642,0,45,0
2026-05-12,7,VaxCare Oriental Plaza,8,Vắc xin Phế cầu (Pneumococcal),3,2,60,4.9,1360,1150000,1,5,0,10,60,587,0,45,0
2026-05-12,7,VaxCare Oriental Plaza,9,Vắc xin Viêm não Nhật Bản,2,3,28,4.8,720,450000,1,5,0,7,124,654,0,45,0
2026-05-12,7,VaxCare Oriental Plaza,10,Vắc xin Cúm mùa (Influenza),5,1,365,4.9,2180,450000,1,5,0,22,526,161,0,45,0
2026-05-12,7,VaxCare Oriental Plaza,11,Vắc xin HPV (Human Papillomavirus),2,2,180,4.9,1240,1790000,1,5,0,7,123,194,0,45,0
2026-05-12,7,VaxCare Oriental Plaza,12,Vắc xin COVID-19,3,2,180,4.7,1890,550000,1,5,0,20,336,366,0,45,0
2026-05-12,7,VaxCare Oriental Plaza,13,Vắc xin Zona (Shingrix),4,2,60,4.9,640,3200000,1,5,0,5,39,609,0,45,1
2026-05-12,8,VaxCare Hóc Môn - Đông Thạnh,1,Vắc xin BCG (Bacille Calmette–Guérin),1,1,0,4.9,860,250000,1,5,0,6,135,683,0,30,0
2026-05-12,8,VaxCare Hóc Môn - Đông Thạnh,2,Vắc xin Viêm gan B (Hepatitis B),1,3,30,4.8,1420,350000,1,5,0,8,242,616,0,30,0
2026-05-12,8,VaxCare Hóc Môn - Đông Thạnh,3,Vắc xin Bạch hầu – Ho gà – Uốn ván (DTaP/Tdap),2,5,60,4.9,1180,520000,1,5,0,9,178,428,0,30,0
2026-05-12,8,VaxCare Hóc Môn - Đông Thạnh,4,Vắc xin Bại liệt (IPV),1,4,60,4.8,930,390000,1,5,0,5,196,506,0,30,0
2026-05-12,8,VaxCare Hóc Môn - Đông Thạnh,5,Vắc xin Hib (Haemophilus influenzae type b),1,3,60,4.9,760,420000,1,5,0,7,114,640,0,30,0
2026-05-12,8,VaxCare Hóc Môn - Đông Thạnh,6,Vắc xin MMR (Sởi – Quai bị – Rubella),2,2,28,4.9,1050,350000,1,5,0,3,252,618,0,30,0
2026-05-12,8,VaxCare Hóc Môn - Đông Thạnh,7,Vắc xin Thủy đậu (Varicella),2,2,28,4.8,980,850000,1,5,0,6,107,669,0,30,0
2026-05-12,8,VaxCare Hóc Môn - Đông Thạnh,8,Vắc xin Phế cầu (Pneumococcal),3,2,60,4.9,1360,1150000,1,5,0,6,59,421,0,30,0
2026-05-12,8,VaxCare Hóc Môn - Đông Thạnh,9,Vắc xin Viêm não Nhật Bản,2,3,28,4.8,720,450000,1,5,0,6,124,195,0,30,0
2026-05-12,8,VaxCare Hóc Môn - Đông Thạnh,10,Vắc xin Cúm mùa (Influenza),5,1,365,4.9,2180,450000,1,5,0,23,341,168,0,30,0
2026-05-12,8,VaxCare Hóc Môn - Đông Thạnh,11,Vắc xin HPV (Human Papillomavirus),2,2,180,4.9,1240,1790000,1,5,0,6,88,409,0,30,0
2026-05-12,8,VaxCare Hóc Môn - Đông Thạnh,12,Vắc xin COVID-19,3,2,180,4.7,1890,550000,1,5,0,9,214,343,0,30,0
2026-05-12,8,VaxCare Hóc Môn - Đông Thạnh,13,Vắc xin Zona (Shingrix),4,2,60,4.9,640,3200000,1,5,0,4,17,554,0,30,1
2026-05-12,9,VaxCare Hiệp Bình,1,Vắc xin BCG (Bacille Calmette–Guérin),1,1,0,4.9,860,250000,1,5,0,5,158,638,0,40,0
2026-05-12,9,VaxCare Hiệp Bình,2,Vắc xin Viêm gan B (Hepatitis B),1,3,30,4.8,1420,350000,1,5,0,14,377,333,0,40,0
2026-05-12,9,VaxCare Hiệp Bình,3,Vắc xin Bạch hầu – Ho gà – Uốn ván (DTaP/Tdap),2,5,60,4.9,1180,520000,1,5,0,11,210,322,0,40,0
2026-05-12,9,VaxCare Hiệp Bình,4,Vắc xin Bại liệt (IPV),1,4,60,4.8,930,390000,1,5,0,8,173,220,0,40,0
2026-05-12,9,VaxCare Hiệp Bình,5,Vắc xin Hib (Haemophilus influenzae type b),1,3,60,4.9,760,420000,1,5,0,6,175,620,0,40,0
2026-05-12,9,VaxCare Hiệp Bình,6,Vắc xin MMR (Sởi – Quai bị – Rubella),2,2,28,4.9,1050,350000,1,5,0,5,276,196,0,40,0
2026-05-12,9,VaxCare Hiệp Bình,7,Vắc xin Thủy đậu (Varicella),2,2,28,4.8,980,850000,1,5,0,10,159,518,0,40,0
2026-05-12,9,VaxCare Hiệp Bình,8,Vắc xin Phế cầu (Pneumococcal),3,2,60,4.9,1360,1150000,1,5,0,12,122,623,0,40,0
2026-05-12,9,VaxCare Hiệp Bình,9,Vắc xin Viêm não Nhật Bản,2,3,28,4.8,720,450000,1,5,0,6,150,478,0,40,0
2026-05-12,9,VaxCare Hiệp Bình,10,Vắc xin Cúm mùa (Influenza),5,1,365,4.9,2180,450000,1,5,0,22,511,116,0,40,0
2026-05-12,9,VaxCare Hiệp Bình,11,Vắc xin HPV (Human Papillomavirus),2,2,180,4.9,1240,1790000,1,5,0,9,213,266,0,40,0
2026-05-12,9,VaxCare Hiệp Bình,12,Vắc xin COVID-19,3,2,180,4.7,1890,550000,1,5,0,24,226,699,0,40,0
2026-05-12,9,VaxCare Hiệp Bình,13,Vắc xin Zona (Shingrix),4,2,60,4.9,640,3200000,1,5,0,4,77,631,0,40,0
2026-05-12,10,VaxCare Tân Định,1,Vắc xin BCG (Bacille Calmette–Guérin),1,1,0,4.9,860,250000,1,5,0,9,196,591,0,50,0
2026-05-12,10,VaxCare Tân Định,2,Vắc xin Viêm gan B (Hepatitis B),1,3,30,4.8,1420,350000,1,5,0,16,324,371,0,50,0
2026-05-12,10,VaxCare Tân Định,3,Vắc xin Bạch hầu – Ho gà – Uốn ván (DTaP/Tdap),2,5,60,4.9,1180,520000,1,5,0,11,141,569,0,50,0
2026-05-12,10,VaxCare Tân Định,4,Vắc xin Bại liệt (IPV),1,4,60,4.8,930,390000,1,5,0,10,307,652,0,50,0
2026-05-12,10,VaxCare Tân Định,5,Vắc xin Hib (Haemophilus influenzae type b),1,3,60,4.9,760,420000,1,5,0,8,192,333,0,50,0
2026-05-12,10,VaxCare Tân Định,6,Vắc xin MMR (Sởi – Quai bị – Rubella),2,2,28,4.9,1050,350000,1,5,0,10,336,689,0,50,0
2026-05-12,10,VaxCare Tân Định,7,Vắc xin Thủy đậu (Varicella),2,2,28,4.8,980,850000,1,5,0,7,168,507,0,50,0
2026-05-12,10,VaxCare Tân Định,8,Vắc xin Phế cầu (Pneumococcal),3,2,60,4.9,1360,1150000,1,5,0,12,117,219,0,50,0
2026-05-12,10,VaxCare Tân Định,9,Vắc xin Viêm não Nhật Bản,2,3,28,4.8,720,450000,1,5,0,7,165,180,0,50,0
2026-05-12,10,VaxCare Tân Định,10,Vắc xin Cúm mùa (Influenza),5,1,365,4.9,2180,450000,1,5,0,33,530,190,0,50,0
2026-05-12,10,VaxCare Tân Định,11,Vắc xin HPV (Human Papillomavirus),2,2,180,4.9,1240,1790000,1,5,0,8,197,455,0,50,0
2026-05-12,10,VaxCare Tân Định,12,Vắc xin COVID-19,3,2,180,4.7,1890,550000,1,5,0,16,381,579,0,50,0
2026-05-12,10,VaxCare Tân Định,13,Vắc xin Zona (Shingrix),4,2,60,4.9,640,3200000,1,5,0,5,60,647,0,50,0
2026-05-12,11,VaxCare An Lạc,1,Vắc xin BCG (Bacille Calmette–Guérin),1,1,0,4.9,860,250000,1,5,0,9,252,307,0,40,0
2026-05-12,11,VaxCare An Lạc,2,Vắc xin Viêm gan B (Hepatitis B),1,3,30,4.8,1420,350000,1,5,0,13,269,530,0,40,0
2026-05-12,11,VaxCare An Lạc,3,Vắc xin Bạch hầu – Ho gà – Uốn ván (DTaP/Tdap),2,5,60,4.9,1180,520000,1,5,0,13,218,366,0,40,0
2026-05-12,11,VaxCare An Lạc,4,Vắc xin Bại liệt (IPV),1,4,60,4.8,930,390000,1,5,0,8,245,583,0,40,0
2026-05-12,11,VaxCare An Lạc,5,Vắc xin Hib (Haemophilus influenzae type b),1,3,60,4.9,760,420000,1,5,0,6,150,481,0,40,0
2026-05-12,11,VaxCare An Lạc,6,Vắc xin MMR (Sởi – Quai bị – Rubella),2,2,28,4.9,1050,350000,1,5,0,10,220,316,0,40,0
2026-05-12,11,VaxCare An Lạc,7,Vắc xin Thủy đậu (Varicella),2,2,28,4.8,980,850000,1,5,0,10,151,580,0,40,0
2026-05-12,11,VaxCare An Lạc,8,Vắc xin Phế cầu (Pneumococcal),3,2,60,4.9,1360,1150000,1,5,0,13,109,285,0,40,0
2026-05-12,11,VaxCare An Lạc,9,Vắc xin Viêm não Nhật Bản,2,3,28,4.8,720,450000,1,5,0,8,108,261,0,40,0
2026-05-12,11,VaxCare An Lạc,10,Vắc xin Cúm mùa (Influenza),5,1,365,4.9,2180,450000,1,5,0,22,507,166,0,40,0
2026-05-12,11,VaxCare An Lạc,11,Vắc xin HPV (Human Papillomavirus),2,2,180,4.9,1240,1790000,1,5,0,9,157,531,0,40,0
2026-05-12,11,VaxCare An Lạc,12,Vắc xin COVID-19,3,2,180,4.7,1890,550000,1,5,0,21,256,406,0,40,0
2026-05-12,11,VaxCare An Lạc,13,Vắc xin Zona (Shingrix),4,2,60,4.9,640,3200000,1,5,0,3,68,558,0,40,0
2026-05-12,12,VaxCare Phú Thuận,1,Vắc xin BCG (Bacille Calmette–Guérin),1,1,0,4.9,860,250000,1,5,0,7,191,580,0,35,0
2026-05-12,12,VaxCare Phú Thuận,2,Vắc xin Viêm gan B (Hepatitis B),1,3,30,4.8,1420,350000,1,5,0,14,310,681,0,35,0
2026-05-12,12,VaxCare Phú Thuận,3,Vắc xin Bạch hầu – Ho gà – Uốn ván (DTaP/Tdap),2,5,60,4.9,1180,520000,1,5,0,8,180,512,0,35,0
2026-05-12,12,VaxCare Phú Thuận,4,Vắc xin Bại liệt (IPV),1,4,60,4.8,930,390000,1,5,0,11,158,679,0,35,0
2026-05-12,12,VaxCare Phú Thuận,5,Vắc xin Hib (Haemophilus influenzae type b),1,3,60,4.9,760,420000,1,5,0,9,198,409,0,35,0
2026-05-12,12,VaxCare Phú Thuận,6,Vắc xin MMR (Sởi – Quai bị – Rubella),2,2,28,4.9,1050,350000,1,5,0,9,185,302,0,35,0
2026-05-12,12,VaxCare Phú Thuận,7,Vắc xin Thủy đậu (Varicella),2,2,28,4.8,980,850000,1,5,0,6,166,672,0,35,0
2026-05-12,12,VaxCare Phú Thuận,8,Vắc xin Phế cầu (Pneumococcal),3,2,60,4.9,1360,1150000,1,5,0,12,91,383,0,35,0
2026-05-12,12,VaxCare Phú Thuận,9,Vắc xin Viêm não Nhật Bản,2,3,28,4.8,720,450000,1,5,0,5,120,421,0,35,0
2026-05-12,12,VaxCare Phú Thuận,10,Vắc xin Cúm mùa (Influenza),5,1,365,4.9,2180,450000,1,5,0,22,419,123,0,35,0
2026-05-12,12,VaxCare Phú Thuận,11,Vắc xin HPV (Human Papillomavirus),2,2,180,4.9,1240,1790000,1,5,0,15,115,513,0,35,0
2026-05-12,12,VaxCare Phú Thuận,12,Vắc xin COVID-19,3,2,180,4.7,1890,550000,1,5,0,11,251,515,0,35,0
2026-05-12,12,VaxCare Phú Thuận,13,Vắc xin Zona (Shingrix),4,2,60,4.9,640,3200000,1,5,0,4,58,357,0,35,0
2026-05-13,1,VaxCare Phú Nhuận,1,Vắc xin BCG (Bacille Calmette–Guérin),1,1,0,4.9,860,250000,2,5,0,8,239,667,0,50,0
2026-05-13,1,VaxCare Phú Nhuận,2,Vắc xin Viêm gan B (Hepatitis B),1,3,30,4.8,1420,350000,2,5,0,13,412,616,0,50,0
2026-05-13,1,VaxCare Phú Nhuận,3,Vắc xin Bạch hầu – Ho gà – Uốn ván (DTaP/Tdap),2,5,60,4.9,1180,520000,2,5,0,10,195,196,0,50,0
2026-05-13,1,VaxCare Phú Nhuận,4,Vắc xin Bại liệt (IPV),1,4,60,4.8,930,390000,2,5,0,14,288,291,0,50,0
2026-05-13,1,VaxCare Phú Nhuận,5,Vắc xin Hib (Haemophilus influenzae type b),1,3,60,4.9,760,420000,2,5,0,8,189,542,0,50,0
2026-05-13,1,VaxCare Phú Nhuận,6,Vắc xin MMR (Sởi – Quai bị – Rubella),2,2,28,4.9,1050,350000,2,5,0,14,226,304,0,50,0
2026-05-13,1,VaxCare Phú Nhuận,7,Vắc xin Thủy đậu (Varicella),2,2,28,4.8,980,850000,2,5,0,12,154,241,0,50,0
2026-05-13,1,VaxCare Phú Nhuận,8,Vắc xin Phế cầu (Pneumococcal),3,2,60,4.9,1360,1150000,2,5,0,7,130,669,0,50,0
2026-05-13,1,VaxCare Phú Nhuận,9,Vắc xin Viêm não Nhật Bản,2,3,28,4.8,720,450000,2,5,0,6,83,420,0,50,0
2026-05-13,1,VaxCare Phú Nhuận,10,Vắc xin Cúm mùa (Influenza),5,1,365,4.9,2180,450000,2,5,0,16,639,71,1,50,0
2026-05-13,1,VaxCare Phú Nhuận,11,Vắc xin HPV (Human Papillomavirus),2,2,180,4.9,1240,1790000,2,5,0,4,221,618,0,50,0
2026-05-13,1,VaxCare Phú Nhuận,12,Vắc xin COVID-19,3,2,180,4.7,1890,550000,2,5,0,23,299,698,0,50,0
2026-05-13,1,VaxCare Phú Nhuận,13,Vắc xin Zona (Shingrix),4,2,60,4.9,640,3200000,2,5,0,5,44,632,0,50,1
2026-05-13,2,VaxCare Thủ Đức - Bình Chiểu,1,Vắc xin BCG (Bacille Calmette–Guérin),1,1,0,4.9,860,250000,2,5,0,11,187,684,0,40,0
2026-05-13,2,VaxCare Thủ Đức - Bình Chiểu,2,Vắc xin Viêm gan B (Hepatitis B),1,3,30,4.8,1420,350000,2,5,0,15,347,466,0,40,0
2026-05-13,2,VaxCare Thủ Đức - Bình Chiểu,3,Vắc xin Bạch hầu – Ho gà – Uốn ván (DTaP/Tdap),2,5,60,4.9,1180,520000,2,5,0,4,197,612,0,40,0
2026-05-13,2,VaxCare Thủ Đức - Bình Chiểu,4,Vắc xin Bại liệt (IPV),1,4,60,4.8,930,390000,2,5,0,7,268,474,0,40,0
2026-05-13,2,VaxCare Thủ Đức - Bình Chiểu,5,Vắc xin Hib (Haemophilus influenzae type b),1,3,60,4.9,760,420000,2,5,0,6,148,301,0,40,0
2026-05-13,2,VaxCare Thủ Đức - Bình Chiểu,6,Vắc xin MMR (Sởi – Quai bị – Rubella),2,2,28,4.9,1050,350000,2,5,0,11,295,206,0,40,0
2026-05-13,2,VaxCare Thủ Đức - Bình Chiểu,7,Vắc xin Thủy đậu (Varicella),2,2,28,4.8,980,850000,2,5,0,3,108,223,0,40,0
2026-05-13,2,VaxCare Thủ Đức - Bình Chiểu,8,Vắc xin Phế cầu (Pneumococcal),3,2,60,4.9,1360,1150000,2,5,0,12,63,415,0,40,0
2026-05-13,2,VaxCare Thủ Đức - Bình Chiểu,9,Vắc xin Viêm não Nhật Bản,2,3,28,4.8,720,450000,2,5,0,8,119,422,0,40,0
2026-05-13,2,VaxCare Thủ Đức - Bình Chiểu,10,Vắc xin Cúm mùa (Influenza),5,1,365,4.9,2180,450000,2,5,0,19,407,113,0,40,0
2026-05-13,2,VaxCare Thủ Đức - Bình Chiểu,11,Vắc xin HPV (Human Papillomavirus),2,2,180,4.9,1240,1790000,2,5,0,7,201,185,0,40,0
2026-05-13,2,VaxCare Thủ Đức - Bình Chiểu,12,Vắc xin COVID-19,3,2,180,4.7,1890,550000,2,5,0,25,210,388,0,40,0
2026-05-13,2,VaxCare Thủ Đức - Bình Chiểu,13,Vắc xin Zona (Shingrix),4,2,60,4.9,640,3200000,2,5,0,3,42,366,0,40,0
2026-05-13,3,VaxCare Nowzone,1,Vắc xin BCG (Bacille Calmette–Guérin),1,1,0,4.9,860,250000,2,5,0,12,268,471,0,60,0
2026-05-13,3,VaxCare Nowzone,2,Vắc xin Viêm gan B (Hepatitis B),1,3,30,4.8,1420,350000,2,5,0,19,406,682,0,60,0
2026-05-13,3,VaxCare Nowzone,3,Vắc xin Bạch hầu – Ho gà – Uốn ván (DTaP/Tdap),2,5,60,4.9,1180,520000,2,5,0,14,181,639,0,60,0
2026-05-13,3,VaxCare Nowzone,4,Vắc xin Bại liệt (IPV),1,4,60,4.8,930,390000,2,5,0,14,287,479,0,60,0
2026-05-13,3,VaxCare Nowzone,5,Vắc xin Hib (Haemophilus influenzae type b),1,3,60,4.9,760,420000,2,5,0,8,241,186,0,60,0
2026-05-13,3,VaxCare Nowzone,6,Vắc xin MMR (Sởi – Quai bị – Rubella),2,2,28,4.9,1050,350000,2,5,0,13,235,474,0,60,0
2026-05-13,3,VaxCare Nowzone,7,Vắc xin Thủy đậu (Varicella),2,2,28,4.8,980,850000,2,5,0,9,147,403,0,60,0
2026-05-13,3,VaxCare Nowzone,8,Vắc xin Phế cầu (Pneumococcal),3,2,60,4.9,1360,1150000,2,5,0,12,141,288,0,60,0
2026-05-13,3,VaxCare Nowzone,9,Vắc xin Viêm não Nhật Bản,2,3,28,4.8,720,450000,2,5,0,8,152,309,0,60,0
2026-05-13,3,VaxCare Nowzone,10,Vắc xin Cúm mùa (Influenza),5,1,365,4.9,2180,450000,2,5,0,21,469,31,1,60,0
2026-05-13,3,VaxCare Nowzone,11,Vắc xin HPV (Human Papillomavirus),2,2,180,4.9,1240,1790000,2,5,0,10,202,566,0,60,0
2026-05-13,3,VaxCare Nowzone,12,Vắc xin COVID-19,3,2,180,4.7,1890,550000,2,5,0,21,370,430,0,60,0
2026-05-13,3,VaxCare Nowzone,13,Vắc xin Zona (Shingrix),4,2,60,4.9,640,3200000,2,5,0,5,32,388,0,60,1
2026-05-13,4,VaxCare Củ Chi - Bình Mỹ,1,Vắc xin BCG (Bacille Calmette–Guérin),1,1,0,4.9,860,250000,2,5,0,7,159,204,0,30,0
2026-05-13,4,VaxCare Củ Chi - Bình Mỹ,2,Vắc xin Viêm gan B (Hepatitis B),1,3,30,4.8,1420,350000,2,5,0,6,212,269,0,30,0
2026-05-13,4,VaxCare Củ Chi - Bình Mỹ,3,Vắc xin Bạch hầu – Ho gà – Uốn ván (DTaP/Tdap),2,5,60,4.9,1180,520000,2,5,0,7,169,365,0,30,0
2026-05-13,4,VaxCare Củ Chi - Bình Mỹ,4,Vắc xin Bại liệt (IPV),1,4,60,4.8,930,390000,2,5,0,5,170,508,0,30,0
2026-05-13,4,VaxCare Củ Chi - Bình Mỹ,5,Vắc xin Hib (Haemophilus influenzae type b),1,3,60,4.9,760,420000,2,5,0,5,110,452,0,30,0
2026-05-13,4,VaxCare Củ Chi - Bình Mỹ,6,Vắc xin MMR (Sởi – Quai bị – Rubella),2,2,28,4.9,1050,350000,2,5,0,7,155,213,0,30,0
2026-05-13,4,VaxCare Củ Chi - Bình Mỹ,7,Vắc xin Thủy đậu (Varicella),2,2,28,4.8,980,850000,2,5,0,4,104,644,0,30,0
2026-05-13,4,VaxCare Củ Chi - Bình Mỹ,8,Vắc xin Phế cầu (Pneumococcal),3,2,60,4.9,1360,1150000,2,5,0,9,75,284,0,30,0
2026-05-13,4,VaxCare Củ Chi - Bình Mỹ,9,Vắc xin Viêm não Nhật Bản,2,3,28,4.8,720,450000,2,5,0,5,94,630,0,30,0
2026-05-13,4,VaxCare Củ Chi - Bình Mỹ,10,Vắc xin Cúm mùa (Influenza),5,1,365,4.9,2180,450000,2,5,0,16,412,46,1,30,0
2026-05-13,4,VaxCare Củ Chi - Bình Mỹ,11,Vắc xin HPV (Human Papillomavirus),2,2,180,4.9,1240,1790000,2,5,0,8,110,633,0,30,0
2026-05-13,4,VaxCare Củ Chi - Bình Mỹ,12,Vắc xin COVID-19,3,2,180,4.7,1890,550000,2,5,0,15,239,370,0,30,0
2026-05-13,4,VaxCare Củ Chi - Bình Mỹ,13,Vắc xin Zona (Shingrix),4,2,60,4.9,640,3200000,2,5,0,3,61,366,0,30,0
2026-05-13,5,VaxCare Trung Mỹ Tây,1,Vắc xin BCG (Bacille Calmette–Guérin),1,1,0,4.9,860,250000,2,5,0,9,193,601,0,40,0
2026-05-13,5,VaxCare Trung Mỹ Tây,2,Vắc xin Viêm gan B (Hepatitis B),1,3,30,4.8,1420,350000,2,5,0,18,400,617,0,40,0
2026-05-13,5,VaxCare Trung Mỹ Tây,3,Vắc xin Bạch hầu – Ho gà – Uốn ván (DTaP/Tdap),2,5,60,4.9,1180,520000,2,5,0,10,246,490,0,40,0
2026-05-13,5,VaxCare Trung Mỹ Tây,4,Vắc xin Bại liệt (IPV),1,4,60,4.8,930,390000,2,5,0,11,177,350,0,40,0
2026-05-13,5,VaxCare Trung Mỹ Tây,5,Vắc xin Hib (Haemophilus influenzae type b),1,3,60,4.9,760,420000,2,5,0,10,164,430,0,40,0
2026-05-13,5,VaxCare Trung Mỹ Tây,6,Vắc xin MMR (Sởi – Quai bị – Rubella),2,2,28,4.9,1050,350000,2,5,0,11,294,495,0,40,0
2026-05-13,5,VaxCare Trung Mỹ Tây,7,Vắc xin Thủy đậu (Varicella),2,2,28,4.8,980,850000,2,5,0,6,132,654,0,40,0
2026-05-13,5,VaxCare Trung Mỹ Tây,8,Vắc xin Phế cầu (Pneumococcal),3,2,60,4.9,1360,1150000,2,5,0,10,80,345,0,40,0
2026-05-13,5,VaxCare Trung Mỹ Tây,9,Vắc xin Viêm não Nhật Bản,2,3,28,4.8,720,450000,2,5,0,7,127,200,0,40,0
2026-05-13,5,VaxCare Trung Mỹ Tây,10,Vắc xin Cúm mùa (Influenza),5,1,365,4.9,2180,450000,2,5,0,21,479,177,0,40,0
2026-05-13,5,VaxCare Trung Mỹ Tây,11,Vắc xin HPV (Human Papillomavirus),2,2,180,4.9,1240,1790000,2,5,0,9,173,299,0,40,0
2026-05-13,5,VaxCare Trung Mỹ Tây,12,Vắc xin COVID-19,3,2,180,4.7,1890,550000,2,5,0,25,207,629,0,40,0
2026-05-13,5,VaxCare Trung Mỹ Tây,13,Vắc xin Zona (Shingrix),4,2,60,4.9,640,3200000,2,5,0,3,41,251,0,40,0
2026-05-13,6,VaxCare Co.opmart Quang Trung,1,Vắc xin BCG (Bacille Calmette–Guérin),1,1,0,4.9,860,250000,2,5,0,9,164,659,0,50,0
2026-05-13,6,VaxCare Co.opmart Quang Trung,2,Vắc xin Viêm gan B (Hepatitis B),1,3,30,4.8,1420,350000,2,5,0,16,344,295,0,50,0
2026-05-13,6,VaxCare Co.opmart Quang Trung,3,Vắc xin Bạch hầu – Ho gà – Uốn ván (DTaP/Tdap),2,5,60,4.9,1180,520000,2,5,0,10,143,428,0,50,0
2026-05-13,6,VaxCare Co.opmart Quang Trung,4,Vắc xin Bại liệt (IPV),1,4,60,4.8,930,390000,2,5,0,7,194,280,0,50,0
2026-05-13,6,VaxCare Co.opmart Quang Trung,5,Vắc xin Hib (Haemophilus influenzae type b),1,3,60,4.9,760,420000,2,5,0,7,135,235,0,50,0
2026-05-13,6,VaxCare Co.opmart Quang Trung,6,Vắc xin MMR (Sởi – Quai bị – Rubella),2,2,28,4.9,1050,350000,2,5,0,8,251,225,0,50,0
2026-05-13,6,VaxCare Co.opmart Quang Trung,7,Vắc xin Thủy đậu (Varicella),2,2,28,4.8,980,850000,2,5,0,7,99,656,0,50,0
2026-05-13,6,VaxCare Co.opmart Quang Trung,8,Vắc xin Phế cầu (Pneumococcal),3,2,60,4.9,1360,1150000,2,5,0,12,72,395,0,50,0
2026-05-13,6,VaxCare Co.opmart Quang Trung,9,Vắc xin Viêm não Nhật Bản,2,3,28,4.8,720,450000,2,5,0,7,133,545,0,50,0
2026-05-13,6,VaxCare Co.opmart Quang Trung,10,Vắc xin Cúm mùa (Influenza),5,1,365,4.9,2180,450000,2,5,0,26,361,40,1,50,0
2026-05-13,6,VaxCare Co.opmart Quang Trung,11,Vắc xin HPV (Human Papillomavirus),2,2,180,4.9,1240,1790000,2,5,0,10,120,421,0,50,0
2026-05-13,6,VaxCare Co.opmart Quang Trung,12,Vắc xin COVID-19,3,2,180,4.7,1890,550000,2,5,0,16,352,508,0,50,0
2026-05-13,6,VaxCare Co.opmart Quang Trung,13,Vắc xin Zona (Shingrix),4,2,60,4.9,640,3200000,2,5,0,3,53,346,0,50,0
2026-05-13,7,VaxCare Oriental Plaza,1,Vắc xin BCG (Bacille Calmette–Guérin),1,1,0,4.9,860,250000,2,5,0,9,278,332,0,45,0
2026-05-13,7,VaxCare Oriental Plaza,2,Vắc xin Viêm gan B (Hepatitis B),1,3,30,4.8,1420,350000,2,5,0,12,349,536,0,45,0
2026-05-13,7,VaxCare Oriental Plaza,3,Vắc xin Bạch hầu – Ho gà – Uốn ván (DTaP/Tdap),2,5,60,4.9,1180,520000,2,5,0,10,220,383,0,45,0
2026-05-13,7,VaxCare Oriental Plaza,4,Vắc xin Bại liệt (IPV),1,4,60,4.8,930,390000,2,5,0,7,199,381,0,45,0
2026-05-13,7,VaxCare Oriental Plaza,5,Vắc xin Hib (Haemophilus influenzae type b),1,3,60,4.9,760,420000,2,5,0,8,205,264,0,45,0
2026-05-13,7,VaxCare Oriental Plaza,6,Vắc xin MMR (Sởi – Quai bị – Rubella),2,2,28,4.9,1050,350000,2,5,0,5,181,297,0,45,0
2026-05-13,7,VaxCare Oriental Plaza,7,Vắc xin Thủy đậu (Varicella),2,2,28,4.8,980,850000,2,5,0,9,127,334,0,45,0
2026-05-13,7,VaxCare Oriental Plaza,8,Vắc xin Phế cầu (Pneumococcal),3,2,60,4.9,1360,1150000,2,5,0,11,115,341,0,45,0
2026-05-13,7,VaxCare Oriental Plaza,9,Vắc xin Viêm não Nhật Bản,2,3,28,4.8,720,450000,2,5,0,8,73,657,0,45,0
2026-05-13,7,VaxCare Oriental Plaza,10,Vắc xin Cúm mùa (Influenza),5,1,365,4.9,2180,450000,2,5,0,12,530,59,1,45,0
2026-05-13,7,VaxCare Oriental Plaza,11,Vắc xin HPV (Human Papillomavirus),2,2,180,4.9,1240,1790000,2,5,0,9,174,295,0,45,0
2026-05-13,7,VaxCare Oriental Plaza,12,Vắc xin COVID-19,3,2,180,4.7,1890,550000,2,5,0,15,258,365,0,45,0
2026-05-13,7,VaxCare Oriental Plaza,13,Vắc xin Zona (Shingrix),4,2,60,4.9,640,3200000,2,5,0,4,54,319,0,45,0
2026-05-13,8,VaxCare Hóc Môn - Đông Thạnh,1,Vắc xin BCG (Bacille Calmette–Guérin),1,1,0,4.9,860,250000,2,5,0,6,156,382,0,30,0
2026-05-13,8,VaxCare Hóc Môn - Đông Thạnh,2,Vắc xin Viêm gan B (Hepatitis B),1,3,30,4.8,1420,350000,2,5,0,9,275,480,0,30,0
2026-05-13,8,VaxCare Hóc Môn - Đông Thạnh,3,Vắc xin Bạch hầu – Ho gà – Uốn ván (DTaP/Tdap),2,5,60,4.9,1180,520000,2,5,0,8,124,525,0,30,0
2026-05-13,8,VaxCare Hóc Môn - Đông Thạnh,4,Vắc xin Bại liệt (IPV),1,4,60,4.8,930,390000,2,5,0,8,152,363,0,30,0
2026-05-13,8,VaxCare Hóc Môn - Đông Thạnh,5,Vắc xin Hib (Haemophilus influenzae type b),1,3,60,4.9,760,420000,2,5,0,7,132,286,0,30,0
2026-05-13,8,VaxCare Hóc Môn - Đông Thạnh,6,Vắc xin MMR (Sởi – Quai bị – Rubella),2,2,28,4.9,1050,350000,2,5,0,8,133,282,0,30,0
2026-05-13,8,VaxCare Hóc Môn - Đông Thạnh,7,Vắc xin Thủy đậu (Varicella),2,2,28,4.8,980,850000,2,5,0,8,100,584,0,30,0
2026-05-13,8,VaxCare Hóc Môn - Đông Thạnh,8,Vắc xin Phế cầu (Pneumococcal),3,2,60,4.9,1360,1150000,2,5,0,5,72,188,0,30,0
2026-05-13,8,VaxCare Hóc Môn - Đông Thạnh,9,Vắc xin Viêm não Nhật Bản,2,3,28,4.8,720,450000,2,5,0,6,73,333,0,30,0
2026-05-13,8,VaxCare Hóc Môn - Đông Thạnh,10,Vắc xin Cúm mùa (Influenza),5,1,365,4.9,2180,450000,2,5,0,17,341,34,1,30,0
2026-05-13,8,VaxCare Hóc Môn - Đông Thạnh,11,Vắc xin HPV (Human Papillomavirus),2,2,180,4.9,1240,1790000,2,5,0,6,152,555,0,30,0
2026-05-13,8,VaxCare Hóc Môn - Đông Thạnh,12,Vắc xin COVID-19,3,2,180,4.7,1890,550000,2,5,0,16,255,569,0,30,0
2026-05-13,8,VaxCare Hóc Môn - Đông Thạnh,13,Vắc xin Zona (Shingrix),4,2,60,4.9,640,3200000,2,5,0,3,73,181,0,30,0
2026-05-13,9,VaxCare Hiệp Bình,1,Vắc xin BCG (Bacille Calmette–Guérin),1,1,0,4.9,860,250000,2,5,0,7,270,533,0,40,0
2026-05-13,9,VaxCare Hiệp Bình,2,Vắc xin Viêm gan B (Hepatitis B),1,3,30,4.8,1420,350000,2,5,0,16,213,279,0,40,0
2026-05-13,9,VaxCare Hiệp Bình,3,Vắc xin Bạch hầu – Ho gà – Uốn ván (DTaP/Tdap),2,5,60,4.9,1180,520000,2,5,0,11,132,325,0,40,0
2026-05-13,9,VaxCare Hiệp Bình,4,Vắc xin Bại liệt (IPV),1,4,60,4.8,930,390000,2,5,0,7,161,514,0,40,0
2026-05-13,9,VaxCare Hiệp Bình,5,Vắc xin Hib (Haemophilus influenzae type b),1,3,60,4.9,760,420000,2,5,0,8,161,313,0,40,0
2026-05-13,9,VaxCare Hiệp Bình,6,Vắc xin MMR (Sởi – Quai bị – Rubella),2,2,28,4.9,1050,350000,2,5,0,6,223,256,0,40,0
2026-05-13,9,VaxCare Hiệp Bình,7,Vắc xin Thủy đậu (Varicella),2,2,28,4.8,980,850000,2,5,0,11,152,324,0,40,0
2026-05-13,9,VaxCare Hiệp Bình,8,Vắc xin Phế cầu (Pneumococcal),3,2,60,4.9,1360,1150000,2,5,0,13,136,306,0,40,0
2026-05-13,9,VaxCare Hiệp Bình,9,Vắc xin Viêm não Nhật Bản,2,3,28,4.8,720,450000,2,5,0,4,116,416,0,40,0
2026-05-13,9,VaxCare Hiệp Bình,10,Vắc xin Cúm mùa (Influenza),5,1,365,4.9,2180,450000,2,5,0,30,468,72,1,40,0
2026-05-13,9,VaxCare Hiệp Bình,11,Vắc xin HPV (Human Papillomavirus),2,2,180,4.9,1240,1790000,2,5,0,9,185,267,0,40,0
2026-05-13,9,VaxCare Hiệp Bình,12,Vắc xin COVID-19,3,2,180,4.7,1890,550000,2,5,0,5,274,413,0,40,0
2026-05-13,9,VaxCare Hiệp Bình,13,Vắc xin Zona (Shingrix),4,2,60,4.9,640,3200000,2,5,0,2,35,289,0,40,1
2026-05-13,10,VaxCare Tân Định,1,Vắc xin BCG (Bacille Calmette–Guérin),1,1,0,4.9,860,250000,2,5,0,11,216,187,0,50,0
2026-05-13,10,VaxCare Tân Định,2,Vắc xin Viêm gan B (Hepatitis B),1,3,30,4.8,1420,350000,2,5,0,12,284,435,0,50,0
2026-05-13,10,VaxCare Tân Định,3,Vắc xin Bạch hầu – Ho gà – Uốn ván (DTaP/Tdap),2,5,60,4.9,1180,520000,2,5,0,10,189,551,0,50,0
2026-05-13,10,VaxCare Tân Định,4,Vắc xin Bại liệt (IPV),1,4,60,4.8,930,390000,2,5,0,10,280,642,0,50,0
2026-05-13,10,VaxCare Tân Định,5,Vắc xin Hib (Haemophilus influenzae type b),1,3,60,4.9,760,420000,2,5,0,9,193,246,0,50,0
2026-05-13,10,VaxCare Tân Định,6,Vắc xin MMR (Sởi – Quai bị – Rubella),2,2,28,4.9,1050,350000,2,5,0,12,262,471,0,50,0
2026-05-13,10,VaxCare Tân Định,7,Vắc xin Thủy đậu (Varicella),2,2,28,4.8,980,850000,2,5,0,8,145,437,0,50,0
2026-05-13,10,VaxCare Tân Định,8,Vắc xin Phế cầu (Pneumococcal),3,2,60,4.9,1360,1150000,2,5,0,10,114,437,0,50,0
2026-05-13,10,VaxCare Tân Định,9,Vắc xin Viêm não Nhật Bản,2,3,28,4.8,720,450000,2,5,0,6,142,225,0,50,0
2026-05-13,10,VaxCare Tân Định,10,Vắc xin Cúm mùa (Influenza),5,1,365,4.9,2180,450000,2,5,0,26,591,161,0,50,0
2026-05-13,10,VaxCare Tân Định,11,Vắc xin HPV (Human Papillomavirus),2,2,180,4.9,1240,1790000,2,5,0,11,136,602,0,50,0
2026-05-13,10,VaxCare Tân Định,12,Vắc xin COVID-19,3,2,180,4.7,1890,550000,2,5,0,23,337,588,0,50,0
2026-05-13,10,VaxCare Tân Định,13,Vắc xin Zona (Shingrix),4,2,60,4.9,640,3200000,2,5,0,5,72,345,0,50,0
2026-05-13,11,VaxCare An Lạc,1,Vắc xin BCG (Bacille Calmette–Guérin),1,1,0,4.9,860,250000,2,5,0,8,230,193,0,40,0
2026-05-13,11,VaxCare An Lạc,2,Vắc xin Viêm gan B (Hepatitis B),1,3,30,4.8,1420,350000,2,5,0,16,305,289,0,40,0
2026-05-13,11,VaxCare An Lạc,3,Vắc xin Bạch hầu – Ho gà – Uốn ván (DTaP/Tdap),2,5,60,4.9,1180,520000,2,5,0,11,179,290,0,40,0
2026-05-13,11,VaxCare An Lạc,4,Vắc xin Bại liệt (IPV),1,4,60,4.8,930,390000,2,5,0,10,282,266,0,40,0
2026-05-13,11,VaxCare An Lạc,5,Vắc xin Hib (Haemophilus influenzae type b),1,3,60,4.9,760,420000,2,5,0,6,166,643,0,40,0
2026-05-13,11,VaxCare An Lạc,6,Vắc xin MMR (Sởi – Quai bị – Rubella),2,2,28,4.9,1050,350000,2,5,0,8,214,414,0,40,0
2026-05-13,11,VaxCare An Lạc,7,Vắc xin Thủy đậu (Varicella),2,2,28,4.8,980,850000,2,5,0,11,131,549,0,40,0
2026-05-13,11,VaxCare An Lạc,8,Vắc xin Phế cầu (Pneumococcal),3,2,60,4.9,1360,1150000,2,5,0,10,113,487,0,40,0
2026-05-13,11,VaxCare An Lạc,9,Vắc xin Viêm não Nhật Bản,2,3,28,4.8,720,450000,2,5,0,6,70,296,0,40,0
2026-05-13,11,VaxCare An Lạc,10,Vắc xin Cúm mùa (Influenza),5,1,365,4.9,2180,450000,2,5,0,15,529,174,0,40,0
2026-05-13,11,VaxCare An Lạc,11,Vắc xin HPV (Human Papillomavirus),2,2,180,4.9,1240,1790000,2,5,0,13,149,543,0,40,0
2026-05-13,11,VaxCare An Lạc,12,Vắc xin COVID-19,3,2,180,4.7,1890,550000,2,5,0,8,246,439,0,40,0
2026-05-13,11,VaxCare An Lạc,13,Vắc xin Zona (Shingrix),4,2,60,4.9,640,3200000,2,5,0,5,47,185,0,40,0
2026-05-13,12,VaxCare Phú Thuận,1,Vắc xin BCG (Bacille Calmette–Guérin),1,1,0,4.9,860,250000,2,5,0,5,209,592,0,35,0
2026-05-13,12,VaxCare Phú Thuận,2,Vắc xin Viêm gan B (Hepatitis B),1,3,30,4.8,1420,350000,2,5,0,12,226,627,0,35,0
2026-05-13,12,VaxCare Phú Thuận,3,Vắc xin Bạch hầu – Ho gà – Uốn ván (DTaP/Tdap),2,5,60,4.9,1180,520000,2,5,0,13,204,260,0,35,0
2026-05-13,12,VaxCare Phú Thuận,4,Vắc xin Bại liệt (IPV),1,4,60,4.8,930,390000,2,5,0,12,212,426,0,35,0
2026-05-13,12,VaxCare Phú Thuận,5,Vắc xin Hib (Haemophilus influenzae type b),1,3,60,4.9,760,420000,2,5,0,7,182,212,0,35,0
2026-05-13,12,VaxCare Phú Thuận,6,Vắc xin MMR (Sởi – Quai bị – Rubella),2,2,28,4.9,1050,350000,2,5,0,9,182,604,0,35,0
2026-05-13,12,VaxCare Phú Thuận,7,Vắc xin Thủy đậu (Varicella),2,2,28,4.8,980,850000,2,5,0,9,115,205,0,35,0
2026-05-13,12,VaxCare Phú Thuận,8,Vắc xin Phế cầu (Pneumococcal),3,2,60,4.9,1360,1150000,2,5,0,15,111,637,0,35,0
2026-05-13,12,VaxCare Phú Thuận,9,Vắc xin Viêm não Nhật Bản,2,3,28,4.8,720,450000,2,5,0,7,96,438,0,35,0
2026-05-13,12,VaxCare Phú Thuận,10,Vắc xin Cúm mùa (Influenza),5,1,365,4.9,2180,450000,2,5,0,24,352,90,0,35,0
2026-05-13,12,VaxCare Phú Thuận,11,Vắc xin HPV (Human Papillomavirus),2,2,180,4.9,1240,1790000,2,5,0,8,188,456,0,35,0
2026-05-13,12,VaxCare Phú Thuận,12,Vắc xin COVID-19,3,2,180,4.7,1890,550000,2,5,0,23,265,247,0,35,0
2026-05-13,12,VaxCare Phú Thuận,13,Vắc xin Zona (Shingrix),4,2,60,4.9,640,3200000,2,5,0,3,39,441,0,35,0
2026-05-14,1,VaxCare Phú Nhuận,1,Vắc xin BCG (Bacille Calmette–Guérin),1,1,0,4.9,860,250000,3,5,0,12,298,484,0,50,0
2026-05-14,1,VaxCare Phú Nhuận,2,Vắc xin Viêm gan B (Hepatitis B),1,3,30,4.8,1420,350000,3,5,0,20,363,684,0,50,0
2026-05-14,1,VaxCare Phú Nhuận,3,Vắc xin Bạch hầu – Ho gà – Uốn ván (DTaP/Tdap),2,5,60,4.9,1180,520000,3,5,0,18,248,654,0,50,0
2026-05-14,1,VaxCare Phú Nhuận,4,Vắc xin Bại liệt (IPV),1,4,60,4.8,930,390000,3,5,0,13,271,571,0,50,0
2026-05-14,1,VaxCare Phú Nhuận,5,Vắc xin Hib (Haemophilus influenzae type b),1,3,60,4.9,760,420000,3,5,0,7,203,600,0,50,0
2026-05-14,1,VaxCare Phú Nhuận,6,Vắc xin MMR (Sởi – Quai bị – Rubella),2,2,28,4.9,1050,350000,3,5,0,15,365,401,0,50,0
2026-05-14,1,VaxCare Phú Nhuận,7,Vắc xin Thủy đậu (Varicella),2,2,28,4.8,980,850000,3,5,0,12,170,671,0,50,0
2026-05-14,1,VaxCare Phú Nhuận,8,Vắc xin Phế cầu (Pneumococcal),3,2,60,4.9,1360,1150000,3,5,0,10,110,358,0,50,0
2026-05-14,1,VaxCare Phú Nhuận,9,Vắc xin Viêm não Nhật Bản,2,3,28,4.8,720,450000,3,5,0,8,130,395,0,50,0
2026-05-14,1,VaxCare Phú Nhuận,10,Vắc xin Cúm mùa (Influenza),5,1,365,4.9,2180,450000,3,5,0,0,611,175,0,50,0
2026-05-14,1,VaxCare Phú Nhuận,11,Vắc xin HPV (Human Papillomavirus),2,2,180,4.9,1240,1790000,3,5,0,7,216,195,0,50,0
2026-05-14,1,VaxCare Phú Nhuận,12,Vắc xin COVID-19,3,2,180,4.7,1890,550000,3,5,0,26,219,621,0,50,0
2026-05-14,1,VaxCare Phú Nhuận,13,Vắc xin Zona (Shingrix),4,2,60,4.9,640,3200000,3,5,0,7,67,399,0,50,0
2026-05-14,2,VaxCare Thủ Đức - Bình Chiểu,1,Vắc xin BCG (Bacille Calmette–Guérin),1,1,0,4.9,860,250000,3,5,0,10,196,355,0,40,0
2026-05-14,2,VaxCare Thủ Đức - Bình Chiểu,2,Vắc xin Viêm gan B (Hepatitis B),1,3,30,4.8,1420,350000,3,5,0,14,207,342,0,40,0
2026-05-14,2,VaxCare Thủ Đức - Bình Chiểu,3,Vắc xin Bạch hầu – Ho gà – Uốn ván (DTaP/Tdap),2,5,60,4.9,1180,520000,3,5,0,8,231,445,0,40,0
2026-05-14,2,VaxCare Thủ Đức - Bình Chiểu,4,Vắc xin Bại liệt (IPV),1,4,60,4.8,930,390000,3,5,0,10,172,558,0,40,0
2026-05-14,2,VaxCare Thủ Đức - Bình Chiểu,5,Vắc xin Hib (Haemophilus influenzae type b),1,3,60,4.9,760,420000,3,5,0,4,168,294,0,40,0
2026-05-14,2,VaxCare Thủ Đức - Bình Chiểu,6,Vắc xin MMR (Sởi – Quai bị – Rubella),2,2,28,4.9,1050,350000,3,5,0,11,158,695,0,40,0
2026-05-14,2,VaxCare Thủ Đức - Bình Chiểu,7,Vắc xin Thủy đậu (Varicella),2,2,28,4.8,980,850000,3,5,0,7,139,700,0,40,0
2026-05-14,2,VaxCare Thủ Đức - Bình Chiểu,8,Vắc xin Phế cầu (Pneumococcal),3,2,60,4.9,1360,1150000,3,5,0,13,86,588,0,40,0
2026-05-14,2,VaxCare Thủ Đức - Bình Chiểu,9,Vắc xin Viêm não Nhật Bản,2,3,28,4.8,720,450000,3,5,0,8,141,321,0,40,0
2026-05-14,2,VaxCare Thủ Đức - Bình Chiểu,10,Vắc xin Cúm mùa (Influenza),5,1,365,4.9,2180,450000,3,5,0,17,403,121,0,40,0
2026-05-14,2,VaxCare Thủ Đức - Bình Chiểu,11,Vắc xin HPV (Human Papillomavirus),2,2,180,4.9,1240,1790000,3,5,0,11,169,630,0,40,0
2026-05-14,2,VaxCare Thủ Đức - Bình Chiểu,12,Vắc xin COVID-19,3,2,180,4.7,1890,550000,3,5,0,7,329,191,0,40,0
2026-05-14,2,VaxCare Thủ Đức - Bình Chiểu,13,Vắc xin Zona (Shingrix),4,2,60,4.9,640,3200000,3,5,0,4,82,206,0,40,0
2026-05-14,3,VaxCare Nowzone,1,Vắc xin BCG (Bacille Calmette–Guérin),1,1,0,4.9,860,250000,3,5,0,11,236,665,0,60,0
2026-05-14,3,VaxCare Nowzone,2,Vắc xin Viêm gan B (Hepatitis B),1,3,30,4.8,1420,350000,3,5,0,18,331,373,0,60,0
2026-05-14,3,VaxCare Nowzone,3,Vắc xin Bạch hầu – Ho gà – Uốn ván (DTaP/Tdap),2,5,60,4.9,1180,520000,3,5,0,11,219,592,0,60,0
2026-05-14,3,VaxCare Nowzone,4,Vắc xin Bại liệt (IPV),1,4,60,4.8,930,390000,3,5,0,12,196,691,0,60,0
2026-05-14,3,VaxCare Nowzone,5,Vắc xin Hib (Haemophilus influenzae type b),1,3,60,4.9,760,420000,3,5,0,10,233,349,0,60,0
2026-05-14,3,VaxCare Nowzone,6,Vắc xin MMR (Sởi – Quai bị – Rubella),2,2,28,4.9,1050,350000,3,5,0,8,289,696,0,60,0
2026-05-14,3,VaxCare Nowzone,7,Vắc xin Thủy đậu (Varicella),2,2,28,4.8,980,850000,3,5,0,9,104,668,0,60,0
2026-05-14,3,VaxCare Nowzone,8,Vắc xin Phế cầu (Pneumococcal),3,2,60,4.9,1360,1150000,3,5,0,13,130,224,0,60,0
2026-05-14,3,VaxCare Nowzone,9,Vắc xin Viêm não Nhật Bản,2,3,28,4.8,720,450000,3,5,0,8,159,300,0,60,0
2026-05-14,3,VaxCare Nowzone,10,Vắc xin Cúm mùa (Influenza),5,1,365,4.9,2180,450000,3,5,0,31,503,178,0,60,0
2026-05-14,3,VaxCare Nowzone,11,Vắc xin HPV (Human Papillomavirus),2,2,180,4.9,1240,1790000,3,5,0,9,167,225,0,60,0
2026-05-14,3,VaxCare Nowzone,12,Vắc xin COVID-19,3,2,180,4.7,1890,550000,3,5,0,32,305,679,0,60,0
2026-05-14,3,VaxCare Nowzone,13,Vắc xin Zona (Shingrix),4,2,60,4.9,640,3200000,3,5,0,5,54,566,0,60,1
2026-05-14,4,VaxCare Củ Chi - Bình Mỹ,1,Vắc xin BCG (Bacille Calmette–Guérin),1,1,0,4.9,860,250000,3,5,0,4,130,587,0,30,0
2026-05-14,4,VaxCare Củ Chi - Bình Mỹ,2,Vắc xin Viêm gan B (Hepatitis B),1,3,30,4.8,1420,350000,3,5,0,10,210,611,0,30,0
2026-05-14,4,VaxCare Củ Chi - Bình Mỹ,3,Vắc xin Bạch hầu – Ho gà – Uốn ván (DTaP/Tdap),2,5,60,4.9,1180,520000,3,5,0,8,152,565,0,30,0
2026-05-14,4,VaxCare Củ Chi - Bình Mỹ,4,Vắc xin Bại liệt (IPV),1,4,60,4.8,930,390000,3,5,0,5,157,451,0,30,0
2026-05-14,4,VaxCare Củ Chi - Bình Mỹ,5,Vắc xin Hib (Haemophilus influenzae type b),1,3,60,4.9,760,420000,3,5,0,5,130,452,0,30,0
2026-05-14,4,VaxCare Củ Chi - Bình Mỹ,6,Vắc xin MMR (Sởi – Quai bị – Rubella),2,2,28,4.9,1050,350000,3,5,0,5,162,246,0,30,0
2026-05-14,4,VaxCare Củ Chi - Bình Mỹ,7,Vắc xin Thủy đậu (Varicella),2,2,28,4.8,980,850000,3,5,0,7,99,526,0,30,0
2026-05-14,4,VaxCare Củ Chi - Bình Mỹ,8,Vắc xin Phế cầu (Pneumococcal),3,2,60,4.9,1360,1150000,3,5,0,8,44,544,0,30,0
2026-05-14,4,VaxCare Củ Chi - Bình Mỹ,9,Vắc xin Viêm não Nhật Bản,2,3,28,4.8,720,450000,3,5,0,2,100,596,0,30,0
2026-05-14,4,VaxCare Củ Chi - Bình Mỹ,10,Vắc xin Cúm mùa (Influenza),5,1,365,4.9,2180,450000,3,5,0,21,298,158,0,30,0
2026-05-14,4,VaxCare Củ Chi - Bình Mỹ,11,Vắc xin HPV (Human Papillomavirus),2,2,180,4.9,1240,1790000,3,5,0,5,145,589,0,30,0
2026-05-14,4,VaxCare Củ Chi - Bình Mỹ,12,Vắc xin COVID-19,3,2,180,4.7,1890,550000,3,5,0,25,211,222,0,30,0
2026-05-14,4,VaxCare Củ Chi - Bình Mỹ,13,Vắc xin Zona (Shingrix),4,2,60,4.9,640,3200000,3,5,0,3,44,584,0,30,0
2026-05-14,5,VaxCare Trung Mỹ Tây,1,Vắc xin BCG (Bacille Calmette–Guérin),1,1,0,4.9,860,250000,3,5,0,7,200,249,0,40,0
2026-05-14,5,VaxCare Trung Mỹ Tây,2,Vắc xin Viêm gan B (Hepatitis B),1,3,30,4.8,1420,350000,3,5,0,14,302,487,0,40,0
2026-05-14,5,VaxCare Trung Mỹ Tây,3,Vắc xin Bạch hầu – Ho gà – Uốn ván (DTaP/Tdap),2,5,60,4.9,1180,520000,3,5,0,5,166,434,0,40,0
2026-05-14,5,VaxCare Trung Mỹ Tây,4,Vắc xin Bại liệt (IPV),1,4,60,4.8,930,390000,3,5,0,10,189,597,0,40,0
2026-05-14,5,VaxCare Trung Mỹ Tây,5,Vắc xin Hib (Haemophilus influenzae type b),1,3,60,4.9,760,420000,3,5,0,8,146,597,0,40,0
2026-05-14,5,VaxCare Trung Mỹ Tây,6,Vắc xin MMR (Sởi – Quai bị – Rubella),2,2,28,4.9,1050,350000,3,5,0,12,290,434,0,40,0
2026-05-14,5,VaxCare Trung Mỹ Tây,7,Vắc xin Thủy đậu (Varicella),2,2,28,4.8,980,850000,3,5,0,9,84,276,0,40,0
2026-05-14,5,VaxCare Trung Mỹ Tây,8,Vắc xin Phế cầu (Pneumococcal),3,2,60,4.9,1360,1150000,3,5,0,11,95,548,0,40,0
2026-05-14,5,VaxCare Trung Mỹ Tây,9,Vắc xin Viêm não Nhật Bản,2,3,28,4.8,720,450000,3,5,0,4,149,489,0,40,0
2026-05-14,5,VaxCare Trung Mỹ Tây,10,Vắc xin Cúm mùa (Influenza),5,1,365,4.9,2180,450000,3,5,0,24,452,187,0,40,0
2026-05-14,5,VaxCare Trung Mỹ Tây,11,Vắc xin HPV (Human Papillomavirus),2,2,180,4.9,1240,1790000,3,5,0,9,119,212,0,40,0
2026-05-14,5,VaxCare Trung Mỹ Tây,12,Vắc xin COVID-19,3,2,180,4.7,1890,550000,3,5,0,15,309,208,0,40,0
2026-05-14,5,VaxCare Trung Mỹ Tây,13,Vắc xin Zona (Shingrix),4,2,60,4.9,640,3200000,3,5,0,3,39,244,0,40,1
2026-05-14,6,VaxCare Co.opmart Quang Trung,1,Vắc xin BCG (Bacille Calmette–Guérin),1,1,0,4.9,860,250000,3,5,0,9,203,246,0,50,0
2026-05-14,6,VaxCare Co.opmart Quang Trung,2,Vắc xin Viêm gan B (Hepatitis B),1,3,30,4.8,1420,350000,3,5,0,13,368,444,0,50,0
2026-05-14,6,VaxCare Co.opmart Quang Trung,3,Vắc xin Bạch hầu – Ho gà – Uốn ván (DTaP/Tdap),2,5,60,4.9,1180,520000,3,5,0,6,221,182,0,50,0
2026-05-14,6,VaxCare Co.opmart Quang Trung,4,Vắc xin Bại liệt (IPV),1,4,60,4.8,930,390000,3,5,0,8,234,328,0,50,0
2026-05-14,6,VaxCare Co.opmart Quang Trung,5,Vắc xin Hib (Haemophilus influenzae type b),1,3,60,4.9,760,420000,3,5,0,6,157,457,0,50,0
2026-05-14,6,VaxCare Co.opmart Quang Trung,6,Vắc xin MMR (Sởi – Quai bị – Rubella),2,2,28,4.9,1050,350000,3,5,0,12,268,411,0,50,0
2026-05-14,6,VaxCare Co.opmart Quang Trung,7,Vắc xin Thủy đậu (Varicella),2,2,28,4.8,980,850000,3,5,0,8,159,565,0,50,0
2026-05-14,6,VaxCare Co.opmart Quang Trung,8,Vắc xin Phế cầu (Pneumococcal),3,2,60,4.9,1360,1150000,3,5,0,10,101,434,0,50,0
2026-05-14,6,VaxCare Co.opmart Quang Trung,9,Vắc xin Viêm não Nhật Bản,2,3,28,4.8,720,450000,3,5,0,7,119,630,0,50,0
2026-05-14,6,VaxCare Co.opmart Quang Trung,10,Vắc xin Cúm mùa (Influenza),5,1,365,4.9,2180,450000,3,5,0,33,407,109,0,50,0
2026-05-14,6,VaxCare Co.opmart Quang Trung,11,Vắc xin HPV (Human Papillomavirus),2,2,180,4.9,1240,1790000,3,5,0,10,189,528,0,50,0
2026-05-14,6,VaxCare Co.opmart Quang Trung,12,Vắc xin COVID-19,3,2,180,4.7,1890,550000,3,5,0,13,283,230,0,50,0
2026-05-14,6,VaxCare Co.opmart Quang Trung,13,Vắc xin Zona (Shingrix),4,2,60,4.9,640,3200000,3,5,0,3,52,364,0,50,0
2026-05-14,7,VaxCare Oriental Plaza,1,Vắc xin BCG (Bacille Calmette–Guérin),1,1,0,4.9,860,250000,3,5,0,11,140,432,0,45,0
2026-05-14,7,VaxCare Oriental Plaza,2,Vắc xin Viêm gan B (Hepatitis B),1,3,30,4.8,1420,350000,3,5,0,6,329,225,0,45,0
2026-05-14,7,VaxCare Oriental Plaza,3,Vắc xin Bạch hầu – Ho gà – Uốn ván (DTaP/Tdap),2,5,60,4.9,1180,520000,3,5,0,11,193,260,0,45,0
2026-05-14,7,VaxCare Oriental Plaza,4,Vắc xin Bại liệt (IPV),1,4,60,4.8,930,390000,3,5,0,13,211,584,0,45,0
2026-05-14,7,VaxCare Oriental Plaza,5,Vắc xin Hib (Haemophilus influenzae type b),1,3,60,4.9,760,420000,3,5,0,4,135,600,0,45,0
2026-05-14,7,VaxCare Oriental Plaza,6,Vắc xin MMR (Sởi – Quai bị – Rubella),2,2,28,4.9,1050,350000,3,5,0,7,312,446,0,45,0
2026-05-14,7,VaxCare Oriental Plaza,7,Vắc xin Thủy đậu (Varicella),2,2,28,4.8,980,850000,3,5,0,9,133,677,0,45,0
2026-05-14,7,VaxCare Oriental Plaza,8,Vắc xin Phế cầu (Pneumococcal),3,2,60,4.9,1360,1150000,3,5,0,9,87,488,0,45,0
2026-05-14,7,VaxCare Oriental Plaza,9,Vắc xin Viêm não Nhật Bản,2,3,28,4.8,720,450000,3,5,0,6,134,436,0,45,0
2026-05-14,7,VaxCare Oriental Plaza,10,Vắc xin Cúm mùa (Influenza),5,1,365,4.9,2180,450000,3,5,0,24,380,126,0,45,0
2026-05-14,7,VaxCare Oriental Plaza,11,Vắc xin HPV (Human Papillomavirus),2,2,180,4.9,1240,1790000,3,5,0,10,177,625,0,45,0
2026-05-14,7,VaxCare Oriental Plaza,12,Vắc xin COVID-19,3,2,180,4.7,1890,550000,3,5,0,24,223,514,0,45,0
2026-05-14,7,VaxCare Oriental Plaza,13,Vắc xin Zona (Shingrix),4,2,60,4.9,640,3200000,3,5,0,3,45,194,0,45,0
2026-05-14,8,VaxCare Hóc Môn - Đông Thạnh,1,Vắc xin BCG (Bacille Calmette–Guérin),1,1,0,4.9,860,250000,3,5,0,8,177,613,0,30,0
2026-05-14,8,VaxCare Hóc Môn - Đông Thạnh,2,Vắc xin Viêm gan B (Hepatitis B),1,3,30,4.8,1420,350000,3,5,0,13,263,633,0,30,0
2026-05-14,8,VaxCare Hóc Môn - Đông Thạnh,3,Vắc xin Bạch hầu – Ho gà – Uốn ván (DTaP/Tdap),2,5,60,4.9,1180,520000,3,5,0,10,148,641,0,30,0
2026-05-14,8,VaxCare Hóc Môn - Đông Thạnh,4,Vắc xin Bại liệt (IPV),1,4,60,4.8,930,390000,3,5,0,5,180,506,0,30,0
2026-05-14,8,VaxCare Hóc Môn - Đông Thạnh,5,Vắc xin Hib (Haemophilus influenzae type b),1,3,60,4.9,760,420000,3,5,0,4,183,698,0,30,0
2026-05-14,8,VaxCare Hóc Môn - Đông Thạnh,6,Vắc xin MMR (Sởi – Quai bị – Rubella),2,2,28,4.9,1050,350000,3,5,0,8,234,313,0,30,0
2026-05-14,8,VaxCare Hóc Môn - Đông Thạnh,7,Vắc xin Thủy đậu (Varicella),2,2,28,4.8,980,850000,3,5,0,7,65,594,0,30,0
2026-05-14,8,VaxCare Hóc Môn - Đông Thạnh,8,Vắc xin Phế cầu (Pneumococcal),3,2,60,4.9,1360,1150000,3,5,0,10,92,368,0,30,0
2026-05-14,8,VaxCare Hóc Môn - Đông Thạnh,9,Vắc xin Viêm não Nhật Bản,2,3,28,4.8,720,450000,3,5,0,4,99,476,0,30,0
2026-05-14,8,VaxCare Hóc Môn - Đông Thạnh,10,Vắc xin Cúm mùa (Influenza),5,1,365,4.9,2180,450000,3,5,0,19,250,115,0,30,0
2026-05-14,8,VaxCare Hóc Môn - Đông Thạnh,11,Vắc xin HPV (Human Papillomavirus),2,2,180,4.9,1240,1790000,3,5,0,7,107,234,0,30,0
2026-05-14,8,VaxCare Hóc Môn - Đông Thạnh,12,Vắc xin COVID-19,3,2,180,4.7,1890,550000,3,5,0,10,112,371,0,30,0
2026-05-14,8,VaxCare Hóc Môn - Đông Thạnh,13,Vắc xin Zona (Shingrix),4,2,60,4.9,640,3200000,3,5,0,3,25,365,0,30,1
2026-05-14,9,VaxCare Hiệp Bình,1,Vắc xin BCG (Bacille Calmette–Guérin),1,1,0,4.9,860,250000,3,5,0,5,253,669,0,40,0
2026-05-14,9,VaxCare Hiệp Bình,2,Vắc xin Viêm gan B (Hepatitis B),1,3,30,4.8,1420,350000,3,5,0,10,315,590,0,40,0
2026-05-14,9,VaxCare Hiệp Bình,3,Vắc xin Bạch hầu – Ho gà – Uốn ván (DTaP/Tdap),2,5,60,4.9,1180,520000,3,5,0,9,147,248,0,40,0
2026-05-14,9,VaxCare Hiệp Bình,4,Vắc xin Bại liệt (IPV),1,4,60,4.8,930,390000,3,5,0,10,202,361,0,40,0
2026-05-14,9,VaxCare Hiệp Bình,5,Vắc xin Hib (Haemophilus influenzae type b),1,3,60,4.9,760,420000,3,5,0,11,164,561,0,40,0
2026-05-14,9,VaxCare Hiệp Bình,6,Vắc xin MMR (Sởi – Quai bị – Rubella),2,2,28,4.9,1050,350000,3,5,0,11,304,577,0,40,0
2026-05-14,9,VaxCare Hiệp Bình,7,Vắc xin Thủy đậu (Varicella),2,2,28,4.8,980,850000,3,5,0,6,196,195,0,40,0
2026-05-14,9,VaxCare Hiệp Bình,8,Vắc xin Phế cầu (Pneumococcal),3,2,60,4.9,1360,1150000,3,5,0,10,50,686,0,40,0
2026-05-14,9,VaxCare Hiệp Bình,9,Vắc xin Viêm não Nhật Bản,2,3,28,4.8,720,450000,3,5,0,8,150,261,0,40,0
2026-05-14,9,VaxCare Hiệp Bình,10,Vắc xin Cúm mùa (Influenza),5,1,365,4.9,2180,450000,3,5,0,15,381,33,1,40,0
2026-05-14,9,VaxCare Hiệp Bình,11,Vắc xin HPV (Human Papillomavirus),2,2,180,4.9,1240,1790000,3,5,0,12,189,318,0,40,0
2026-05-14,9,VaxCare Hiệp Bình,12,Vắc xin COVID-19,3,2,180,4.7,1890,550000,3,5,0,22,331,449,0,40,0
2026-05-14,9,VaxCare Hiệp Bình,13,Vắc xin Zona (Shingrix),4,2,60,4.9,640,3200000,3,5,0,4,31,330,0,40,1
2026-05-14,10,VaxCare Tân Định,1,Vắc xin BCG (Bacille Calmette–Guérin),1,1,0,4.9,860,250000,3,5,0,5,278,388,0,50,0
2026-05-14,10,VaxCare Tân Định,2,Vắc xin Viêm gan B (Hepatitis B),1,3,30,4.8,1420,350000,3,5,0,19,377,670,0,50,0
2026-05-14,10,VaxCare Tân Định,3,Vắc xin Bạch hầu – Ho gà – Uốn ván (DTaP/Tdap),2,5,60,4.9,1180,520000,3,5,0,14,177,575,0,50,0
2026-05-14,10,VaxCare Tân Định,4,Vắc xin Bại liệt (IPV),1,4,60,4.8,930,390000,3,5,0,11,310,538,0,50,0
2026-05-14,10,VaxCare Tân Định,5,Vắc xin Hib (Haemophilus influenzae type b),1,3,60,4.9,760,420000,3,5,0,13,267,451,0,50,0
2026-05-14,10,VaxCare Tân Định,6,Vắc xin MMR (Sởi – Quai bị – Rubella),2,2,28,4.9,1050,350000,3,5,0,9,364,310,0,50,0
2026-05-14,10,VaxCare Tân Định,7,Vắc xin Thủy đậu (Varicella),2,2,28,4.8,980,850000,3,5,0,13,126,512,0,50,0
2026-05-14,10,VaxCare Tân Định,8,Vắc xin Phế cầu (Pneumococcal),3,2,60,4.9,1360,1150000,3,5,0,12,135,454,0,50,0
2026-05-14,10,VaxCare Tân Định,9,Vắc xin Viêm não Nhật Bản,2,3,28,4.8,720,450000,3,5,0,8,75,492,0,50,0
2026-05-14,10,VaxCare Tân Định,10,Vắc xin Cúm mùa (Influenza),5,1,365,4.9,2180,450000,3,5,0,27,588,149,0,50,0
2026-05-14,10,VaxCare Tân Định,11,Vắc xin HPV (Human Papillomavirus),2,2,180,4.9,1240,1790000,3,5,0,12,164,258,0,50,0
2026-05-14,10,VaxCare Tân Định,12,Vắc xin COVID-19,3,2,180,4.7,1890,550000,3,5,0,15,238,638,0,50,0
2026-05-14,10,VaxCare Tân Định,13,Vắc xin Zona (Shingrix),4,2,60,4.9,640,3200000,3,5,0,8,39,266,0,50,1
2026-05-14,11,VaxCare An Lạc,1,Vắc xin BCG (Bacille Calmette–Guérin),1,1,0,4.9,860,250000,3,5,0,6,201,391,0,40,0
2026-05-14,11,VaxCare An Lạc,2,Vắc xin Viêm gan B (Hepatitis B),1,3,30,4.8,1420,350000,3,5,0,13,263,350,0,40,0
2026-05-14,11,VaxCare An Lạc,3,Vắc xin Bạch hầu – Ho gà – Uốn ván (DTaP/Tdap),2,5,60,4.9,1180,520000,3,5,0,15,199,568,0,40,0
2026-05-14,11,VaxCare An Lạc,4,Vắc xin Bại liệt (IPV),1,4,60,4.8,930,390000,3,5,0,11,249,542,0,40,0
2026-05-14,11,VaxCare An Lạc,5,Vắc xin Hib (Haemophilus influenzae type b),1,3,60,4.9,760,420000,3,5,0,6,231,248,0,40,0
2026-05-14,11,VaxCare An Lạc,6,Vắc xin MMR (Sởi – Quai bị – Rubella),2,2,28,4.9,1050,350000,3,5,0,11,238,222,0,40,0
2026-05-14,11,VaxCare An Lạc,7,Vắc xin Thủy đậu (Varicella),2,2,28,4.8,980,850000,3,5,0,6,104,575,0,40,0
2026-05-14,11,VaxCare An Lạc,8,Vắc xin Phế cầu (Pneumococcal),3,2,60,4.9,1360,1150000,3,5,0,9,99,695,0,40,0
2026-05-14,11,VaxCare An Lạc,9,Vắc xin Viêm não Nhật Bản,2,3,28,4.8,720,450000,3,5,0,6,139,414,0,40,0
2026-05-14,11,VaxCare An Lạc,10,Vắc xin Cúm mùa (Influenza),5,1,365,4.9,2180,450000,3,5,0,31,429,33,1,40,0
2026-05-14,11,VaxCare An Lạc,11,Vắc xin HPV (Human Papillomavirus),2,2,180,4.9,1240,1790000,3,5,0,5,136,250,0,40,0
2026-05-14,11,VaxCare An Lạc,12,Vắc xin COVID-19,3,2,180,4.7,1890,550000,3,5,0,23,278,665,0,40,0
2026-05-14,11,VaxCare An Lạc,13,Vắc xin Zona (Shingrix),4,2,60,4.9,640,3200000,3,5,0,4,69,533,0,40,0
2026-05-14,12,VaxCare Phú Thuận,1,Vắc xin BCG (Bacille Calmette–Guérin),1,1,0,4.9,860,250000,3,5,0,9,264,440,0,35,0
2026-05-14,12,VaxCare Phú Thuận,2,Vắc xin Viêm gan B (Hepatitis B),1,3,30,4.8,1420,350000,3,5,0,15,365,448,0,35,0
2026-05-14,12,VaxCare Phú Thuận,3,Vắc xin Bạch hầu – Ho gà – Uốn ván (DTaP/Tdap),2,5,60,4.9,1180,520000,3,5,0,11,190,550,0,35,0
2026-05-14,12,VaxCare Phú Thuận,4,Vắc xin Bại liệt (IPV),1,4,60,4.8,930,390000,3,5,0,7,215,402,0,35,0
2026-05-14,12,VaxCare Phú Thuận,5,Vắc xin Hib (Haemophilus influenzae type b),1,3,60,4.9,760,420000,3,5,0,6,179,508,0,35,0
2026-05-14,12,VaxCare Phú Thuận,6,Vắc xin MMR (Sởi – Quai bị – Rubella),2,2,28,4.9,1050,350000,3,5,0,9,223,647,0,35,0
2026-05-14,12,VaxCare Phú Thuận,7,Vắc xin Thủy đậu (Varicella),2,2,28,4.8,980,850000,3,5,0,5,160,575,0,35,0
2026-05-14,12,VaxCare Phú Thuận,8,Vắc xin Phế cầu (Pneumococcal),3,2,60,4.9,1360,1150000,3,5,0,11,92,338,0,35,0
2026-05-14,12,VaxCare Phú Thuận,9,Vắc xin Viêm não Nhật Bản,2,3,28,4.8,720,450000,3,5,0,5,158,502,0,35,0
2026-05-14,12,VaxCare Phú Thuận,10,Vắc xin Cúm mùa (Influenza),5,1,365,4.9,2180,450000,3,5,0,17,474,56,1,35,0
2026-05-14,12,VaxCare Phú Thuận,11,Vắc xin HPV (Human Papillomavirus),2,2,180,4.9,1240,1790000,3,5,0,8,123,320,0,35,0
2026-05-14,12,VaxCare Phú Thuận,12,Vắc xin COVID-19,3,2,180,4.7,1890,550000,3,5,0,22,223,271,0,35,0
2026-05-14,12,VaxCare Phú Thuận,13,Vắc xin Zona (Shingrix),4,2,60,4.9,640,3200000,3,5,0,6,52,438,0,35,0
2026-05-15,1,VaxCare Phú Nhuận,1,Vắc xin BCG (Bacille Calmette–Guérin),1,1,0,4.9,860,250000,4,5,0,13,203,411,0,50,0
2026-05-15,1,VaxCare Phú Nhuận,2,Vắc xin Viêm gan B (Hepatitis B),1,3,30,4.8,1420,350000,4,5,0,17,381,421,0,50,0
2026-05-15,1,VaxCare Phú Nhuận,3,Vắc xin Bạch hầu – Ho gà – Uốn ván (DTaP/Tdap),2,5,60,4.9,1180,520000,4,5,0,11,196,295,0,50,0
2026-05-15,1,VaxCare Phú Nhuận,4,Vắc xin Bại liệt (IPV),1,4,60,4.8,930,390000,4,5,0,7,270,581,0,50,0
2026-05-15,1,VaxCare Phú Nhuận,5,Vắc xin Hib (Haemophilus influenzae type b),1,3,60,4.9,760,420000,4,5,0,13,267,395,0,50,0
2026-05-15,1,VaxCare Phú Nhuận,6,Vắc xin MMR (Sởi – Quai bị – Rubella),2,2,28,4.9,1050,350000,4,5,0,16,395,397,0,50,0
2026-05-15,1,VaxCare Phú Nhuận,7,Vắc xin Thủy đậu (Varicella),2,2,28,4.8,980,850000,4,5,0,12,128,299,0,50,0
2026-05-15,1,VaxCare Phú Nhuận,8,Vắc xin Phế cầu (Pneumococcal),3,2,60,4.9,1360,1150000,4,5,0,14,71,182,0,50,0
2026-05-15,1,VaxCare Phú Nhuận,9,Vắc xin Viêm não Nhật Bản,2,3,28,4.8,720,450000,4,5,0,7,76,624,0,50,0
2026-05-15,1,VaxCare Phú Nhuận,10,Vắc xin Cúm mùa (Influenza),5,1,365,4.9,2180,450000,4,5,0,25,514,160,0,50,0
2026-05-15,1,VaxCare Phú Nhuận,11,Vắc xin HPV (Human Papillomavirus),2,2,180,4.9,1240,1790000,4,5,0,13,203,575,0,50,0
2026-05-15,1,VaxCare Phú Nhuận,12,Vắc xin COVID-19,3,2,180,4.7,1890,550000,4,5,0,7,258,373,0,50,0
2026-05-15,1,VaxCare Phú Nhuận,13,Vắc xin Zona (Shingrix),4,2,60,4.9,640,3200000,4,5,0,4,70,243,0,50,0
2026-05-15,2,VaxCare Thủ Đức - Bình Chiểu,1,Vắc xin BCG (Bacille Calmette–Guérin),1,1,0,4.9,860,250000,4,5,0,8,276,476,0,40,0
2026-05-15,2,VaxCare Thủ Đức - Bình Chiểu,2,Vắc xin Viêm gan B (Hepatitis B),1,3,30,4.8,1420,350000,4,5,0,8,391,267,0,40,0
2026-05-15,2,VaxCare Thủ Đức - Bình Chiểu,3,Vắc xin Bạch hầu – Ho gà – Uốn ván (DTaP/Tdap),2,5,60,4.9,1180,520000,4,5,0,7,228,674,0,40,0
2026-05-15,2,VaxCare Thủ Đức - Bình Chiểu,4,Vắc xin Bại liệt (IPV),1,4,60,4.8,930,390000,4,5,0,7,178,502,0,40,0
2026-05-15,2,VaxCare Thủ Đức - Bình Chiểu,5,Vắc xin Hib (Haemophilus influenzae type b),1,3,60,4.9,760,420000,4,5,0,7,158,280,0,40,0
2026-05-15,2,VaxCare Thủ Đức - Bình Chiểu,6,Vắc xin MMR (Sởi – Quai bị – Rubella),2,2,28,4.9,1050,350000,4,5,0,13,199,197,0,40,0
2026-05-15,2,VaxCare Thủ Đức - Bình Chiểu,7,Vắc xin Thủy đậu (Varicella),2,2,28,4.8,980,850000,4,5,0,7,94,183,0,40,0
2026-05-15,2,VaxCare Thủ Đức - Bình Chiểu,8,Vắc xin Phế cầu (Pneumococcal),3,2,60,4.9,1360,1150000,4,5,0,15,70,568,0,40,0
2026-05-15,2,VaxCare Thủ Đức - Bình Chiểu,9,Vắc xin Viêm não Nhật Bản,2,3,28,4.8,720,450000,4,5,0,5,128,200,0,40,0
2026-05-15,2,VaxCare Thủ Đức - Bình Chiểu,10,Vắc xin Cúm mùa (Influenza),5,1,365,4.9,2180,450000,4,5,0,20,593,140,0,40,0
2026-05-15,2,VaxCare Thủ Đức - Bình Chiểu,11,Vắc xin HPV (Human Papillomavirus),2,2,180,4.9,1240,1790000,4,5,0,6,176,455,0,40,0
2026-05-15,2,VaxCare Thủ Đức - Bình Chiểu,12,Vắc xin COVID-19,3,2,180,4.7,1890,550000,4,5,0,15,231,582,0,40,0
2026-05-15,2,VaxCare Thủ Đức - Bình Chiểu,13,Vắc xin Zona (Shingrix),4,2,60,4.9,640,3200000,4,5,0,2,45,272,0,40,0
2026-05-15,3,VaxCare Nowzone,1,Vắc xin BCG (Bacille Calmette–Guérin),1,1,0,4.9,860,250000,4,5,0,17,281,181,0,60,0
2026-05-15,3,VaxCare Nowzone,2,Vắc xin Viêm gan B (Hepatitis B),1,3,30,4.8,1420,350000,4,5,0,12,396,588,0,60,0
2026-05-15,3,VaxCare Nowzone,3,Vắc xin Bạch hầu – Ho gà – Uốn ván (DTaP/Tdap),2,5,60,4.9,1180,520000,4,5,0,14,234,660,0,60,0
2026-05-15,3,VaxCare Nowzone,4,Vắc xin Bại liệt (IPV),1,4,60,4.8,930,390000,4,5,0,9,195,379,0,60,0
2026-05-15,3,VaxCare Nowzone,5,Vắc xin Hib (Haemophilus influenzae type b),1,3,60,4.9,760,420000,4,5,0,8,200,324,0,60,0
2026-05-15,3,VaxCare Nowzone,6,Vắc xin MMR (Sởi – Quai bị – Rubella),2,2,28,4.9,1050,350000,4,5,0,11,239,577,0,60,0
2026-05-15,3,VaxCare Nowzone,7,Vắc xin Thủy đậu (Varicella),2,2,28,4.8,980,850000,4,5,0,12,181,419,0,60,0
2026-05-15,3,VaxCare Nowzone,8,Vắc xin Phế cầu (Pneumococcal),3,2,60,4.9,1360,1150000,4,5,0,14,129,676,0,60,0
2026-05-15,3,VaxCare Nowzone,9,Vắc xin Viêm não Nhật Bản,2,3,28,4.8,720,450000,4,5,0,8,176,211,0,60,0
2026-05-15,3,VaxCare Nowzone,10,Vắc xin Cúm mùa (Influenza),5,1,365,4.9,2180,450000,4,5,0,29,474,122,0,60,0
2026-05-15,3,VaxCare Nowzone,11,Vắc xin HPV (Human Papillomavirus),2,2,180,4.9,1240,1790000,4,5,0,11,201,645,0,60,0
2026-05-15,3,VaxCare Nowzone,12,Vắc xin COVID-19,3,2,180,4.7,1890,550000,4,5,0,11,403,422,0,60,0
2026-05-15,3,VaxCare Nowzone,13,Vắc xin Zona (Shingrix),4,2,60,4.9,640,3200000,4,5,0,5,55,621,0,60,1
2026-05-15,4,VaxCare Củ Chi - Bình Mỹ,1,Vắc xin BCG (Bacille Calmette–Guérin),1,1,0,4.9,860,250000,4,5,0,7,185,371,0,30,0
2026-05-15,4,VaxCare Củ Chi - Bình Mỹ,2,Vắc xin Viêm gan B (Hepatitis B),1,3,30,4.8,1420,350000,4,5,0,9,190,185,0,30,0
2026-05-15,4,VaxCare Củ Chi - Bình Mỹ,3,Vắc xin Bạch hầu – Ho gà – Uốn ván (DTaP/Tdap),2,5,60,4.9,1180,520000,4,5,0,9,140,254,0,30,0
2026-05-15,4,VaxCare Củ Chi - Bình Mỹ,4,Vắc xin Bại liệt (IPV),1,4,60,4.8,930,390000,4,5,0,8,164,501,0,30,0
2026-05-15,4,VaxCare Củ Chi - Bình Mỹ,5,Vắc xin Hib (Haemophilus influenzae type b),1,3,60,4.9,760,420000,4,5,0,4,186,678,0,30,0
2026-05-15,4,VaxCare Củ Chi - Bình Mỹ,6,Vắc xin MMR (Sởi – Quai bị – Rubella),2,2,28,4.9,1050,350000,4,5,0,9,205,321,0,30,0
2026-05-15,4,VaxCare Củ Chi - Bình Mỹ,7,Vắc xin Thủy đậu (Varicella),2,2,28,4.8,980,850000,4,5,0,6,74,369,0,30,0
2026-05-15,4,VaxCare Củ Chi - Bình Mỹ,8,Vắc xin Phế cầu (Pneumococcal),3,2,60,4.9,1360,1150000,4,5,0,8,98,328,0,30,0
2026-05-15,4,VaxCare Củ Chi - Bình Mỹ,9,Vắc xin Viêm não Nhật Bản,2,3,28,4.8,720,450000,4,5,0,6,40,626,0,30,0
2026-05-15,4,VaxCare Củ Chi - Bình Mỹ,10,Vắc xin Cúm mùa (Influenza),5,1,365,4.9,2180,450000,4,5,0,19,300,184,0,30,0
2026-05-15,4,VaxCare Củ Chi - Bình Mỹ,11,Vắc xin HPV (Human Papillomavirus),2,2,180,4.9,1240,1790000,4,5,0,2,137,256,0,30,0
2026-05-15,4,VaxCare Củ Chi - Bình Mỹ,12,Vắc xin COVID-19,3,2,180,4.7,1890,550000,4,5,0,4,190,555,0,30,0
2026-05-15,4,VaxCare Củ Chi - Bình Mỹ,13,Vắc xin Zona (Shingrix),4,2,60,4.9,640,3200000,4,5,0,4,22,534,0,30,1
2026-05-15,5,VaxCare Trung Mỹ Tây,1,Vắc xin BCG (Bacille Calmette–Guérin),1,1,0,4.9,860,250000,4,5,0,8,231,226,0,40,0
2026-05-15,5,VaxCare Trung Mỹ Tây,2,Vắc xin Viêm gan B (Hepatitis B),1,3,30,4.8,1420,350000,4,5,0,9,268,324,0,40,0
2026-05-15,5,VaxCare Trung Mỹ Tây,3,Vắc xin Bạch hầu – Ho gà – Uốn ván (DTaP/Tdap),2,5,60,4.9,1180,520000,4,5,0,9,141,180,0,40,0
2026-05-15,5,VaxCare Trung Mỹ Tây,4,Vắc xin Bại liệt (IPV),1,4,60,4.8,930,390000,4,5,0,5,260,230,0,40,0
2026-05-15,5,VaxCare Trung Mỹ Tây,5,Vắc xin Hib (Haemophilus influenzae type b),1,3,60,4.9,760,420000,4,5,0,7,104,530,0,40,0
2026-05-15,5,VaxCare Trung Mỹ Tây,6,Vắc xin MMR (Sởi – Quai bị – Rubella),2,2,28,4.9,1050,350000,4,5,0,13,257,355,0,40,0
2026-05-15,5,VaxCare Trung Mỹ Tây,7,Vắc xin Thủy đậu (Varicella),2,2,28,4.8,980,850000,4,5,0,7,106,661,0,40,0
2026-05-15,5,VaxCare Trung Mỹ Tây,8,Vắc xin Phế cầu (Pneumococcal),3,2,60,4.9,1360,1150000,4,5,0,11,126,515,0,40,0
2026-05-15,5,VaxCare Trung Mỹ Tây,9,Vắc xin Viêm não Nhật Bản,2,3,28,4.8,720,450000,4,5,0,6,122,239,0,40,0
2026-05-15,5,VaxCare Trung Mỹ Tây,10,Vắc xin Cúm mùa (Influenza),5,1,365,4.9,2180,450000,4,5,0,32,362,97,0,40,0
2026-05-15,5,VaxCare Trung Mỹ Tây,11,Vắc xin HPV (Human Papillomavirus),2,2,180,4.9,1240,1790000,4,5,0,12,169,319,0,40,0
2026-05-15,5,VaxCare Trung Mỹ Tây,12,Vắc xin COVID-19,3,2,180,4.7,1890,550000,4,5,0,8,357,562,0,40,0
2026-05-15,5,VaxCare Trung Mỹ Tây,13,Vắc xin Zona (Shingrix),4,2,60,4.9,640,3200000,4,5,0,4,40,539,0,40,0
2026-05-15,6,VaxCare Co.opmart Quang Trung,1,Vắc xin BCG (Bacille Calmette–Guérin),1,1,0,4.9,860,250000,4,5,0,7,279,298,0,50,0
2026-05-15,6,VaxCare Co.opmart Quang Trung,2,Vắc xin Viêm gan B (Hepatitis B),1,3,30,4.8,1420,350000,4,5,0,12,344,362,0,50,0
2026-05-15,6,VaxCare Co.opmart Quang Trung,3,Vắc xin Bạch hầu – Ho gà – Uốn ván (DTaP/Tdap),2,5,60,4.9,1180,520000,4,5,0,13,252,268,0,50,0
2026-05-15,6,VaxCare Co.opmart Quang Trung,4,Vắc xin Bại liệt (IPV),1,4,60,4.8,930,390000,4,5,0,9,151,224,0,50,0
2026-05-15,6,VaxCare Co.opmart Quang Trung,5,Vắc xin Hib (Haemophilus influenzae type b),1,3,60,4.9,760,420000,4,5,0,8,220,631,0,50,0
2026-05-15,6,VaxCare Co.opmart Quang Trung,6,Vắc xin MMR (Sởi – Quai bị – Rubella),2,2,28,4.9,1050,350000,4,5,0,5,185,224,0,50,0
2026-05-15,6,VaxCare Co.opmart Quang Trung,7,Vắc xin Thủy đậu (Varicella),2,2,28,4.8,980,850000,4,5,0,10,124,620,0,50,0
2026-05-15,6,VaxCare Co.opmart Quang Trung,8,Vắc xin Phế cầu (Pneumococcal),3,2,60,4.9,1360,1150000,4,5,0,12,101,675,0,50,0
2026-05-15,6,VaxCare Co.opmart Quang Trung,9,Vắc xin Viêm não Nhật Bản,2,3,28,4.8,720,450000,4,5,0,9,121,499,0,50,0
2026-05-15,6,VaxCare Co.opmart Quang Trung,10,Vắc xin Cúm mùa (Influenza),5,1,365,4.9,2180,450000,4,5,0,16,486,105,0,50,0
2026-05-15,6,VaxCare Co.opmart Quang Trung,11,Vắc xin HPV (Human Papillomavirus),2,2,180,4.9,1240,1790000,4,5,0,11,148,659,0,50,0
2026-05-15,6,VaxCare Co.opmart Quang Trung,12,Vắc xin COVID-19,3,2,180,4.7,1890,550000,4,5,0,19,257,532,0,50,0
2026-05-15,6,VaxCare Co.opmart Quang Trung,13,Vắc xin Zona (Shingrix),4,2,60,4.9,640,3200000,4,5,0,5,23,663,0,50,1
2026-05-15,7,VaxCare Oriental Plaza,1,Vắc xin BCG (Bacille Calmette–Guérin),1,1,0,4.9,860,250000,4,5,0,7,236,270,0,45,0
2026-05-15,7,VaxCare Oriental Plaza,2,Vắc xin Viêm gan B (Hepatitis B),1,3,30,4.8,1420,350000,4,5,0,13,392,387,0,45,0
2026-05-15,7,VaxCare Oriental Plaza,3,Vắc xin Bạch hầu – Ho gà – Uốn ván (DTaP/Tdap),2,5,60,4.9,1180,520000,4,5,0,8,233,252,0,45,0
2026-05-15,7,VaxCare Oriental Plaza,4,Vắc xin Bại liệt (IPV),1,4,60,4.8,930,390000,4,5,0,8,131,337,0,45,0
2026-05-15,7,VaxCare Oriental Plaza,5,Vắc xin Hib (Haemophilus influenzae type b),1,3,60,4.9,760,420000,4,5,0,6,134,367,0,45,0
2026-05-15,7,VaxCare Oriental Plaza,6,Vắc xin MMR (Sởi – Quai bị – Rubella),2,2,28,4.9,1050,350000,4,5,0,9,173,548,0,45,0
2026-05-15,7,VaxCare Oriental Plaza,7,Vắc xin Thủy đậu (Varicella),2,2,28,4.8,980,850000,4,5,0,8,126,335,0,45,0
2026-05-15,7,VaxCare Oriental Plaza,8,Vắc xin Phế cầu (Pneumococcal),3,2,60,4.9,1360,1150000,4,5,0,10,103,459,0,45,0
2026-05-15,7,VaxCare Oriental Plaza,9,Vắc xin Viêm não Nhật Bản,2,3,28,4.8,720,450000,4,5,0,6,115,619,0,45,0
2026-05-15,7,VaxCare Oriental Plaza,10,Vắc xin Cúm mùa (Influenza),5,1,365,4.9,2180,450000,4,5,0,21,471,94,0,45,0
2026-05-15,7,VaxCare Oriental Plaza,11,Vắc xin HPV (Human Papillomavirus),2,2,180,4.9,1240,1790000,4,5,0,9,200,490,0,45,0
2026-05-15,7,VaxCare Oriental Plaza,12,Vắc xin COVID-19,3,2,180,4.7,1890,550000,4,5,0,17,338,413,0,45,0
2026-05-15,7,VaxCare Oriental Plaza,13,Vắc xin Zona (Shingrix),4,2,60,4.9,640,3200000,4,5,0,4,36,321,0,45,1
2026-05-15,8,VaxCare Hóc Môn - Đông Thạnh,1,Vắc xin BCG (Bacille Calmette–Guérin),1,1,0,4.9,860,250000,4,5,0,7,150,234,0,30,0
2026-05-15,8,VaxCare Hóc Môn - Đông Thạnh,2,Vắc xin Viêm gan B (Hepatitis B),1,3,30,4.8,1420,350000,4,5,0,13,191,231,0,30,0
2026-05-15,8,VaxCare Hóc Môn - Đông Thạnh,3,Vắc xin Bạch hầu – Ho gà – Uốn ván (DTaP/Tdap),2,5,60,4.9,1180,520000,4,5,0,7,111,523,0,30,0
2026-05-15,8,VaxCare Hóc Môn - Đông Thạnh,4,Vắc xin Bại liệt (IPV),1,4,60,4.8,930,390000,4,5,0,6,128,343,0,30,0
2026-05-15,8,VaxCare Hóc Môn - Đông Thạnh,5,Vắc xin Hib (Haemophilus influenzae type b),1,3,60,4.9,760,420000,4,5,0,6,122,189,0,30,0
2026-05-15,8,VaxCare Hóc Môn - Đông Thạnh,6,Vắc xin MMR (Sởi – Quai bị – Rubella),2,2,28,4.9,1050,350000,4,5,0,8,195,512,0,30,0
2026-05-15,8,VaxCare Hóc Môn - Đông Thạnh,7,Vắc xin Thủy đậu (Varicella),2,2,28,4.8,980,850000,4,5,0,5,54,496,0,30,0
2026-05-15,8,VaxCare Hóc Môn - Đông Thạnh,8,Vắc xin Phế cầu (Pneumococcal),3,2,60,4.9,1360,1150000,4,5,0,7,86,282,0,30,0
2026-05-15,8,VaxCare Hóc Môn - Đông Thạnh,9,Vắc xin Viêm não Nhật Bản,2,3,28,4.8,720,450000,4,5,0,4,127,699,0,30,0
2026-05-15,8,VaxCare Hóc Môn - Đông Thạnh,10,Vắc xin Cúm mùa (Influenza),5,1,365,4.9,2180,450000,4,5,0,10,458,34,1,30,0
2026-05-15,8,VaxCare Hóc Môn - Đông Thạnh,11,Vắc xin HPV (Human Papillomavirus),2,2,180,4.9,1240,1790000,4,5,0,7,88,635,0,30,0
2026-05-15,8,VaxCare Hóc Môn - Đông Thạnh,12,Vắc xin COVID-19,3,2,180,4.7,1890,550000,4,5,0,17,242,361,0,30,0
2026-05-15,8,VaxCare Hóc Môn - Đông Thạnh,13,Vắc xin Zona (Shingrix),4,2,60,4.9,640,3200000,4,5,0,3,43,559,0,30,0
2026-05-15,9,VaxCare Hiệp Bình,1,Vắc xin BCG (Bacille Calmette–Guérin),1,1,0,4.9,860,250000,4,5,0,6,254,265,0,40,0
2026-05-15,9,VaxCare Hiệp Bình,2,Vắc xin Viêm gan B (Hepatitis B),1,3,30,4.8,1420,350000,4,5,0,14,346,318,0,40,0
2026-05-15,9,VaxCare Hiệp Bình,3,Vắc xin Bạch hầu – Ho gà – Uốn ván (DTaP/Tdap),2,5,60,4.9,1180,520000,4,5,0,11,157,545,0,40,0
2026-05-15,9,VaxCare Hiệp Bình,4,Vắc xin Bại liệt (IPV),1,4,60,4.8,930,390000,4,5,0,13,256,341,0,40,0
2026-05-15,9,VaxCare Hiệp Bình,5,Vắc xin Hib (Haemophilus influenzae type b),1,3,60,4.9,760,420000,4,5,0,8,223,507,0,40,0
2026-05-15,9,VaxCare Hiệp Bình,6,Vắc xin MMR (Sởi – Quai bị – Rubella),2,2,28,4.9,1050,350000,4,5,0,7,210,367,0,40,0
2026-05-15,9,VaxCare Hiệp Bình,7,Vắc xin Thủy đậu (Varicella),2,2,28,4.8,980,850000,4,5,0,6,162,445,0,40,0
2026-05-15,9,VaxCare Hiệp Bình,8,Vắc xin Phế cầu (Pneumococcal),3,2,60,4.9,1360,1150000,4,5,0,12,65,628,0,40,0
2026-05-15,9,VaxCare Hiệp Bình,9,Vắc xin Viêm não Nhật Bản,2,3,28,4.8,720,450000,4,5,0,6,68,633,0,40,0
2026-05-15,9,VaxCare Hiệp Bình,10,Vắc xin Cúm mùa (Influenza),5,1,365,4.9,2180,450000,4,5,0,20,529,182,0,40,0
2026-05-15,9,VaxCare Hiệp Bình,11,Vắc xin HPV (Human Papillomavirus),2,2,180,4.9,1240,1790000,4,5,0,9,160,554,0,40,0
2026-05-15,9,VaxCare Hiệp Bình,12,Vắc xin COVID-19,3,2,180,4.7,1890,550000,4,5,0,22,300,247,0,40,0
2026-05-15,9,VaxCare Hiệp Bình,13,Vắc xin Zona (Shingrix),4,2,60,4.9,640,3200000,4,5,0,6,7,401,0,40,1
2026-05-15,10,VaxCare Tân Định,1,Vắc xin BCG (Bacille Calmette–Guérin),1,1,0,4.9,860,250000,4,5,0,12,329,301,0,50,0
2026-05-15,10,VaxCare Tân Định,2,Vắc xin Viêm gan B (Hepatitis B),1,3,30,4.8,1420,350000,4,5,0,12,240,212,0,50,0
2026-05-15,10,VaxCare Tân Định,3,Vắc xin Bạch hầu – Ho gà – Uốn ván (DTaP/Tdap),2,5,60,4.9,1180,520000,4,5,0,11,230,698,0,50,0
2026-05-15,10,VaxCare Tân Định,4,Vắc xin Bại liệt (IPV),1,4,60,4.8,930,390000,4,5,0,5,235,253,0,50,0
2026-05-15,10,VaxCare Tân Định,5,Vắc xin Hib (Haemophilus influenzae type b),1,3,60,4.9,760,420000,4,5,0,8,226,524,0,50,0
2026-05-15,10,VaxCare Tân Định,6,Vắc xin MMR (Sởi – Quai bị – Rubella),2,2,28,4.9,1050,350000,4,5,0,10,360,547,0,50,0
2026-05-15,10,VaxCare Tân Định,7,Vắc xin Thủy đậu (Varicella),2,2,28,4.8,980,850000,4,5,0,10,140,528,0,50,0
2026-05-15,10,VaxCare Tân Định,8,Vắc xin Phế cầu (Pneumococcal),3,2,60,4.9,1360,1150000,4,5,0,10,73,252,0,50,0
2026-05-15,10,VaxCare Tân Định,9,Vắc xin Viêm não Nhật Bản,2,3,28,4.8,720,450000,4,5,0,6,78,193,0,50,0
2026-05-15,10,VaxCare Tân Định,10,Vắc xin Cúm mùa (Influenza),5,1,365,4.9,2180,450000,4,5,0,11,568,139,0,50,0
2026-05-15,10,VaxCare Tân Định,11,Vắc xin HPV (Human Papillomavirus),2,2,180,4.9,1240,1790000,4,5,0,10,236,576,0,50,0
2026-05-15,10,VaxCare Tân Định,12,Vắc xin COVID-19,3,2,180,4.7,1890,550000,4,5,0,24,317,225,0,50,0
2026-05-15,10,VaxCare Tân Định,13,Vắc xin Zona (Shingrix),4,2,60,4.9,640,3200000,4,5,0,4,78,692,0,50,0
2026-05-15,11,VaxCare An Lạc,1,Vắc xin BCG (Bacille Calmette–Guérin),1,1,0,4.9,860,250000,4,5,0,9,202,403,0,40,0
2026-05-15,11,VaxCare An Lạc,2,Vắc xin Viêm gan B (Hepatitis B),1,3,30,4.8,1420,350000,4,5,0,11,321,563,0,40,0
2026-05-15,11,VaxCare An Lạc,3,Vắc xin Bạch hầu – Ho gà – Uốn ván (DTaP/Tdap),2,5,60,4.9,1180,520000,4,5,0,11,233,582,0,40,0
2026-05-15,11,VaxCare An Lạc,4,Vắc xin Bại liệt (IPV),1,4,60,4.8,930,390000,4,5,0,11,194,340,0,40,0
2026-05-15,11,VaxCare An Lạc,5,Vắc xin Hib (Haemophilus influenzae type b),1,3,60,4.9,760,420000,4,5,0,6,173,344,0,40,0
2026-05-15,11,VaxCare An Lạc,6,Vắc xin MMR (Sởi – Quai bị – Rubella),2,2,28,4.9,1050,350000,4,5,0,10,276,685,0,40,0
2026-05-15,11,VaxCare An Lạc,7,Vắc xin Thủy đậu (Varicella),2,2,28,4.8,980,850000,4,5,0,9,80,441,0,40,0
2026-05-15,11,VaxCare An Lạc,8,Vắc xin Phế cầu (Pneumococcal),3,2,60,4.9,1360,1150000,4,5,0,11,38,472,0,40,1
2026-05-15,11,VaxCare An Lạc,9,Vắc xin Viêm não Nhật Bản,2,3,28,4.8,720,450000,4,5,0,7,72,242,0,40,0
2026-05-15,11,VaxCare An Lạc,10,Vắc xin Cúm mùa (Influenza),5,1,365,4.9,2180,450000,4,5,0,23,502,86,1,40,0
2026-05-15,11,VaxCare An Lạc,11,Vắc xin HPV (Human Papillomavirus),2,2,180,4.9,1240,1790000,4,5,0,7,146,195,0,40,0
2026-05-15,11,VaxCare An Lạc,12,Vắc xin COVID-19,3,2,180,4.7,1890,550000,4,5,0,15,325,220,0,40,0
2026-05-15,11,VaxCare An Lạc,13,Vắc xin Zona (Shingrix),4,2,60,4.9,640,3200000,4,5,0,5,40,227,0,40,0
2026-05-15,12,VaxCare Phú Thuận,1,Vắc xin BCG (Bacille Calmette–Guérin),1,1,0,4.9,860,250000,4,5,0,10,225,603,0,35,0
2026-05-15,12,VaxCare Phú Thuận,2,Vắc xin Viêm gan B (Hepatitis B),1,3,30,4.8,1420,350000,4,5,0,11,300,335,0,35,0
2026-05-15,12,VaxCare Phú Thuận,3,Vắc xin Bạch hầu – Ho gà – Uốn ván (DTaP/Tdap),2,5,60,4.9,1180,520000,4,5,0,13,237,573,0,35,0
2026-05-15,12,VaxCare Phú Thuận,4,Vắc xin Bại liệt (IPV),1,4,60,4.8,930,390000,4,5,0,8,211,319,0,35,0
2026-05-15,12,VaxCare Phú Thuận,5,Vắc xin Hib (Haemophilus influenzae type b),1,3,60,4.9,760,420000,4,5,0,7,205,522,0,35,0
2026-05-15,12,VaxCare Phú Thuận,6,Vắc xin MMR (Sởi – Quai bị – Rubella),2,2,28,4.9,1050,350000,4,5,0,10,288,641,0,35,0
2026-05-15,12,VaxCare Phú Thuận,7,Vắc xin Thủy đậu (Varicella),2,2,28,4.8,980,850000,4,5,0,7,109,355,0,35,0
2026-05-15,12,VaxCare Phú Thuận,8,Vắc xin Phế cầu (Pneumococcal),3,2,60,4.9,1360,1150000,4,5,0,10,68,351,0,35,0
2026-05-15,12,VaxCare Phú Thuận,9,Vắc xin Viêm não Nhật Bản,2,3,28,4.8,720,450000,4,5,0,3,108,609,0,35,0
2026-05-15,12,VaxCare Phú Thuận,10,Vắc xin Cúm mùa (Influenza),5,1,365,4.9,2180,450000,4,5,0,18,531,32,1,35,0
2026-05-15,12,VaxCare Phú Thuận,11,Vắc xin HPV (Human Papillomavirus),2,2,180,4.9,1240,1790000,4,5,0,11,197,558,0,35,0
2026-05-15,12,VaxCare Phú Thuận,12,Vắc xin COVID-19,3,2,180,4.7,1890,550000,4,5,0,6,238,441,0,35,0
2026-05-15,12,VaxCare Phú Thuận,13,Vắc xin Zona (Shingrix),4,2,60,4.9,640,3200000,4,5,0,3,13,309,0,35,1
2026-05-16,1,VaxCare Phú Nhuận,1,Vắc xin BCG (Bacille Calmette–Guérin),1,1,0,4.9,860,250000,5,5,1,4,145,273,0,50,0
2026-05-16,1,VaxCare Phú Nhuận,2,Vắc xin Viêm gan B (Hepatitis B),1,3,30,4.8,1420,350000,5,5,1,4,412,186,0,50,0
2026-05-16,1,VaxCare Phú Nhuận,3,Vắc xin Bạch hầu – Ho gà – Uốn ván (DTaP/Tdap),2,5,60,4.9,1180,520000,5,5,1,3,162,352,0,50,0
2026-05-16,1,VaxCare Phú Nhuận,4,Vắc xin Bại liệt (IPV),1,4,60,4.8,930,390000,5,5,1,7,179,541,0,50,0
2026-05-16,1,VaxCare Phú Nhuận,5,Vắc xin Hib (Haemophilus influenzae type b),1,3,60,4.9,760,420000,5,5,1,4,277,680,0,50,0
2026-05-16,1,VaxCare Phú Nhuận,6,Vắc xin MMR (Sởi – Quai bị – Rubella),2,2,28,4.9,1050,350000,5,5,1,7,319,276,0,50,0
2026-05-16,1,VaxCare Phú Nhuận,7,Vắc xin Thủy đậu (Varicella),2,2,28,4.8,980,850000,5,5,1,5,166,627,0,50,0
2026-05-16,1,VaxCare Phú Nhuận,8,Vắc xin Phế cầu (Pneumococcal),3,2,60,4.9,1360,1150000,5,5,1,7,73,263,0,50,0
2026-05-16,1,VaxCare Phú Nhuận,9,Vắc xin Viêm não Nhật Bản,2,3,28,4.8,720,450000,5,5,1,3,149,654,0,50,0
2026-05-16,1,VaxCare Phú Nhuận,10,Vắc xin Cúm mùa (Influenza),5,1,365,4.9,2180,450000,5,5,1,16,565,54,1,50,0
2026-05-16,1,VaxCare Phú Nhuận,11,Vắc xin HPV (Human Papillomavirus),2,2,180,4.9,1240,1790000,5,5,1,7,197,231,0,50,0
2026-05-16,1,VaxCare Phú Nhuận,12,Vắc xin COVID-19,3,2,180,4.7,1890,550000,5,5,1,7,333,670,0,50,0
2026-05-16,1,VaxCare Phú Nhuận,13,Vắc xin Zona (Shingrix),4,2,60,4.9,640,3200000,5,5,1,2,54,564,0,50,0
2026-05-16,2,VaxCare Thủ Đức - Bình Chiểu,1,Vắc xin BCG (Bacille Calmette–Guérin),1,1,0,4.9,860,250000,5,5,1,3,237,671,0,40,0
2026-05-16,2,VaxCare Thủ Đức - Bình Chiểu,2,Vắc xin Viêm gan B (Hepatitis B),1,3,30,4.8,1420,350000,5,5,1,6,360,498,0,40,0
2026-05-16,2,VaxCare Thủ Đức - Bình Chiểu,3,Vắc xin Bạch hầu – Ho gà – Uốn ván (DTaP/Tdap),2,5,60,4.9,1180,520000,5,5,1,6,249,321,0,40,0
2026-05-16,2,VaxCare Thủ Đức - Bình Chiểu,4,Vắc xin Bại liệt (IPV),1,4,60,4.8,930,390000,5,5,1,4,134,181,0,40,0
2026-05-16,2,VaxCare Thủ Đức - Bình Chiểu,5,Vắc xin Hib (Haemophilus influenzae type b),1,3,60,4.9,760,420000,5,5,1,2,143,481,0,40,0
2026-05-16,2,VaxCare Thủ Đức - Bình Chiểu,6,Vắc xin MMR (Sởi – Quai bị – Rubella),2,2,28,4.9,1050,350000,5,5,1,6,250,339,0,40,0
2026-05-16,2,VaxCare Thủ Đức - Bình Chiểu,7,Vắc xin Thủy đậu (Varicella),2,2,28,4.8,980,850000,5,5,1,3,109,465,0,40,0
2026-05-16,2,VaxCare Thủ Đức - Bình Chiểu,8,Vắc xin Phế cầu (Pneumococcal),3,2,60,4.9,1360,1150000,5,5,1,6,85,396,0,40,0
2026-05-16,2,VaxCare Thủ Đức - Bình Chiểu,9,Vắc xin Viêm não Nhật Bản,2,3,28,4.8,720,450000,5,5,1,3,141,611,0,40,0
2026-05-16,2,VaxCare Thủ Đức - Bình Chiểu,10,Vắc xin Cúm mùa (Influenza),5,1,365,4.9,2180,450000,5,5,1,9,586,184,0,40,0
2026-05-16,2,VaxCare Thủ Đức - Bình Chiểu,11,Vắc xin HPV (Human Papillomavirus),2,2,180,4.9,1240,1790000,5,5,1,3,202,309,0,40,0
2026-05-16,2,VaxCare Thủ Đức - Bình Chiểu,12,Vắc xin COVID-19,3,2,180,4.7,1890,550000,5,5,1,7,310,216,0,40,0
2026-05-16,2,VaxCare Thủ Đức - Bình Chiểu,13,Vắc xin Zona (Shingrix),4,2,60,4.9,640,3200000,5,5,1,3,69,332,0,40,0
2026-05-16,3,VaxCare Nowzone,1,Vắc xin BCG (Bacille Calmette–Guérin),1,1,0,4.9,860,250000,5,5,1,3,207,629,0,60,0
2026-05-16,3,VaxCare Nowzone,2,Vắc xin Viêm gan B (Hepatitis B),1,3,30,4.8,1420,350000,5,5,1,6,368,285,0,60,0
2026-05-16,3,VaxCare Nowzone,3,Vắc xin Bạch hầu – Ho gà – Uốn ván (DTaP/Tdap),2,5,60,4.9,1180,520000,5,5,1,6,179,313,0,60,0
2026-05-16,3,VaxCare Nowzone,4,Vắc xin Bại liệt (IPV),1,4,60,4.8,930,390000,5,5,1,5,212,228,0,60,0
2026-05-16,3,VaxCare Nowzone,5,Vắc xin Hib (Haemophilus influenzae type b),1,3,60,4.9,760,420000,5,5,1,3,164,182,0,60,0
2026-05-16,3,VaxCare Nowzone,6,Vắc xin MMR (Sởi – Quai bị – Rubella),2,2,28,4.9,1050,350000,5,5,1,4,336,416,0,60,0
2026-05-16,3,VaxCare Nowzone,7,Vắc xin Thủy đậu (Varicella),2,2,28,4.8,980,850000,5,5,1,5,163,650,0,60,0
2026-05-16,3,VaxCare Nowzone,8,Vắc xin Phế cầu (Pneumococcal),3,2,60,4.9,1360,1150000,5,5,1,6,121,409,0,60,0
2026-05-16,3,VaxCare Nowzone,9,Vắc xin Viêm não Nhật Bản,2,3,28,4.8,720,450000,5,5,1,5,134,203,0,60,0
2026-05-16,3,VaxCare Nowzone,10,Vắc xin Cúm mùa (Influenza),5,1,365,4.9,2180,450000,5,5,1,8,607,48,1,60,0
2026-05-16,3,VaxCare Nowzone,11,Vắc xin HPV (Human Papillomavirus),2,2,180,4.9,1240,1790000,5,5,1,4,158,221,0,60,0
2026-05-16,3,VaxCare Nowzone,12,Vắc xin COVID-19,3,2,180,4.7,1890,550000,5,5,1,14,378,403,0,60,0
2026-05-16,3,VaxCare Nowzone,13,Vắc xin Zona (Shingrix),4,2,60,4.9,640,3200000,5,5,1,2,59,433,0,60,1
2026-05-16,4,VaxCare Củ Chi - Bình Mỹ,1,Vắc xin BCG (Bacille Calmette–Guérin),1,1,0,4.9,860,250000,5,5,1,2,167,576,0,30,0
2026-05-16,4,VaxCare Củ Chi - Bình Mỹ,2,Vắc xin Viêm gan B (Hepatitis B),1,3,30,4.8,1420,350000,5,5,1,5,221,263,0,30,0
2026-05-16,4,VaxCare Củ Chi - Bình Mỹ,3,Vắc xin Bạch hầu – Ho gà – Uốn ván (DTaP/Tdap),2,5,60,4.9,1180,520000,5,5,1,4,155,609,0,30,0
2026-05-16,4,VaxCare Củ Chi - Bình Mỹ,4,Vắc xin Bại liệt (IPV),1,4,60,4.8,930,390000,5,5,1,3,167,595,0,30,0
2026-05-16,4,VaxCare Củ Chi - Bình Mỹ,5,Vắc xin Hib (Haemophilus influenzae type b),1,3,60,4.9,760,420000,5,5,1,2,123,582,0,30,0
2026-05-16,4,VaxCare Củ Chi - Bình Mỹ,6,Vắc xin MMR (Sởi – Quai bị – Rubella),2,2,28,4.9,1050,350000,5,5,1,4,197,419,0,30,0
2026-05-16,4,VaxCare Củ Chi - Bình Mỹ,7,Vắc xin Thủy đậu (Varicella),2,2,28,4.8,980,850000,5,5,1,3,97,583,0,30,0
2026-05-16,4,VaxCare Củ Chi - Bình Mỹ,8,Vắc xin Phế cầu (Pneumococcal),3,2,60,4.9,1360,1150000,5,5,1,4,72,473,0,30,0
2026-05-16,4,VaxCare Củ Chi - Bình Mỹ,9,Vắc xin Viêm não Nhật Bản,2,3,28,4.8,720,450000,5,5,1,2,83,217,0,30,0
2026-05-16,4,VaxCare Củ Chi - Bình Mỹ,10,Vắc xin Cúm mùa (Influenza),5,1,365,4.9,2180,450000,5,5,1,5,310,80,1,30,0
2026-05-16,4,VaxCare Củ Chi - Bình Mỹ,11,Vắc xin HPV (Human Papillomavirus),2,2,180,4.9,1240,1790000,5,5,1,3,138,410,0,30,0
2026-05-16,4,VaxCare Củ Chi - Bình Mỹ,12,Vắc xin COVID-19,3,2,180,4.7,1890,550000,5,5,1,6,178,489,0,30,0
2026-05-16,4,VaxCare Củ Chi - Bình Mỹ,13,Vắc xin Zona (Shingrix),4,2,60,4.9,640,3200000,5,5,1,1,3,644,0,30,1
2026-05-16,5,VaxCare Trung Mỹ Tây,1,Vắc xin BCG (Bacille Calmette–Guérin),1,1,0,4.9,860,250000,5,5,1,5,181,317,0,40,0
2026-05-16,5,VaxCare Trung Mỹ Tây,2,Vắc xin Viêm gan B (Hepatitis B),1,3,30,4.8,1420,350000,5,5,1,9,303,482,0,40,0
2026-05-16,5,VaxCare Trung Mỹ Tây,3,Vắc xin Bạch hầu – Ho gà – Uốn ván (DTaP/Tdap),2,5,60,4.9,1180,520000,5,5,1,3,220,600,0,40,0
2026-05-16,5,VaxCare Trung Mỹ Tây,4,Vắc xin Bại liệt (IPV),1,4,60,4.8,930,390000,5,5,1,4,222,508,0,40,0
2026-05-16,5,VaxCare Trung Mỹ Tây,5,Vắc xin Hib (Haemophilus influenzae type b),1,3,60,4.9,760,420000,5,5,1,3,148,220,0,40,0
2026-05-16,5,VaxCare Trung Mỹ Tây,6,Vắc xin MMR (Sởi – Quai bị – Rubella),2,2,28,4.9,1050,350000,5,5,1,5,234,280,0,40,0
2026-05-16,5,VaxCare Trung Mỹ Tây,7,Vắc xin Thủy đậu (Varicella),2,2,28,4.8,980,850000,5,5,1,4,112,425,0,40,0
2026-05-16,5,VaxCare Trung Mỹ Tây,8,Vắc xin Phế cầu (Pneumococcal),3,2,60,4.9,1360,1150000,5,5,1,5,129,569,0,40,0
2026-05-16,5,VaxCare Trung Mỹ Tây,9,Vắc xin Viêm não Nhật Bản,2,3,28,4.8,720,450000,5,5,1,3,108,526,0,40,0
2026-05-16,5,VaxCare Trung Mỹ Tây,10,Vắc xin Cúm mùa (Influenza),5,1,365,4.9,2180,450000,5,5,1,9,563,102,0,40,0
2026-05-16,5,VaxCare Trung Mỹ Tây,11,Vắc xin HPV (Human Papillomavirus),2,2,180,4.9,1240,1790000,5,5,1,4,198,238,0,40,0
2026-05-16,5,VaxCare Trung Mỹ Tây,12,Vắc xin COVID-19,3,2,180,4.7,1890,550000,5,5,1,7,243,431,0,40,0
2026-05-16,5,VaxCare Trung Mỹ Tây,13,Vắc xin Zona (Shingrix),4,2,60,4.9,640,3200000,5,5,1,3,34,426,0,40,1
2026-05-16,6,VaxCare Co.opmart Quang Trung,1,Vắc xin BCG (Bacille Calmette–Guérin),1,1,0,4.9,860,250000,5,5,1,6,161,691,0,50,0
2026-05-16,6,VaxCare Co.opmart Quang Trung,2,Vắc xin Viêm gan B (Hepatitis B),1,3,30,4.8,1420,350000,5,5,1,6,289,453,0,50,0
2026-05-16,6,VaxCare Co.opmart Quang Trung,3,Vắc xin Bạch hầu – Ho gà – Uốn ván (DTaP/Tdap),2,5,60,4.9,1180,520000,5,5,1,5,159,579,0,50,0
2026-05-16,6,VaxCare Co.opmart Quang Trung,4,Vắc xin Bại liệt (IPV),1,4,60,4.8,930,390000,5,5,1,4,247,518,0,50,0
2026-05-16,6,VaxCare Co.opmart Quang Trung,5,Vắc xin Hib (Haemophilus influenzae type b),1,3,60,4.9,760,420000,5,5,1,3,188,454,0,50,0
2026-05-16,6,VaxCare Co.opmart Quang Trung,6,Vắc xin MMR (Sởi – Quai bị – Rubella),2,2,28,4.9,1050,350000,5,5,1,5,263,549,0,50,0
2026-05-16,6,VaxCare Co.opmart Quang Trung,7,Vắc xin Thủy đậu (Varicella),2,2,28,4.8,980,850000,5,5,1,3,136,663,0,50,0
2026-05-16,6,VaxCare Co.opmart Quang Trung,8,Vắc xin Phế cầu (Pneumococcal),3,2,60,4.9,1360,1150000,5,5,1,4,105,575,0,50,0
2026-05-16,6,VaxCare Co.opmart Quang Trung,9,Vắc xin Viêm não Nhật Bản,2,3,28,4.8,720,450000,5,5,1,4,133,245,0,50,0
2026-05-16,6,VaxCare Co.opmart Quang Trung,10,Vắc xin Cúm mùa (Influenza),5,1,365,4.9,2180,450000,5,5,1,9,433,50,1,50,0
2026-05-16,6,VaxCare Co.opmart Quang Trung,11,Vắc xin HPV (Human Papillomavirus),2,2,180,4.9,1240,1790000,5,5,1,6,113,202,0,50,0
2026-05-16,6,VaxCare Co.opmart Quang Trung,12,Vắc xin COVID-19,3,2,180,4.7,1890,550000,5,5,1,14,295,520,0,50,0
2026-05-16,6,VaxCare Co.opmart Quang Trung,13,Vắc xin Zona (Shingrix),4,2,60,4.9,640,3200000,5,5,1,1,57,269,0,50,0
2026-05-16,7,VaxCare Oriental Plaza,1,Vắc xin BCG (Bacille Calmette–Guérin),1,1,0,4.9,860,250000,5,5,1,5,270,588,0,45,0
2026-05-16,7,VaxCare Oriental Plaza,2,Vắc xin Viêm gan B (Hepatitis B),1,3,30,4.8,1420,350000,5,5,1,6,324,560,0,45,0
2026-05-16,7,VaxCare Oriental Plaza,3,Vắc xin Bạch hầu – Ho gà – Uốn ván (DTaP/Tdap),2,5,60,4.9,1180,520000,5,5,1,5,166,637,0,45,0
2026-05-16,7,VaxCare Oriental Plaza,4,Vắc xin Bại liệt (IPV),1,4,60,4.8,930,390000,5,5,1,5,160,644,0,45,0
2026-05-16,7,VaxCare Oriental Plaza,5,Vắc xin Hib (Haemophilus influenzae type b),1,3,60,4.9,760,420000,5,5,1,4,196,425,0,45,0
2026-05-16,7,VaxCare Oriental Plaza,6,Vắc xin MMR (Sởi – Quai bị – Rubella),2,2,28,4.9,1050,350000,5,5,1,4,245,365,0,45,0
2026-05-16,7,VaxCare Oriental Plaza,7,Vắc xin Thủy đậu (Varicella),2,2,28,4.8,980,850000,5,5,1,6,97,451,0,45,0
2026-05-16,7,VaxCare Oriental Plaza,8,Vắc xin Phế cầu (Pneumococcal),3,2,60,4.9,1360,1150000,5,5,1,6,96,341,0,45,0
2026-05-16,7,VaxCare Oriental Plaza,9,Vắc xin Viêm não Nhật Bản,2,3,28,4.8,720,450000,5,5,1,2,162,504,0,45,0
2026-05-16,7,VaxCare Oriental Plaza,10,Vắc xin Cúm mùa (Influenza),5,1,365,4.9,2180,450000,5,5,1,9,582,44,1,45,0
2026-05-16,7,VaxCare Oriental Plaza,11,Vắc xin HPV (Human Papillomavirus),2,2,180,4.9,1240,1790000,5,5,1,6,119,648,0,45,0
2026-05-16,7,VaxCare Oriental Plaza,12,Vắc xin COVID-19,3,2,180,4.7,1890,550000,5,5,1,7,231,304,0,45,0
2026-05-16,7,VaxCare Oriental Plaza,13,Vắc xin Zona (Shingrix),4,2,60,4.9,640,3200000,5,5,1,3,31,325,0,45,1
2026-05-16,8,VaxCare Hóc Môn - Đông Thạnh,1,Vắc xin BCG (Bacille Calmette–Guérin),1,1,0,4.9,860,250000,5,5,1,3,215,637,0,30,0
2026-05-16,8,VaxCare Hóc Môn - Đông Thạnh,2,Vắc xin Viêm gan B (Hepatitis B),1,3,30,4.8,1420,350000,5,5,1,5,160,340,0,30,0
2026-05-16,8,VaxCare Hóc Môn - Đông Thạnh,3,Vắc xin Bạch hầu – Ho gà – Uốn ván (DTaP/Tdap),2,5,60,4.9,1180,520000,5,5,1,3,112,360,0,30,0
2026-05-16,8,VaxCare Hóc Môn - Đông Thạnh,4,Vắc xin Bại liệt (IPV),1,4,60,4.8,930,390000,5,5,1,3,114,453,0,30,0
2026-05-16,8,VaxCare Hóc Môn - Đông Thạnh,5,Vắc xin Hib (Haemophilus influenzae type b),1,3,60,4.9,760,420000,5,5,1,2,118,295,0,30,0
2026-05-16,8,VaxCare Hóc Môn - Đông Thạnh,6,Vắc xin MMR (Sởi – Quai bị – Rubella),2,2,28,4.9,1050,350000,5,5,1,3,194,205,0,30,0
2026-05-16,8,VaxCare Hóc Môn - Đông Thạnh,7,Vắc xin Thủy đậu (Varicella),2,2,28,4.8,980,850000,5,5,1,3,89,529,0,30,0
2026-05-16,8,VaxCare Hóc Môn - Đông Thạnh,8,Vắc xin Phế cầu (Pneumococcal),3,2,60,4.9,1360,1150000,5,5,1,5,77,635,0,30,0
2026-05-16,8,VaxCare Hóc Môn - Đông Thạnh,9,Vắc xin Viêm não Nhật Bản,2,3,28,4.8,720,450000,5,5,1,2,90,620,0,30,0
2026-05-16,8,VaxCare Hóc Môn - Đông Thạnh,10,Vắc xin Cúm mùa (Influenza),5,1,365,4.9,2180,450000,5,5,1,1,318,78,1,30,0
2026-05-16,8,VaxCare Hóc Môn - Đông Thạnh,11,Vắc xin HPV (Human Papillomavirus),2,2,180,4.9,1240,1790000,5,5,1,2,101,465,0,30,0
2026-05-16,8,VaxCare Hóc Môn - Đông Thạnh,12,Vắc xin COVID-19,3,2,180,4.7,1890,550000,5,5,1,3,271,545,0,30,0
2026-05-16,8,VaxCare Hóc Môn - Đông Thạnh,13,Vắc xin Zona (Shingrix),4,2,60,4.9,640,3200000,5,5,1,2,20,244,0,30,1
2026-05-16,9,VaxCare Hiệp Bình,1,Vắc xin BCG (Bacille Calmette–Guérin),1,1,0,4.9,860,250000,5,5,1,4,144,226,0,40,0
2026-05-16,9,VaxCare Hiệp Bình,2,Vắc xin Viêm gan B (Hepatitis B),1,3,30,4.8,1420,350000,5,5,1,7,234,362,0,40,0
2026-05-16,9,VaxCare Hiệp Bình,3,Vắc xin Bạch hầu – Ho gà – Uốn ván (DTaP/Tdap),2,5,60,4.9,1180,520000,5,5,1,5,227,370,0,40,0
2026-05-16,9,VaxCare Hiệp Bình,4,Vắc xin Bại liệt (IPV),1,4,60,4.8,930,390000,5,5,1,3,180,615,0,40,0
2026-05-16,9,VaxCare Hiệp Bình,5,Vắc xin Hib (Haemophilus influenzae type b),1,3,60,4.9,760,420000,5,5,1,3,113,306,0,40,0
2026-05-16,9,VaxCare Hiệp Bình,6,Vắc xin MMR (Sởi – Quai bị – Rubella),2,2,28,4.9,1050,350000,5,5,1,6,302,587,0,40,0
2026-05-16,9,VaxCare Hiệp Bình,7,Vắc xin Thủy đậu (Varicella),2,2,28,4.8,980,850000,5,5,1,5,152,348,0,40,0
2026-05-16,9,VaxCare Hiệp Bình,8,Vắc xin Phế cầu (Pneumococcal),3,2,60,4.9,1360,1150000,5,5,1,6,106,382,0,40,0
2026-05-16,9,VaxCare Hiệp Bình,9,Vắc xin Viêm não Nhật Bản,2,3,28,4.8,720,450000,5,5,1,2,95,337,0,40,0
2026-05-16,9,VaxCare Hiệp Bình,10,Vắc xin Cúm mùa (Influenza),5,1,365,4.9,2180,450000,5,5,1,7,441,36,1,40,0
2026-05-16,9,VaxCare Hiệp Bình,11,Vắc xin HPV (Human Papillomavirus),2,2,180,4.9,1240,1790000,5,5,1,5,174,676,0,40,0
2026-05-16,9,VaxCare Hiệp Bình,12,Vắc xin COVID-19,3,2,180,4.7,1890,550000,5,5,1,5,287,562,0,40,0
2026-05-16,9,VaxCare Hiệp Bình,13,Vắc xin Zona (Shingrix),4,2,60,4.9,640,3200000,5,5,1,2,63,398,0,40,0
2026-05-16,10,VaxCare Tân Định,1,Vắc xin BCG (Bacille Calmette–Guérin),1,1,0,4.9,860,250000,5,5,1,3,305,334,0,50,0
2026-05-16,10,VaxCare Tân Định,2,Vắc xin Viêm gan B (Hepatitis B),1,3,30,4.8,1420,350000,5,5,1,6,350,374,0,50,0
2026-05-16,10,VaxCare Tân Định,3,Vắc xin Bạch hầu – Ho gà – Uốn ván (DTaP/Tdap),2,5,60,4.9,1180,520000,5,5,1,4,258,474,0,50,0
2026-05-16,10,VaxCare Tân Định,4,Vắc xin Bại liệt (IPV),1,4,60,4.8,930,390000,5,5,1,4,205,407,0,50,0
2026-05-16,10,VaxCare Tân Định,5,Vắc xin Hib (Haemophilus influenzae type b),1,3,60,4.9,760,420000,5,5,1,2,236,412,0,50,0
2026-05-16,10,VaxCare Tân Định,6,Vắc xin MMR (Sởi – Quai bị – Rubella),2,2,28,4.9,1050,350000,5,5,1,5,299,538,0,50,0
2026-05-16,10,VaxCare Tân Định,7,Vắc xin Thủy đậu (Varicella),2,2,28,4.8,980,850000,5,5,1,4,164,273,0,50,0
2026-05-16,10,VaxCare Tân Định,8,Vắc xin Phế cầu (Pneumococcal),3,2,60,4.9,1360,1150000,5,5,1,5,94,371,0,50,0
2026-05-16,10,VaxCare Tân Định,9,Vắc xin Viêm não Nhật Bản,2,3,28,4.8,720,450000,5,5,1,4,114,303,0,50,0
2026-05-16,10,VaxCare Tân Định,10,Vắc xin Cúm mùa (Influenza),5,1,365,4.9,2180,450000,5,5,1,12,618,127,0,50,0
2026-05-16,10,VaxCare Tân Định,11,Vắc xin HPV (Human Papillomavirus),2,2,180,4.9,1240,1790000,5,5,1,6,154,307,0,50,0
2026-05-16,10,VaxCare Tân Định,12,Vắc xin COVID-19,3,2,180,4.7,1890,550000,5,5,1,18,266,407,0,50,0
2026-05-16,10,VaxCare Tân Định,13,Vắc xin Zona (Shingrix),4,2,60,4.9,640,3200000,5,5,1,1,89,271,0,50,0
2026-05-16,11,VaxCare An Lạc,1,Vắc xin BCG (Bacille Calmette–Guérin),1,1,0,4.9,860,250000,5,5,1,3,255,625,0,40,0
2026-05-16,11,VaxCare An Lạc,2,Vắc xin Viêm gan B (Hepatitis B),1,3,30,4.8,1420,350000,5,5,1,5,371,444,0,40,0
2026-05-16,11,VaxCare An Lạc,3,Vắc xin Bạch hầu – Ho gà – Uốn ván (DTaP/Tdap),2,5,60,4.9,1180,520000,5,5,1,4,185,512,0,40,0
2026-05-16,11,VaxCare An Lạc,4,Vắc xin Bại liệt (IPV),1,4,60,4.8,930,390000,5,5,1,4,180,328,0,40,0
2026-05-16,11,VaxCare An Lạc,5,Vắc xin Hib (Haemophilus influenzae type b),1,3,60,4.9,760,420000,5,5,1,5,162,336,0,40,0
2026-05-16,11,VaxCare An Lạc,6,Vắc xin MMR (Sởi – Quai bị – Rubella),2,2,28,4.9,1050,350000,5,5,1,5,212,700,0,40,0
2026-05-16,11,VaxCare An Lạc,7,Vắc xin Thủy đậu (Varicella),2,2,28,4.8,980,850000,5,5,1,4,122,479,0,40,0
2026-05-16,11,VaxCare An Lạc,8,Vắc xin Phế cầu (Pneumococcal),3,2,60,4.9,1360,1150000,5,5,1,6,78,337,0,40,0
2026-05-16,11,VaxCare An Lạc,9,Vắc xin Viêm não Nhật Bản,2,3,28,4.8,720,450000,5,5,1,4,128,542,0,40,0
2026-05-16,11,VaxCare An Lạc,10,Vắc xin Cúm mùa (Influenza),5,1,365,4.9,2180,450000,5,5,1,17,412,188,0,40,0
2026-05-16,11,VaxCare An Lạc,11,Vắc xin HPV (Human Papillomavirus),2,2,180,4.9,1240,1790000,5,5,1,5,182,560,0,40,0
2026-05-16,11,VaxCare An Lạc,12,Vắc xin COVID-19,3,2,180,4.7,1890,550000,5,5,1,6,256,670,0,40,0
2026-05-16,11,VaxCare An Lạc,13,Vắc xin Zona (Shingrix),4,2,60,4.9,640,3200000,5,5,1,2,56,297,0,40,0
2026-05-16,12,VaxCare Phú Thuận,1,Vắc xin BCG (Bacille Calmette–Guérin),1,1,0,4.9,860,250000,5,5,1,2,208,683,0,35,0
2026-05-16,12,VaxCare Phú Thuận,2,Vắc xin Viêm gan B (Hepatitis B),1,3,30,4.8,1420,350000,5,5,1,8,259,677,0,35,0
2026-05-16,12,VaxCare Phú Thuận,3,Vắc xin Bạch hầu – Ho gà – Uốn ván (DTaP/Tdap),2,5,60,4.9,1180,520000,5,5,1,4,214,492,0,35,0
2026-05-16,12,VaxCare Phú Thuận,4,Vắc xin Bại liệt (IPV),1,4,60,4.8,930,390000,5,5,1,3,219,193,0,35,0
2026-05-16,12,VaxCare Phú Thuận,5,Vắc xin Hib (Haemophilus influenzae type b),1,3,60,4.9,760,420000,5,5,1,4,231,574,0,35,0
2026-05-16,12,VaxCare Phú Thuận,6,Vắc xin MMR (Sởi – Quai bị – Rubella),2,2,28,4.9,1050,350000,5,5,1,3,226,473,0,35,0
2026-05-16,12,VaxCare Phú Thuận,7,Vắc xin Thủy đậu (Varicella),2,2,28,4.8,980,850000,5,5,1,5,150,664,0,35,0
2026-05-16,12,VaxCare Phú Thuận,8,Vắc xin Phế cầu (Pneumococcal),3,2,60,4.9,1360,1150000,5,5,1,6,61,501,0,35,0
2026-05-16,12,VaxCare Phú Thuận,9,Vắc xin Viêm não Nhật Bản,2,3,28,4.8,720,450000,5,5,1,3,95,550,0,35,0
2026-05-16,12,VaxCare Phú Thuận,10,Vắc xin Cúm mùa (Influenza),5,1,365,4.9,2180,450000,5,5,1,10,455,74,1,35,0
2026-05-16,12,VaxCare Phú Thuận,11,Vắc xin HPV (Human Papillomavirus),2,2,180,4.9,1240,1790000,5,5,1,4,212,268,0,35,0
2026-05-16,12,VaxCare Phú Thuận,12,Vắc xin COVID-19,3,2,180,4.7,1890,550000,5,5,1,17,233,259,0,35,0
2026-05-16,12,VaxCare Phú Thuận,13,Vắc xin Zona (Shingrix),4,2,60,4.9,640,3200000,5,5,1,1,38,618,0,35,0
2026-05-17,1,VaxCare Phú Nhuận,1,Vắc xin BCG (Bacille Calmette–Guérin),1,1,0,4.9,860,250000,6,5,1,5,243,564,0,50,0
2026-05-17,1,VaxCare Phú Nhuận,2,Vắc xin Viêm gan B (Hepatitis B),1,3,30,4.8,1420,350000,6,5,1,7,381,508,0,50,0
2026-05-17,1,VaxCare Phú Nhuận,3,Vắc xin Bạch hầu – Ho gà – Uốn ván (DTaP/Tdap),2,5,60,4.9,1180,520000,6,5,1,6,181,369,0,50,0
2026-05-17,1,VaxCare Phú Nhuận,4,Vắc xin Bại liệt (IPV),1,4,60,4.8,930,390000,6,5,1,5,212,320,0,50,0
2026-05-17,1,VaxCare Phú Nhuận,5,Vắc xin Hib (Haemophilus influenzae type b),1,3,60,4.9,760,420000,6,5,1,4,154,342,0,50,0
2026-05-17,1,VaxCare Phú Nhuận,6,Vắc xin MMR (Sởi – Quai bị – Rubella),2,2,28,4.9,1050,350000,6,5,1,5,341,688,0,50,0
2026-05-17,1,VaxCare Phú Nhuận,7,Vắc xin Thủy đậu (Varicella),2,2,28,4.8,980,850000,6,5,1,3,125,494,0,50,0
2026-05-17,1,VaxCare Phú Nhuận,8,Vắc xin Phế cầu (Pneumococcal),3,2,60,4.9,1360,1150000,6,5,1,5,86,429,0,50,0
2026-05-17,1,VaxCare Phú Nhuận,9,Vắc xin Viêm não Nhật Bản,2,3,28,4.8,720,450000,6,5,1,3,134,593,0,50,0
2026-05-17,1,VaxCare Phú Nhuận,10,Vắc xin Cúm mùa (Influenza),5,1,365,4.9,2180,450000,6,5,1,9,502,39,1,50,0
2026-05-17,1,VaxCare Phú Nhuận,11,Vắc xin HPV (Human Papillomavirus),2,2,180,4.9,1240,1790000,6,5,1,4,152,255,0,50,0
2026-05-17,1,VaxCare Phú Nhuận,12,Vắc xin COVID-19,3,2,180,4.7,1890,550000,6,5,1,11,223,416,0,50,0
2026-05-17,1,VaxCare Phú Nhuận,13,Vắc xin Zona (Shingrix),4,2,60,4.9,640,3200000,6,5,1,1,37,628,0,50,1
2026-05-17,2,VaxCare Thủ Đức - Bình Chiểu,1,Vắc xin BCG (Bacille Calmette–Guérin),1,1,0,4.9,860,250000,6,5,1,4,255,527,0,40,0
2026-05-17,2,VaxCare Thủ Đức - Bình Chiểu,2,Vắc xin Viêm gan B (Hepatitis B),1,3,30,4.8,1420,350000,6,5,1,4,318,610,0,40,0
2026-05-17,2,VaxCare Thủ Đức - Bình Chiểu,3,Vắc xin Bạch hầu – Ho gà – Uốn ván (DTaP/Tdap),2,5,60,4.9,1180,520000,6,5,1,7,182,496,0,40,0
2026-05-17,2,VaxCare Thủ Đức - Bình Chiểu,4,Vắc xin Bại liệt (IPV),1,4,60,4.8,930,390000,6,5,1,3,198,571,0,40,0
2026-05-17,2,VaxCare Thủ Đức - Bình Chiểu,5,Vắc xin Hib (Haemophilus influenzae type b),1,3,60,4.9,760,420000,6,5,1,3,151,522,0,40,0
2026-05-17,2,VaxCare Thủ Đức - Bình Chiểu,6,Vắc xin MMR (Sởi – Quai bị – Rubella),2,2,28,4.9,1050,350000,6,5,1,4,215,226,0,40,0
2026-05-17,2,VaxCare Thủ Đức - Bình Chiểu,7,Vắc xin Thủy đậu (Varicella),2,2,28,4.8,980,850000,6,5,1,5,119,204,0,40,0
2026-05-17,2,VaxCare Thủ Đức - Bình Chiểu,8,Vắc xin Phế cầu (Pneumococcal),3,2,60,4.9,1360,1150000,6,5,1,7,88,567,0,40,0
2026-05-17,2,VaxCare Thủ Đức - Bình Chiểu,9,Vắc xin Viêm não Nhật Bản,2,3,28,4.8,720,450000,6,5,1,3,93,647,0,40,0
2026-05-17,2,VaxCare Thủ Đức - Bình Chiểu,10,Vắc xin Cúm mùa (Influenza),5,1,365,4.9,2180,450000,6,5,1,8,536,31,1,40,0
2026-05-17,2,VaxCare Thủ Đức - Bình Chiểu,11,Vắc xin HPV (Human Papillomavirus),2,2,180,4.9,1240,1790000,6,5,1,6,185,610,0,40,0
2026-05-17,2,VaxCare Thủ Đức - Bình Chiểu,12,Vắc xin COVID-19,3,2,180,4.7,1890,550000,6,5,1,10,305,493,0,40,0
2026-05-17,2,VaxCare Thủ Đức - Bình Chiểu,13,Vắc xin Zona (Shingrix),4,2,60,4.9,640,3200000,6,5,1,2,16,590,0,40,1
2026-05-17,3,VaxCare Nowzone,1,Vắc xin BCG (Bacille Calmette–Guérin),1,1,0,4.9,860,250000,6,5,1,4,199,640,0,60,0
2026-05-17,3,VaxCare Nowzone,2,Vắc xin Viêm gan B (Hepatitis B),1,3,30,4.8,1420,350000,6,5,1,9,457,386,0,60,0
2026-05-17,3,VaxCare Nowzone,3,Vắc xin Bạch hầu – Ho gà – Uốn ván (DTaP/Tdap),2,5,60,4.9,1180,520000,6,5,1,6,191,214,0,60,0
2026-05-17,3,VaxCare Nowzone,4,Vắc xin Bại liệt (IPV),1,4,60,4.8,930,390000,6,5,1,3,182,203,0,60,0
2026-05-17,3,VaxCare Nowzone,5,Vắc xin Hib (Haemophilus influenzae type b),1,3,60,4.9,760,420000,6,5,1,4,180,405,0,60,0
2026-05-17,3,VaxCare Nowzone,6,Vắc xin MMR (Sởi – Quai bị – Rubella),2,2,28,4.9,1050,350000,6,5,1,6,309,575,0,60,0
2026-05-17,3,VaxCare Nowzone,7,Vắc xin Thủy đậu (Varicella),2,2,28,4.8,980,850000,6,5,1,5,169,370,0,60,0
2026-05-17,3,VaxCare Nowzone,8,Vắc xin Phế cầu (Pneumococcal),3,2,60,4.9,1360,1150000,6,5,1,7,95,292,0,60,0
2026-05-17,3,VaxCare Nowzone,9,Vắc xin Viêm não Nhật Bản,2,3,28,4.8,720,450000,6,5,1,3,145,569,0,60,0
2026-05-17,3,VaxCare Nowzone,10,Vắc xin Cúm mùa (Influenza),5,1,365,4.9,2180,450000,6,5,1,12,453,124,0,60,0
2026-05-17,3,VaxCare Nowzone,11,Vắc xin HPV (Human Papillomavirus),2,2,180,4.9,1240,1790000,6,5,1,5,202,556,0,60,0
2026-05-17,3,VaxCare Nowzone,12,Vắc xin COVID-19,3,2,180,4.7,1890,550000,6,5,1,5,288,344,0,60,0
2026-05-17,3,VaxCare Nowzone,13,Vắc xin Zona (Shingrix),4,2,60,4.9,640,3200000,6,5,1,3,61,486,0,60,0
2026-05-17,4,VaxCare Củ Chi - Bình Mỹ,1,Vắc xin BCG (Bacille Calmette–Guérin),1,1,0,4.9,860,250000,6,5,1,3,150,476,0,30,0
2026-05-17,4,VaxCare Củ Chi - Bình Mỹ,2,Vắc xin Viêm gan B (Hepatitis B),1,3,30,4.8,1420,350000,6,5,1,6,272,582,0,30,0
2026-05-17,4,VaxCare Củ Chi - Bình Mỹ,3,Vắc xin Bạch hầu – Ho gà – Uốn ván (DTaP/Tdap),2,5,60,4.9,1180,520000,6,5,1,3,111,625,0,30,0
2026-05-17,4,VaxCare Củ Chi - Bình Mỹ,4,Vắc xin Bại liệt (IPV),1,4,60,4.8,930,390000,6,5,1,3,127,448,0,30,0
2026-05-17,4,VaxCare Củ Chi - Bình Mỹ,5,Vắc xin Hib (Haemophilus influenzae type b),1,3,60,4.9,760,420000,6,5,1,3,155,406,0,30,0
2026-05-17,4,VaxCare Củ Chi - Bình Mỹ,6,Vắc xin MMR (Sởi – Quai bị – Rubella),2,2,28,4.9,1050,350000,6,5,1,3,162,254,0,30,0
2026-05-17,4,VaxCare Củ Chi - Bình Mỹ,7,Vắc xin Thủy đậu (Varicella),2,2,28,4.8,980,850000,6,5,1,4,102,304,0,30,0
2026-05-17,4,VaxCare Củ Chi - Bình Mỹ,8,Vắc xin Phế cầu (Pneumococcal),3,2,60,4.9,1360,1150000,6,5,1,2,73,428,0,30,0
2026-05-17,4,VaxCare Củ Chi - Bình Mỹ,9,Vắc xin Viêm não Nhật Bản,2,3,28,4.8,720,450000,6,5,1,2,83,641,0,30,0
2026-05-17,4,VaxCare Củ Chi - Bình Mỹ,10,Vắc xin Cúm mùa (Influenza),5,1,365,4.9,2180,450000,6,5,1,6,294,97,0,30,0
2026-05-17,4,VaxCare Củ Chi - Bình Mỹ,11,Vắc xin HPV (Human Papillomavirus),2,2,180,4.9,1240,1790000,6,5,1,4,74,409,0,30,0
2026-05-17,4,VaxCare Củ Chi - Bình Mỹ,12,Vắc xin COVID-19,3,2,180,4.7,1890,550000,6,5,1,10,135,610,0,30,0
2026-05-17,4,VaxCare Củ Chi - Bình Mỹ,13,Vắc xin Zona (Shingrix),4,2,60,4.9,640,3200000,6,5,1,1,5,403,0,30,1
2026-05-17,5,VaxCare Trung Mỹ Tây,1,Vắc xin BCG (Bacille Calmette–Guérin),1,1,0,4.9,860,250000,6,5,1,1,253,435,0,40,0
2026-05-17,5,VaxCare Trung Mỹ Tây,2,Vắc xin Viêm gan B (Hepatitis B),1,3,30,4.8,1420,350000,6,5,1,6,278,636,0,40,0
2026-05-17,5,VaxCare Trung Mỹ Tây,3,Vắc xin Bạch hầu – Ho gà – Uốn ván (DTaP/Tdap),2,5,60,4.9,1180,520000,6,5,1,5,141,670,0,40,0
2026-05-17,5,VaxCare Trung Mỹ Tây,4,Vắc xin Bại liệt (IPV),1,4,60,4.8,930,390000,6,5,1,4,205,488,0,40,0
2026-05-17,5,VaxCare Trung Mỹ Tây,5,Vắc xin Hib (Haemophilus influenzae type b),1,3,60,4.9,760,420000,6,5,1,3,199,473,0,40,0
2026-05-17,5,VaxCare Trung Mỹ Tây,6,Vắc xin MMR (Sởi – Quai bị – Rubella),2,2,28,4.9,1050,350000,6,5,1,6,237,524,0,40,0
2026-05-17,5,VaxCare Trung Mỹ Tây,7,Vắc xin Thủy đậu (Varicella),2,2,28,4.8,980,850000,6,5,1,3,140,308,0,40,0
2026-05-17,5,VaxCare Trung Mỹ Tây,8,Vắc xin Phế cầu (Pneumococcal),3,2,60,4.9,1360,1150000,6,5,1,4,71,489,0,40,0
2026-05-17,5,VaxCare Trung Mỹ Tây,9,Vắc xin Viêm não Nhật Bản,2,3,28,4.8,720,450000,6,5,1,3,68,570,0,40,0
2026-05-17,5,VaxCare Trung Mỹ Tây,10,Vắc xin Cúm mùa (Influenza),5,1,365,4.9,2180,450000,6,5,1,20,593,186,0,40,0
2026-05-17,5,VaxCare Trung Mỹ Tây,11,Vắc xin HPV (Human Papillomavirus),2,2,180,4.9,1240,1790000,6,5,1,4,137,324,0,40,0
2026-05-17,5,VaxCare Trung Mỹ Tây,12,Vắc xin COVID-19,3,2,180,4.7,1890,550000,6,5,1,12,301,319,0,40,0
2026-05-17,5,VaxCare Trung Mỹ Tây,13,Vắc xin Zona (Shingrix),4,2,60,4.9,640,3200000,6,5,1,3,73,652,0,40,0
2026-05-17,6,VaxCare Co.opmart Quang Trung,1,Vắc xin BCG (Bacille Calmette–Guérin),1,1,0,4.9,860,250000,6,5,1,2,165,581,0,50,0
2026-05-17,6,VaxCare Co.opmart Quang Trung,2,Vắc xin Viêm gan B (Hepatitis B),1,3,30,4.8,1420,350000,6,5,1,6,248,662,0,50,0
2026-05-17,6,VaxCare Co.opmart Quang Trung,3,Vắc xin Bạch hầu – Ho gà – Uốn ván (DTaP/Tdap),2,5,60,4.9,1180,520000,6,5,1,7,221,260,0,50,0
2026-05-17,6,VaxCare Co.opmart Quang Trung,4,Vắc xin Bại liệt (IPV),1,4,60,4.8,930,390000,6,5,1,7,248,447,0,50,0
2026-05-17,6,VaxCare Co.opmart Quang Trung,5,Vắc xin Hib (Haemophilus influenzae type b),1,3,60,4.9,760,420000,6,5,1,4,179,445,0,50,0
2026-05-17,6,VaxCare Co.opmart Quang Trung,6,Vắc xin MMR (Sởi – Quai bị – Rubella),2,2,28,4.9,1050,350000,6,5,1,4,247,406,0,50,0
2026-05-17,6,VaxCare Co.opmart Quang Trung,7,Vắc xin Thủy đậu (Varicella),2,2,28,4.8,980,850000,6,5,1,5,104,559,0,50,0
2026-05-17,6,VaxCare Co.opmart Quang Trung,8,Vắc xin Phế cầu (Pneumococcal),3,2,60,4.9,1360,1150000,6,5,1,5,63,367,0,50,0
2026-05-17,6,VaxCare Co.opmart Quang Trung,9,Vắc xin Viêm não Nhật Bản,2,3,28,4.8,720,450000,6,5,1,2,58,318,0,50,0
2026-05-17,6,VaxCare Co.opmart Quang Trung,10,Vắc xin Cúm mùa (Influenza),5,1,365,4.9,2180,450000,6,5,1,13,347,109,0,50,0
2026-05-17,6,VaxCare Co.opmart Quang Trung,11,Vắc xin HPV (Human Papillomavirus),2,2,180,4.9,1240,1790000,6,5,1,3,150,596,0,50,0
2026-05-17,6,VaxCare Co.opmart Quang Trung,12,Vắc xin COVID-19,3,2,180,4.7,1890,550000,6,5,1,7,228,488,0,50,0
2026-05-17,6,VaxCare Co.opmart Quang Trung,13,Vắc xin Zona (Shingrix),4,2,60,4.9,640,3200000,6,5,1,3,21,605,0,50,1
2026-05-17,7,VaxCare Oriental Plaza,1,Vắc xin BCG (Bacille Calmette–Guérin),1,1,0,4.9,860,250000,6,5,1,5,200,208,0,45,0
2026-05-17,7,VaxCare Oriental Plaza,2,Vắc xin Viêm gan B (Hepatitis B),1,3,30,4.8,1420,350000,6,5,1,5,223,324,0,45,0
2026-05-17,7,VaxCare Oriental Plaza,3,Vắc xin Bạch hầu – Ho gà – Uốn ván (DTaP/Tdap),2,5,60,4.9,1180,520000,6,5,1,5,181,231,0,45,0
2026-05-17,7,VaxCare Oriental Plaza,4,Vắc xin Bại liệt (IPV),1,4,60,4.8,930,390000,6,5,1,4,192,678,0,45,0
2026-05-17,7,VaxCare Oriental Plaza,5,Vắc xin Hib (Haemophilus influenzae type b),1,3,60,4.9,760,420000,6,5,1,4,148,656,0,45,0
2026-05-17,7,VaxCare Oriental Plaza,6,Vắc xin MMR (Sởi – Quai bị – Rubella),2,2,28,4.9,1050,350000,6,5,1,5,231,392,0,45,0
2026-05-17,7,VaxCare Oriental Plaza,7,Vắc xin Thủy đậu (Varicella),2,2,28,4.8,980,850000,6,5,1,4,164,413,0,45,0
2026-05-17,7,VaxCare Oriental Plaza,8,Vắc xin Phế cầu (Pneumococcal),3,2,60,4.9,1360,1150000,6,5,1,5,67,347,0,45,0
2026-05-17,7,VaxCare Oriental Plaza,9,Vắc xin Viêm não Nhật Bản,2,3,28,4.8,720,450000,6,5,1,2,80,580,0,45,0
2026-05-17,7,VaxCare Oriental Plaza,10,Vắc xin Cúm mùa (Influenza),5,1,365,4.9,2180,450000,6,5,1,15,411,116,0,45,0
2026-05-17,7,VaxCare Oriental Plaza,11,Vắc xin HPV (Human Papillomavirus),2,2,180,4.9,1240,1790000,6,5,1,5,173,385,0,45,0
2026-05-17,7,VaxCare Oriental Plaza,12,Vắc xin COVID-19,3,2,180,4.7,1890,550000,6,5,1,8,220,419,0,45,0
2026-05-17,7,VaxCare Oriental Plaza,13,Vắc xin Zona (Shingrix),4,2,60,4.9,640,3200000,6,5,1,2,43,518,0,45,1
2026-05-17,8,VaxCare Hóc Môn - Đông Thạnh,1,Vắc xin BCG (Bacille Calmette–Guérin),1,1,0,4.9,860,250000,6,5,1,3,161,389,0,30,0
2026-05-17,8,VaxCare Hóc Môn - Đông Thạnh,2,Vắc xin Viêm gan B (Hepatitis B),1,3,30,4.8,1420,350000,6,5,1,4,264,404,0,30,0
2026-05-17,8,VaxCare Hóc Môn - Đông Thạnh,3,Vắc xin Bạch hầu – Ho gà – Uốn ván (DTaP/Tdap),2,5,60,4.9,1180,520000,6,5,1,3,84,631,0,30,0
2026-05-17,8,VaxCare Hóc Môn - Đông Thạnh,4,Vắc xin Bại liệt (IPV),1,4,60,4.8,930,390000,6,5,1,4,140,618,0,30,0
2026-05-17,8,VaxCare Hóc Môn - Đông Thạnh,5,Vắc xin Hib (Haemophilus influenzae type b),1,3,60,4.9,760,420000,6,5,1,1,125,628,0,30,0
2026-05-17,8,VaxCare Hóc Môn - Đông Thạnh,6,Vắc xin MMR (Sởi – Quai bị – Rubella),2,2,28,4.9,1050,350000,6,5,1,5,234,669,0,30,0
2026-05-17,8,VaxCare Hóc Môn - Đông Thạnh,7,Vắc xin Thủy đậu (Varicella),2,2,28,4.8,980,850000,6,5,1,3,96,502,0,30,0
2026-05-17,8,VaxCare Hóc Môn - Đông Thạnh,8,Vắc xin Phế cầu (Pneumococcal),3,2,60,4.9,1360,1150000,6,5,1,3,64,464,0,30,0
2026-05-17,8,VaxCare Hóc Môn - Đông Thạnh,9,Vắc xin Viêm não Nhật Bản,2,3,28,4.8,720,450000,6,5,1,2,82,260,0,30,0
2026-05-17,8,VaxCare Hóc Môn - Đông Thạnh,10,Vắc xin Cúm mùa (Influenza),5,1,365,4.9,2180,450000,6,5,1,9,431,178,0,30,0
2026-05-17,8,VaxCare Hóc Môn - Đông Thạnh,11,Vắc xin HPV (Human Papillomavirus),2,2,180,4.9,1240,1790000,6,5,1,3,105,354,0,30,0
2026-05-17,8,VaxCare Hóc Môn - Đông Thạnh,12,Vắc xin COVID-19,3,2,180,4.7,1890,550000,6,5,1,8,163,314,0,30,0
2026-05-17,8,VaxCare Hóc Môn - Đông Thạnh,13,Vắc xin Zona (Shingrix),4,2,60,4.9,640,3200000,6,5,1,1,9,249,0,30,1
2026-05-17,9,VaxCare Hiệp Bình,1,Vắc xin BCG (Bacille Calmette–Guérin),1,1,0,4.9,860,250000,6,5,1,3,279,645,0,40,0
2026-05-17,9,VaxCare Hiệp Bình,2,Vắc xin Viêm gan B (Hepatitis B),1,3,30,4.8,1420,350000,6,5,1,7,355,315,0,40,0
2026-05-17,9,VaxCare Hiệp Bình,3,Vắc xin Bạch hầu – Ho gà – Uốn ván (DTaP/Tdap),2,5,60,4.9,1180,520000,6,5,1,4,140,629,0,40,0
2026-05-17,9,VaxCare Hiệp Bình,4,Vắc xin Bại liệt (IPV),1,4,60,4.8,930,390000,6,5,1,6,210,653,0,40,0
2026-05-17,9,VaxCare Hiệp Bình,5,Vắc xin Hib (Haemophilus influenzae type b),1,3,60,4.9,760,420000,6,5,1,4,223,687,0,40,0
2026-05-17,9,VaxCare Hiệp Bình,6,Vắc xin MMR (Sởi – Quai bị – Rubella),2,2,28,4.9,1050,350000,6,5,1,5,211,288,0,40,0
2026-05-17,9,VaxCare Hiệp Bình,7,Vắc xin Thủy đậu (Varicella),2,2,28,4.8,980,850000,6,5,1,4,136,231,0,40,0
2026-05-17,9,VaxCare Hiệp Bình,8,Vắc xin Phế cầu (Pneumococcal),3,2,60,4.9,1360,1150000,6,5,1,5,90,631,0,40,0
2026-05-17,9,VaxCare Hiệp Bình,9,Vắc xin Viêm não Nhật Bản,2,3,28,4.8,720,450000,6,5,1,3,70,331,0,40,0
2026-05-17,9,VaxCare Hiệp Bình,10,Vắc xin Cúm mùa (Influenza),5,1,365,4.9,2180,450000,6,5,1,7,440,69,1,40,0
2026-05-17,9,VaxCare Hiệp Bình,11,Vắc xin HPV (Human Papillomavirus),2,2,180,4.9,1240,1790000,6,5,1,4,170,531,0,40,0
2026-05-17,9,VaxCare Hiệp Bình,12,Vắc xin COVID-19,3,2,180,4.7,1890,550000,6,5,1,5,244,440,0,40,0
2026-05-17,9,VaxCare Hiệp Bình,13,Vắc xin Zona (Shingrix),4,2,60,4.9,640,3200000,6,5,1,3,62,677,0,40,0
2026-05-17,10,VaxCare Tân Định,1,Vắc xin BCG (Bacille Calmette–Guérin),1,1,0,4.9,860,250000,6,5,1,5,220,258,0,50,0
2026-05-17,10,VaxCare Tân Định,2,Vắc xin Viêm gan B (Hepatitis B),1,3,30,4.8,1420,350000,6,5,1,10,423,266,0,50,0
2026-05-17,10,VaxCare Tân Định,3,Vắc xin Bạch hầu – Ho gà – Uốn ván (DTaP/Tdap),2,5,60,4.9,1180,520000,6,5,1,7,176,648,0,50,0
2026-05-17,10,VaxCare Tân Định,4,Vắc xin Bại liệt (IPV),1,4,60,4.8,930,390000,6,5,1,5,316,534,0,50,0
2026-05-17,10,VaxCare Tân Định,5,Vắc xin Hib (Haemophilus influenzae type b),1,3,60,4.9,760,420000,6,5,1,4,247,231,0,50,0
2026-05-17,10,VaxCare Tân Định,6,Vắc xin MMR (Sởi – Quai bị – Rubella),2,2,28,4.9,1050,350000,6,5,1,5,337,230,0,50,0
2026-05-17,10,VaxCare Tân Định,7,Vắc xin Thủy đậu (Varicella),2,2,28,4.8,980,850000,6,5,1,4,149,216,0,50,0
2026-05-17,10,VaxCare Tân Định,8,Vắc xin Phế cầu (Pneumococcal),3,2,60,4.9,1360,1150000,6,5,1,5,134,334,0,50,0
2026-05-17,10,VaxCare Tân Định,9,Vắc xin Viêm não Nhật Bản,2,3,28,4.8,720,450000,6,5,1,5,121,543,0,50,0
2026-05-17,10,VaxCare Tân Định,10,Vắc xin Cúm mùa (Influenza),5,1,365,4.9,2180,450000,6,5,1,13,446,58,1,50,0
2026-05-17,10,VaxCare Tân Định,11,Vắc xin HPV (Human Papillomavirus),2,2,180,4.9,1240,1790000,6,5,1,6,176,325,0,50,0
2026-05-17,10,VaxCare Tân Định,12,Vắc xin COVID-19,3,2,180,4.7,1890,550000,6,5,1,8,358,440,0,50,0
2026-05-17,10,VaxCare Tân Định,13,Vắc xin Zona (Shingrix),4,2,60,4.9,640,3200000,6,5,1,3,13,347,0,50,1
2026-05-17,11,VaxCare An Lạc,1,Vắc xin BCG (Bacille Calmette–Guérin),1,1,0,4.9,860,250000,6,5,1,3,136,327,0,40,0
2026-05-17,11,VaxCare An Lạc,2,Vắc xin Viêm gan B (Hepatitis B),1,3,30,4.8,1420,350000,6,5,1,6,243,508,0,40,0
2026-05-17,11,VaxCare An Lạc,3,Vắc xin Bạch hầu – Ho gà – Uốn ván (DTaP/Tdap),2,5,60,4.9,1180,520000,6,5,1,5,200,571,0,40,0
2026-05-17,11,VaxCare An Lạc,4,Vắc xin Bại liệt (IPV),1,4,60,4.8,930,390000,6,5,1,4,244,181,0,40,0
2026-05-17,11,VaxCare An Lạc,5,Vắc xin Hib (Haemophilus influenzae type b),1,3,60,4.9,760,420000,6,5,1,3,194,476,0,40,0
2026-05-17,11,VaxCare An Lạc,6,Vắc xin MMR (Sởi – Quai bị – Rubella),2,2,28,4.9,1050,350000,6,5,1,5,179,492,0,40,0
2026-05-17,11,VaxCare An Lạc,7,Vắc xin Thủy đậu (Varicella),2,2,28,4.8,980,850000,6,5,1,4,103,518,0,40,0
2026-05-17,11,VaxCare An Lạc,8,Vắc xin Phế cầu (Pneumococcal),3,2,60,4.9,1360,1150000,6,5,1,5,20,350,0,40,1
2026-05-17,11,VaxCare An Lạc,9,Vắc xin Viêm não Nhật Bản,2,3,28,4.8,720,450000,6,5,1,2,75,566,0,40,0
2026-05-17,11,VaxCare An Lạc,10,Vắc xin Cúm mùa (Influenza),5,1,365,4.9,2180,450000,6,5,1,10,515,186,0,40,0
2026-05-17,11,VaxCare An Lạc,11,Vắc xin HPV (Human Papillomavirus),2,2,180,4.9,1240,1790000,6,5,1,4,160,638,0,40,0
2026-05-17,11,VaxCare An Lạc,12,Vắc xin COVID-19,3,2,180,4.7,1890,550000,6,5,1,11,267,617,0,40,0
2026-05-17,11,VaxCare An Lạc,13,Vắc xin Zona (Shingrix),4,2,60,4.9,640,3200000,6,5,1,2,50,504,0,40,0
2026-05-17,12,VaxCare Phú Thuận,1,Vắc xin BCG (Bacille Calmette–Guérin),1,1,0,4.9,860,250000,6,5,1,3,185,643,0,35,0
2026-05-17,12,VaxCare Phú Thuận,2,Vắc xin Viêm gan B (Hepatitis B),1,3,30,4.8,1420,350000,6,5,1,4,346,354,0,35,0
2026-05-17,12,VaxCare Phú Thuận,3,Vắc xin Bạch hầu – Ho gà – Uốn ván (DTaP/Tdap),2,5,60,4.9,1180,520000,6,5,1,7,143,337,0,35,0
2026-05-17,12,VaxCare Phú Thuận,4,Vắc xin Bại liệt (IPV),1,4,60,4.8,930,390000,6,5,1,4,168,537,0,35,0
2026-05-17,12,VaxCare Phú Thuận,5,Vắc xin Hib (Haemophilus influenzae type b),1,3,60,4.9,760,420000,6,5,1,3,198,317,0,35,0
2026-05-17,12,VaxCare Phú Thuận,6,Vắc xin MMR (Sởi – Quai bị – Rubella),2,2,28,4.9,1050,350000,6,5,1,4,175,341,0,35,0
2026-05-17,12,VaxCare Phú Thuận,7,Vắc xin Thủy đậu (Varicella),2,2,28,4.8,980,850000,6,5,1,3,79,253,0,35,0
2026-05-17,12,VaxCare Phú Thuận,8,Vắc xin Phế cầu (Pneumococcal),3,2,60,4.9,1360,1150000,6,5,1,5,44,223,0,35,0
2026-05-17,12,VaxCare Phú Thuận,9,Vắc xin Viêm não Nhật Bản,2,3,28,4.8,720,450000,6,5,1,2,76,591,0,35,0
2026-05-17,12,VaxCare Phú Thuận,10,Vắc xin Cúm mùa (Influenza),5,1,365,4.9,2180,450000,6,5,1,9,406,69,1,35,0
2026-05-17,12,VaxCare Phú Thuận,11,Vắc xin HPV (Human Papillomavirus),2,2,180,4.9,1240,1790000,6,5,1,5,178,483,0,35,0
2026-05-17,12,VaxCare Phú Thuận,12,Vắc xin COVID-19,3,2,180,4.7,1890,550000,6,5,1,11,281,621,0,35,0
2026-05-17,12,VaxCare Phú Thuận,13,Vắc xin Zona (Shingrix),4,2,60,4.9,640,3200000,6,5,1,2,41,445,0,35,0
2026-05-18,1,VaxCare Phú Nhuận,1,Vắc xin BCG (Bacille Calmette–Guérin),1,1,0,4.9,860,250000,0,5,0,9,295,527,0,50,0
2026-05-18,1,VaxCare Phú Nhuận,2,Vắc xin Viêm gan B (Hepatitis B),1,3,30,4.8,1420,350000,0,5,0,9,288,289,0,50,0
2026-05-18,1,VaxCare Phú Nhuận,3,Vắc xin Bạch hầu – Ho gà – Uốn ván (DTaP/Tdap),2,5,60,4.9,1180,520000,0,5,0,8,191,459,0,50,0
2026-05-18,1,VaxCare Phú Nhuận,4,Vắc xin Bại liệt (IPV),1,4,60,4.8,930,390000,0,5,0,9,261,340,0,50,0
2026-05-18,1,VaxCare Phú Nhuận,5,Vắc xin Hib (Haemophilus influenzae type b),1,3,60,4.9,760,420000,0,5,0,8,167,335,0,50,0
2026-05-18,1,VaxCare Phú Nhuận,6,Vắc xin MMR (Sởi – Quai bị – Rubella),2,2,28,4.9,1050,350000,0,5,0,8,238,258,0,50,0
2026-05-18,1,VaxCare Phú Nhuận,7,Vắc xin Thủy đậu (Varicella),2,2,28,4.8,980,850000,0,5,0,11,127,295,0,50,0
2026-05-18,1,VaxCare Phú Nhuận,8,Vắc xin Phế cầu (Pneumococcal),3,2,60,4.9,1360,1150000,0,5,0,15,121,607,0,50,0
2026-05-18,1,VaxCare Phú Nhuận,9,Vắc xin Viêm não Nhật Bản,2,3,28,4.8,720,450000,0,5,0,6,103,188,0,50,0
2026-05-18,1,VaxCare Phú Nhuận,10,Vắc xin Cúm mùa (Influenza),5,1,365,4.9,2180,450000,0,5,0,17,449,113,0,50,0
2026-05-18,1,VaxCare Phú Nhuận,11,Vắc xin HPV (Human Papillomavirus),2,2,180,4.9,1240,1790000,0,5,0,11,175,496,0,50,0
2026-05-18,1,VaxCare Phú Nhuận,12,Vắc xin COVID-19,3,2,180,4.7,1890,550000,0,5,0,32,401,180,0,50,0
2026-05-18,1,VaxCare Phú Nhuận,13,Vắc xin Zona (Shingrix),4,2,60,4.9,640,3200000,0,5,0,5,5,694,0,50,1
2026-05-18,2,VaxCare Thủ Đức - Bình Chiểu,1,Vắc xin BCG (Bacille Calmette–Guérin),1,1,0,4.9,860,250000,0,5,0,10,236,671,0,40,0
2026-05-18,2,VaxCare Thủ Đức - Bình Chiểu,2,Vắc xin Viêm gan B (Hepatitis B),1,3,30,4.8,1420,350000,0,5,0,14,251,515,0,40,0
2026-05-18,2,VaxCare Thủ Đức - Bình Chiểu,3,Vắc xin Bạch hầu – Ho gà – Uốn ván (DTaP/Tdap),2,5,60,4.9,1180,520000,0,5,0,11,192,591,0,40,0
2026-05-18,2,VaxCare Thủ Đức - Bình Chiểu,4,Vắc xin Bại liệt (IPV),1,4,60,4.8,930,390000,0,5,0,8,159,498,0,40,0
2026-05-18,2,VaxCare Thủ Đức - Bình Chiểu,5,Vắc xin Hib (Haemophilus influenzae type b),1,3,60,4.9,760,420000,0,5,0,8,231,625,0,40,0
2026-05-18,2,VaxCare Thủ Đức - Bình Chiểu,6,Vắc xin MMR (Sởi – Quai bị – Rubella),2,2,28,4.9,1050,350000,0,5,0,14,279,364,0,40,0
2026-05-18,2,VaxCare Thủ Đức - Bình Chiểu,7,Vắc xin Thủy đậu (Varicella),2,2,28,4.8,980,850000,0,5,0,10,110,626,0,40,0
2026-05-18,2,VaxCare Thủ Đức - Bình Chiểu,8,Vắc xin Phế cầu (Pneumococcal),3,2,60,4.9,1360,1150000,0,5,0,8,98,377,0,40,0
2026-05-18,2,VaxCare Thủ Đức - Bình Chiểu,9,Vắc xin Viêm não Nhật Bản,2,3,28,4.8,720,450000,0,5,0,6,88,245,0,40,0
2026-05-18,2,VaxCare Thủ Đức - Bình Chiểu,10,Vắc xin Cúm mùa (Influenza),5,1,365,4.9,2180,450000,0,5,0,7,362,94,0,40,0
2026-05-18,2,VaxCare Thủ Đức - Bình Chiểu,11,Vắc xin HPV (Human Papillomavirus),2,2,180,4.9,1240,1790000,0,5,0,13,174,677,0,40,0
2026-05-18,2,VaxCare Thủ Đức - Bình Chiểu,12,Vắc xin COVID-19,3,2,180,4.7,1890,550000,0,5,0,20,338,662,0,40,0
2026-05-18,2,VaxCare Thủ Đức - Bình Chiểu,13,Vắc xin Zona (Shingrix),4,2,60,4.9,640,3200000,0,5,0,4,22,596,0,40,1
2026-05-18,3,VaxCare Nowzone,1,Vắc xin BCG (Bacille Calmette–Guérin),1,1,0,4.9,860,250000,0,5,0,10,254,278,0,60,0
2026-05-18,3,VaxCare Nowzone,2,Vắc xin Viêm gan B (Hepatitis B),1,3,30,4.8,1420,350000,0,5,0,22,377,200,0,60,0
2026-05-18,3,VaxCare Nowzone,3,Vắc xin Bạch hầu – Ho gà – Uốn ván (DTaP/Tdap),2,5,60,4.9,1180,520000,0,5,0,10,132,599,0,60,0
2026-05-18,3,VaxCare Nowzone,4,Vắc xin Bại liệt (IPV),1,4,60,4.8,930,390000,0,5,0,9,187,182,0,60,0
2026-05-18,3,VaxCare Nowzone,5,Vắc xin Hib (Haemophilus influenzae type b),1,3,60,4.9,760,420000,0,5,0,6,134,345,0,60,0
2026-05-18,3,VaxCare Nowzone,6,Vắc xin MMR (Sởi – Quai bị – Rubella),2,2,28,4.9,1050,350000,0,5,0,13,302,585,0,60,0
2026-05-18,3,VaxCare Nowzone,7,Vắc xin Thủy đậu (Varicella),2,2,28,4.8,980,850000,0,5,0,9,129,509,0,60,0
2026-05-18,3,VaxCare Nowzone,8,Vắc xin Phế cầu (Pneumococcal),3,2,60,4.9,1360,1150000,0,5,0,6,111,363,0,60,0
2026-05-18,3,VaxCare Nowzone,9,Vắc xin Viêm não Nhật Bản,2,3,28,4.8,720,450000,0,5,0,8,124,181,0,60,0
2026-05-18,3,VaxCare Nowzone,10,Vắc xin Cúm mùa (Influenza),5,1,365,4.9,2180,450000,0,5,0,32,674,187,0,60,0
2026-05-18,3,VaxCare Nowzone,11,Vắc xin HPV (Human Papillomavirus),2,2,180,4.9,1240,1790000,0,5,0,9,154,641,0,60,0
2026-05-18,3,VaxCare Nowzone,12,Vắc xin COVID-19,3,2,180,4.7,1890,550000,0,5,0,20,250,648,0,60,0
2026-05-18,3,VaxCare Nowzone,13,Vắc xin Zona (Shingrix),4,2,60,4.9,640,3200000,0,5,0,5,66,361,0,60,0
2026-05-18,4,VaxCare Củ Chi - Bình Mỹ,1,Vắc xin BCG (Bacille Calmette–Guérin),1,1,0,4.9,860,250000,0,5,0,7,195,574,0,30,0
2026-05-18,4,VaxCare Củ Chi - Bình Mỹ,2,Vắc xin Viêm gan B (Hepatitis B),1,3,30,4.8,1420,350000,0,5,0,6,243,675,0,30,0
2026-05-18,4,VaxCare Củ Chi - Bình Mỹ,3,Vắc xin Bạch hầu – Ho gà – Uốn ván (DTaP/Tdap),2,5,60,4.9,1180,520000,0,5,0,7,151,524,0,30,0
2026-05-18,4,VaxCare Củ Chi - Bình Mỹ,4,Vắc xin Bại liệt (IPV),1,4,60,4.8,930,390000,0,5,0,6,123,587,0,30,0
2026-05-18,4,VaxCare Củ Chi - Bình Mỹ,5,Vắc xin Hib (Haemophilus influenzae type b),1,3,60,4.9,760,420000,0,5,0,6,128,492,0,30,0
2026-05-18,4,VaxCare Củ Chi - Bình Mỹ,6,Vắc xin MMR (Sởi – Quai bị – Rubella),2,2,28,4.9,1050,350000,0,5,0,7,238,256,0,30,0
2026-05-18,4,VaxCare Củ Chi - Bình Mỹ,7,Vắc xin Thủy đậu (Varicella),2,2,28,4.8,980,850000,0,5,0,4,69,411,0,30,0
2026-05-18,4,VaxCare Củ Chi - Bình Mỹ,8,Vắc xin Phế cầu (Pneumococcal),3,2,60,4.9,1360,1150000,0,5,0,7,64,700,0,30,0
2026-05-18,4,VaxCare Củ Chi - Bình Mỹ,9,Vắc xin Viêm não Nhật Bản,2,3,28,4.8,720,450000,0,5,0,6,95,371,0,30,0
2026-05-18,4,VaxCare Củ Chi - Bình Mỹ,10,Vắc xin Cúm mùa (Influenza),5,1,365,4.9,2180,450000,0,5,0,8,363,152,0,30,0
2026-05-18,4,VaxCare Củ Chi - Bình Mỹ,11,Vắc xin HPV (Human Papillomavirus),2,2,180,4.9,1240,1790000,0,5,0,8,119,673,0,30,0
2026-05-18,4,VaxCare Củ Chi - Bình Mỹ,12,Vắc xin COVID-19,3,2,180,4.7,1890,550000,0,5,0,17,220,224,0,30,0
2026-05-18,4,VaxCare Củ Chi - Bình Mỹ,13,Vắc xin Zona (Shingrix),4,2,60,4.9,640,3200000,0,5,0,4,21,351,0,30,1
2026-05-18,5,VaxCare Trung Mỹ Tây,1,Vắc xin BCG (Bacille Calmette–Guérin),1,1,0,4.9,860,250000,0,5,0,10,182,452,0,40,0
2026-05-18,5,VaxCare Trung Mỹ Tây,2,Vắc xin Viêm gan B (Hepatitis B),1,3,30,4.8,1420,350000,0,5,0,18,289,310,0,40,0
2026-05-18,5,VaxCare Trung Mỹ Tây,3,Vắc xin Bạch hầu – Ho gà – Uốn ván (DTaP/Tdap),2,5,60,4.9,1180,520000,0,5,0,6,152,299,0,40,0
2026-05-18,5,VaxCare Trung Mỹ Tây,4,Vắc xin Bại liệt (IPV),1,4,60,4.8,930,390000,0,5,0,11,219,609,0,40,0
2026-05-18,5,VaxCare Trung Mỹ Tây,5,Vắc xin Hib (Haemophilus influenzae type b),1,3,60,4.9,760,420000,0,5,0,8,192,486,0,40,0
2026-05-18,5,VaxCare Trung Mỹ Tây,6,Vắc xin MMR (Sởi – Quai bị – Rubella),2,2,28,4.9,1050,350000,0,5,0,9,188,197,0,40,0
2026-05-18,5,VaxCare Trung Mỹ Tây,7,Vắc xin Thủy đậu (Varicella),2,2,28,4.8,980,850000,0,5,0,6,177,580,0,40,0
2026-05-18,5,VaxCare Trung Mỹ Tây,8,Vắc xin Phế cầu (Pneumococcal),3,2,60,4.9,1360,1150000,0,5,0,11,55,573,0,40,0
2026-05-18,5,VaxCare Trung Mỹ Tây,9,Vắc xin Viêm não Nhật Bản,2,3,28,4.8,720,450000,0,5,0,10,125,276,0,40,0
2026-05-18,5,VaxCare Trung Mỹ Tây,10,Vắc xin Cúm mùa (Influenza),5,1,365,4.9,2180,450000,0,5,0,25,339,108,0,40,0
2026-05-18,5,VaxCare Trung Mỹ Tây,11,Vắc xin HPV (Human Papillomavirus),2,2,180,4.9,1240,1790000,0,5,0,8,165,513,0,40,0
2026-05-18,5,VaxCare Trung Mỹ Tây,12,Vắc xin COVID-19,3,2,180,4.7,1890,550000,0,5,0,32,217,625,0,40,0
2026-05-18,5,VaxCare Trung Mỹ Tây,13,Vắc xin Zona (Shingrix),4,2,60,4.9,640,3200000,0,5,0,5,84,635,0,40,0
2026-05-18,6,VaxCare Co.opmart Quang Trung,1,Vắc xin BCG (Bacille Calmette–Guérin),1,1,0,4.9,860,250000,0,5,0,10,252,203,0,50,0
2026-05-18,6,VaxCare Co.opmart Quang Trung,2,Vắc xin Viêm gan B (Hepatitis B),1,3,30,4.8,1420,350000,0,5,0,15,256,601,0,50,0
2026-05-18,6,VaxCare Co.opmart Quang Trung,3,Vắc xin Bạch hầu – Ho gà – Uốn ván (DTaP/Tdap),2,5,60,4.9,1180,520000,0,5,0,12,153,628,0,50,0
2026-05-18,6,VaxCare Co.opmart Quang Trung,4,Vắc xin Bại liệt (IPV),1,4,60,4.8,930,390000,0,5,0,4,185,202,0,50,0
2026-05-18,6,VaxCare Co.opmart Quang Trung,5,Vắc xin Hib (Haemophilus influenzae type b),1,3,60,4.9,760,420000,0,5,0,7,149,689,0,50,0
2026-05-18,6,VaxCare Co.opmart Quang Trung,6,Vắc xin MMR (Sởi – Quai bị – Rubella),2,2,28,4.9,1050,350000,0,5,0,12,208,471,0,50,0
2026-05-18,6,VaxCare Co.opmart Quang Trung,7,Vắc xin Thủy đậu (Varicella),2,2,28,4.8,980,850000,0,5,0,11,143,378,0,50,0
2026-05-18,6,VaxCare Co.opmart Quang Trung,8,Vắc xin Phế cầu (Pneumococcal),3,2,60,4.9,1360,1150000,0,5,0,16,81,600,0,50,0
2026-05-18,6,VaxCare Co.opmart Quang Trung,9,Vắc xin Viêm não Nhật Bản,2,3,28,4.8,720,450000,0,5,0,8,100,531,0,50,0
2026-05-18,6,VaxCare Co.opmart Quang Trung,10,Vắc xin Cúm mùa (Influenza),5,1,365,4.9,2180,450000,0,5,0,22,413,104,0,50,0
2026-05-18,6,VaxCare Co.opmart Quang Trung,11,Vắc xin HPV (Human Papillomavirus),2,2,180,4.9,1240,1790000,0,5,0,9,195,476,0,50,0
2026-05-18,6,VaxCare Co.opmart Quang Trung,12,Vắc xin COVID-19,3,2,180,4.7,1890,550000,0,5,0,13,248,583,0,50,0
2026-05-18,6,VaxCare Co.opmart Quang Trung,13,Vắc xin Zona (Shingrix),4,2,60,4.9,640,3200000,0,5,0,5,40,301,0,50,1
2026-05-18,7,VaxCare Oriental Plaza,1,Vắc xin BCG (Bacille Calmette–Guérin),1,1,0,4.9,860,250000,0,5,0,12,268,588,0,45,0
2026-05-18,7,VaxCare Oriental Plaza,2,Vắc xin Viêm gan B (Hepatitis B),1,3,30,4.8,1420,350000,0,5,0,13,201,586,0,45,0
2026-05-18,7,VaxCare Oriental Plaza,3,Vắc xin Bạch hầu – Ho gà – Uốn ván (DTaP/Tdap),2,5,60,4.9,1180,520000,0,5,0,11,183,363,0,45,0
2026-05-18,7,VaxCare Oriental Plaza,4,Vắc xin Bại liệt (IPV),1,4,60,4.8,930,390000,0,5,0,7,163,286,0,45,0
2026-05-18,7,VaxCare Oriental Plaza,5,Vắc xin Hib (Haemophilus influenzae type b),1,3,60,4.9,760,420000,0,5,0,9,229,374,0,45,0
2026-05-18,7,VaxCare Oriental Plaza,6,Vắc xin MMR (Sởi – Quai bị – Rubella),2,2,28,4.9,1050,350000,0,5,0,13,318,674,0,45,0
2026-05-18,7,VaxCare Oriental Plaza,7,Vắc xin Thủy đậu (Varicella),2,2,28,4.8,980,850000,0,5,0,7,122,665,0,45,0
2026-05-18,7,VaxCare Oriental Plaza,8,Vắc xin Phế cầu (Pneumococcal),3,2,60,4.9,1360,1150000,0,5,0,12,99,535,0,45,0
2026-05-18,7,VaxCare Oriental Plaza,9,Vắc xin Viêm não Nhật Bản,2,3,28,4.8,720,450000,0,5,0,3,100,332,0,45,0
2026-05-18,7,VaxCare Oriental Plaza,10,Vắc xin Cúm mùa (Influenza),5,1,365,4.9,2180,450000,0,5,0,19,559,124,0,45,0
2026-05-18,7,VaxCare Oriental Plaza,11,Vắc xin HPV (Human Papillomavirus),2,2,180,4.9,1240,1790000,0,5,0,12,199,397,0,45,0
2026-05-18,7,VaxCare Oriental Plaza,12,Vắc xin COVID-19,3,2,180,4.7,1890,550000,0,5,0,15,193,579,0,45,0
2026-05-18,7,VaxCare Oriental Plaza,13,Vắc xin Zona (Shingrix),4,2,60,4.9,640,3200000,0,5,0,3,17,544,0,45,1
2026-05-18,8,VaxCare Hóc Môn - Đông Thạnh,1,Vắc xin BCG (Bacille Calmette–Guérin),1,1,0,4.9,860,250000,0,5,0,7,188,576,0,30,0
2026-05-18,8,VaxCare Hóc Môn - Đông Thạnh,2,Vắc xin Viêm gan B (Hepatitis B),1,3,30,4.8,1420,350000,0,5,0,10,195,376,0,30,0
2026-05-18,8,VaxCare Hóc Môn - Đông Thạnh,3,Vắc xin Bạch hầu – Ho gà – Uốn ván (DTaP/Tdap),2,5,60,4.9,1180,520000,0,5,0,8,148,639,0,30,0
2026-05-18,8,VaxCare Hóc Môn - Đông Thạnh,4,Vắc xin Bại liệt (IPV),1,4,60,4.8,930,390000,0,5,0,7,135,199,0,30,0
2026-05-18,8,VaxCare Hóc Môn - Đông Thạnh,5,Vắc xin Hib (Haemophilus influenzae type b),1,3,60,4.9,760,420000,0,5,0,6,101,604,0,30,0
2026-05-18,8,VaxCare Hóc Môn - Đông Thạnh,6,Vắc xin MMR (Sởi – Quai bị – Rubella),2,2,28,4.9,1050,350000,0,5,0,9,229,295,0,30,0
2026-05-18,8,VaxCare Hóc Môn - Đông Thạnh,7,Vắc xin Thủy đậu (Varicella),2,2,28,4.8,980,850000,0,5,0,7,102,561,0,30,0
2026-05-18,8,VaxCare Hóc Môn - Đông Thạnh,8,Vắc xin Phế cầu (Pneumococcal),3,2,60,4.9,1360,1150000,0,5,0,10,86,416,0,30,0
2026-05-18,8,VaxCare Hóc Môn - Đông Thạnh,9,Vắc xin Viêm não Nhật Bản,2,3,28,4.8,720,450000,0,5,0,5,52,438,0,30,0
2026-05-18,8,VaxCare Hóc Môn - Đông Thạnh,10,Vắc xin Cúm mùa (Influenza),5,1,365,4.9,2180,450000,0,5,0,17,296,153,0,30,0
2026-05-18,8,VaxCare Hóc Môn - Đông Thạnh,11,Vắc xin HPV (Human Papillomavirus),2,2,180,4.9,1240,1790000,0,5,0,7,82,590,0,30,0
2026-05-18,8,VaxCare Hóc Môn - Đông Thạnh,12,Vắc xin COVID-19,3,2,180,4.7,1890,550000,0,5,0,8,207,488,0,30,0
2026-05-18,8,VaxCare Hóc Môn - Đông Thạnh,13,Vắc xin Zona (Shingrix),4,2,60,4.9,640,3200000,0,5,0,4,4,309,0,30,1
2026-05-18,9,VaxCare Hiệp Bình,1,Vắc xin BCG (Bacille Calmette–Guérin),1,1,0,4.9,860,250000,0,5,0,8,160,626,0,40,0
2026-05-18,9,VaxCare Hiệp Bình,2,Vắc xin Viêm gan B (Hepatitis B),1,3,30,4.8,1420,350000,0,5,0,19,369,615,0,40,0
2026-05-18,9,VaxCare Hiệp Bình,3,Vắc xin Bạch hầu – Ho gà – Uốn ván (DTaP/Tdap),2,5,60,4.9,1180,520000,0,5,0,12,211,307,0,40,0
2026-05-18,9,VaxCare Hiệp Bình,4,Vắc xin Bại liệt (IPV),1,4,60,4.8,930,390000,0,5,0,10,199,400,0,40,0
2026-05-18,9,VaxCare Hiệp Bình,5,Vắc xin Hib (Haemophilus influenzae type b),1,3,60,4.9,760,420000,0,5,0,9,209,210,0,40,0
2026-05-18,9,VaxCare Hiệp Bình,6,Vắc xin MMR (Sởi – Quai bị – Rubella),2,2,28,4.9,1050,350000,0,5,0,11,203,578,0,40,0
2026-05-18,9,VaxCare Hiệp Bình,7,Vắc xin Thủy đậu (Varicella),2,2,28,4.8,980,850000,0,5,0,7,106,513,0,40,0
2026-05-18,9,VaxCare Hiệp Bình,8,Vắc xin Phế cầu (Pneumococcal),3,2,60,4.9,1360,1150000,0,5,0,11,90,627,0,40,0
2026-05-18,9,VaxCare Hiệp Bình,9,Vắc xin Viêm não Nhật Bản,2,3,28,4.8,720,450000,0,5,0,8,117,410,0,40,0
2026-05-18,9,VaxCare Hiệp Bình,10,Vắc xin Cúm mùa (Influenza),5,1,365,4.9,2180,450000,0,5,0,26,379,65,1,40,0
2026-05-18,9,VaxCare Hiệp Bình,11,Vắc xin HPV (Human Papillomavirus),2,2,180,4.9,1240,1790000,0,5,0,7,114,284,0,40,0
2026-05-18,9,VaxCare Hiệp Bình,12,Vắc xin COVID-19,3,2,180,4.7,1890,550000,0,5,0,19,222,435,0,40,0
2026-05-18,9,VaxCare Hiệp Bình,13,Vắc xin Zona (Shingrix),4,2,60,4.9,640,3200000,0,5,0,3,37,249,0,40,1
2026-05-18,10,VaxCare Tân Định,1,Vắc xin BCG (Bacille Calmette–Guérin),1,1,0,4.9,860,250000,0,5,0,10,274,326,0,50,0
2026-05-18,10,VaxCare Tân Định,2,Vắc xin Viêm gan B (Hepatitis B),1,3,30,4.8,1420,350000,0,5,0,19,351,340,0,50,0
2026-05-18,10,VaxCare Tân Định,3,Vắc xin Bạch hầu – Ho gà – Uốn ván (DTaP/Tdap),2,5,60,4.9,1180,520000,0,5,0,11,198,432,0,50,0
2026-05-18,10,VaxCare Tân Định,4,Vắc xin Bại liệt (IPV),1,4,60,4.8,930,390000,0,5,0,10,250,508,0,50,0
2026-05-18,10,VaxCare Tân Định,5,Vắc xin Hib (Haemophilus influenzae type b),1,3,60,4.9,760,420000,0,5,0,6,208,492,0,50,0
2026-05-18,10,VaxCare Tân Định,6,Vắc xin MMR (Sởi – Quai bị – Rubella),2,2,28,4.9,1050,350000,0,5,0,13,212,500,0,50,0
2026-05-18,10,VaxCare Tân Định,7,Vắc xin Thủy đậu (Varicella),2,2,28,4.8,980,850000,0,5,0,10,137,515,0,50,0
2026-05-18,10,VaxCare Tân Định,8,Vắc xin Phế cầu (Pneumococcal),3,2,60,4.9,1360,1150000,0,5,0,11,125,248,0,50,0
2026-05-18,10,VaxCare Tân Định,9,Vắc xin Viêm não Nhật Bản,2,3,28,4.8,720,450000,0,5,0,8,123,228,0,50,0
2026-05-18,10,VaxCare Tân Định,10,Vắc xin Cúm mùa (Influenza),5,1,365,4.9,2180,450000,0,5,0,24,517,144,0,50,0
2026-05-18,10,VaxCare Tân Định,11,Vắc xin HPV (Human Papillomavirus),2,2,180,4.9,1240,1790000,0,5,0,12,164,415,0,50,0
2026-05-18,10,VaxCare Tân Định,12,Vắc xin COVID-19,3,2,180,4.7,1890,550000,0,5,0,14,353,324,0,50,0
2026-05-18,10,VaxCare Tân Định,13,Vắc xin Zona (Shingrix),4,2,60,4.9,640,3200000,0,5,0,5,27,652,0,50,1
2026-05-18,11,VaxCare An Lạc,1,Vắc xin BCG (Bacille Calmette–Guérin),1,1,0,4.9,860,250000,0,5,0,9,164,650,0,40,0
2026-05-18,11,VaxCare An Lạc,2,Vắc xin Viêm gan B (Hepatitis B),1,3,30,4.8,1420,350000,0,5,0,16,246,388,0,40,0
2026-05-18,11,VaxCare An Lạc,3,Vắc xin Bạch hầu – Ho gà – Uốn ván (DTaP/Tdap),2,5,60,4.9,1180,520000,0,5,0,8,142,211,0,40,0
2026-05-18,11,VaxCare An Lạc,4,Vắc xin Bại liệt (IPV),1,4,60,4.8,930,390000,0,5,0,9,196,402,0,40,0
2026-05-18,11,VaxCare An Lạc,5,Vắc xin Hib (Haemophilus influenzae type b),1,3,60,4.9,760,420000,0,5,0,9,198,385,0,40,0
2026-05-18,11,VaxCare An Lạc,6,Vắc xin MMR (Sởi – Quai bị – Rubella),2,2,28,4.9,1050,350000,0,5,0,10,215,218,0,40,0
2026-05-18,11,VaxCare An Lạc,7,Vắc xin Thủy đậu (Varicella),2,2,28,4.8,980,850000,0,5,0,8,143,249,0,40,0
2026-05-18,11,VaxCare An Lạc,8,Vắc xin Phế cầu (Pneumococcal),3,2,60,4.9,1360,1150000,0,5,0,10,85,666,0,40,0
2026-05-18,11,VaxCare An Lạc,9,Vắc xin Viêm não Nhật Bản,2,3,28,4.8,720,450000,0,5,0,6,84,625,0,40,0
2026-05-18,11,VaxCare An Lạc,10,Vắc xin Cúm mùa (Influenza),5,1,365,4.9,2180,450000,0,5,0,22,405,76,1,40,0
2026-05-18,11,VaxCare An Lạc,11,Vắc xin HPV (Human Papillomavirus),2,2,180,4.9,1240,1790000,0,5,0,5,106,514,0,40,0
2026-05-18,11,VaxCare An Lạc,12,Vắc xin COVID-19,3,2,180,4.7,1890,550000,0,5,0,14,314,411,0,40,0
2026-05-18,11,VaxCare An Lạc,13,Vắc xin Zona (Shingrix),4,2,60,4.9,640,3200000,0,5,0,5,58,289,0,40,0
2026-05-18,12,VaxCare Phú Thuận,1,Vắc xin BCG (Bacille Calmette–Guérin),1,1,0,4.9,860,250000,0,5,0,10,160,479,0,35,0
2026-05-18,12,VaxCare Phú Thuận,2,Vắc xin Viêm gan B (Hepatitis B),1,3,30,4.8,1420,350000,0,5,0,11,239,269,0,35,0
2026-05-18,12,VaxCare Phú Thuận,3,Vắc xin Bạch hầu – Ho gà – Uốn ván (DTaP/Tdap),2,5,60,4.9,1180,520000,0,5,0,9,191,567,0,35,0
2026-05-18,12,VaxCare Phú Thuận,4,Vắc xin Bại liệt (IPV),1,4,60,4.8,930,390000,0,5,0,9,231,246,0,35,0
2026-05-18,12,VaxCare Phú Thuận,5,Vắc xin Hib (Haemophilus influenzae type b),1,3,60,4.9,760,420000,0,5,0,8,223,585,0,35,0
2026-05-18,12,VaxCare Phú Thuận,6,Vắc xin MMR (Sởi – Quai bị – Rubella),2,2,28,4.9,1050,350000,0,5,0,9,183,620,0,35,0
2026-05-18,12,VaxCare Phú Thuận,7,Vắc xin Thủy đậu (Varicella),2,2,28,4.8,980,850000,0,5,0,8,83,209,0,35,0
2026-05-18,12,VaxCare Phú Thuận,8,Vắc xin Phế cầu (Pneumococcal),3,2,60,4.9,1360,1150000,0,5,0,12,107,528,0,35,0
2026-05-18,12,VaxCare Phú Thuận,9,Vắc xin Viêm não Nhật Bản,2,3,28,4.8,720,450000,0,5,0,5,138,419,0,35,0
2026-05-18,12,VaxCare Phú Thuận,10,Vắc xin Cúm mùa (Influenza),5,1,365,4.9,2180,450000,0,5,0,33,533,54,1,35,0
2026-05-18,12,VaxCare Phú Thuận,11,Vắc xin HPV (Human Papillomavirus),2,2,180,4.9,1240,1790000,0,5,0,9,150,477,0,35,0
2026-05-18,12,VaxCare Phú Thuận,12,Vắc xin COVID-19,3,2,180,4.7,1890,550000,0,5,0,15,334,481,0,35,0
2026-05-18,12,VaxCare Phú Thuận,13,Vắc xin Zona (Shingrix),4,2,60,4.9,640,3200000,0,5,0,6,37,648,0,35,0
2026-05-19,1,VaxCare Phú Nhuận,1,Vắc xin BCG (Bacille Calmette–Guérin),1,1,0,4.9,860,250000,1,5,0,10,220,559,0,50,0
2026-05-19,1,VaxCare Phú Nhuận,2,Vắc xin Viêm gan B (Hepatitis B),1,3,30,4.8,1420,350000,1,5,0,15,380,536,0,50,0
2026-05-19,1,VaxCare Phú Nhuận,3,Vắc xin Bạch hầu – Ho gà – Uốn ván (DTaP/Tdap),2,5,60,4.9,1180,520000,1,5,0,14,254,293,0,50,0
2026-05-19,1,VaxCare Phú Nhuận,4,Vắc xin Bại liệt (IPV),1,4,60,4.8,930,390000,1,5,0,10,298,326,0,50,0
2026-05-19,1,VaxCare Phú Nhuận,5,Vắc xin Hib (Haemophilus influenzae type b),1,3,60,4.9,760,420000,1,5,0,7,132,255,0,50,0
2026-05-19,1,VaxCare Phú Nhuận,6,Vắc xin MMR (Sởi – Quai bị – Rubella),2,2,28,4.9,1050,350000,1,5,0,14,327,372,0,50,0
2026-05-19,1,VaxCare Phú Nhuận,7,Vắc xin Thủy đậu (Varicella),2,2,28,4.8,980,850000,1,5,0,6,116,653,0,50,0
2026-05-19,1,VaxCare Phú Nhuận,8,Vắc xin Phế cầu (Pneumococcal),3,2,60,4.9,1360,1150000,1,5,0,11,68,486,0,50,0
2026-05-19,1,VaxCare Phú Nhuận,9,Vắc xin Viêm não Nhật Bản,2,3,28,4.8,720,450000,1,5,0,11,150,281,0,50,0
2026-05-19,1,VaxCare Phú Nhuận,10,Vắc xin Cúm mùa (Influenza),5,1,365,4.9,2180,450000,1,5,0,25,630,157,0,50,0
2026-05-19,1,VaxCare Phú Nhuận,11,Vắc xin HPV (Human Papillomavirus),2,2,180,4.9,1240,1790000,1,5,0,7,213,580,0,50,0
2026-05-19,1,VaxCare Phú Nhuận,12,Vắc xin COVID-19,3,2,180,4.7,1890,550000,1,5,0,28,398,366,0,50,0
2026-05-19,1,VaxCare Phú Nhuận,13,Vắc xin Zona (Shingrix),4,2,60,4.9,640,3200000,1,5,0,5,81,694,0,50,0
2026-05-19,2,VaxCare Thủ Đức - Bình Chiểu,1,Vắc xin BCG (Bacille Calmette–Guérin),1,1,0,4.9,860,250000,1,5,0,6,166,296,0,40,0
2026-05-19,2,VaxCare Thủ Đức - Bình Chiểu,2,Vắc xin Viêm gan B (Hepatitis B),1,3,30,4.8,1420,350000,1,5,0,17,360,683,0,40,0
2026-05-19,2,VaxCare Thủ Đức - Bình Chiểu,3,Vắc xin Bạch hầu – Ho gà – Uốn ván (DTaP/Tdap),2,5,60,4.9,1180,520000,1,5,0,14,238,524,0,40,0
2026-05-19,2,VaxCare Thủ Đức - Bình Chiểu,4,Vắc xin Bại liệt (IPV),1,4,60,4.8,930,390000,1,5,0,12,245,350,0,40,0
2026-05-19,2,VaxCare Thủ Đức - Bình Chiểu,5,Vắc xin Hib (Haemophilus influenzae type b),1,3,60,4.9,760,420000,1,5,0,5,178,228,0,40,0
2026-05-19,2,VaxCare Thủ Đức - Bình Chiểu,6,Vắc xin MMR (Sởi – Quai bị – Rubella),2,2,28,4.9,1050,350000,1,5,0,10,236,615,0,40,0
2026-05-19,2,VaxCare Thủ Đức - Bình Chiểu,7,Vắc xin Thủy đậu (Varicella),2,2,28,4.8,980,850000,1,5,0,8,156,562,0,40,0
2026-05-19,2,VaxCare Thủ Đức - Bình Chiểu,8,Vắc xin Phế cầu (Pneumococcal),3,2,60,4.9,1360,1150000,1,5,0,9,60,696,0,40,0
2026-05-19,2,VaxCare Thủ Đức - Bình Chiểu,9,Vắc xin Viêm não Nhật Bản,2,3,28,4.8,720,450000,1,5,0,7,149,655,0,40,0
2026-05-19,2,VaxCare Thủ Đức - Bình Chiểu,10,Vắc xin Cúm mùa (Influenza),5,1,365,4.9,2180,450000,1,5,0,29,619,111,0,40,0
2026-05-19,2,VaxCare Thủ Đức - Bình Chiểu,11,Vắc xin HPV (Human Papillomavirus),2,2,180,4.9,1240,1790000,1,5,0,8,80,304,0,40,0
2026-05-19,2,VaxCare Thủ Đức - Bình Chiểu,12,Vắc xin COVID-19,3,2,180,4.7,1890,550000,1,5,0,19,222,261,0,40,0
2026-05-19,2,VaxCare Thủ Đức - Bình Chiểu,13,Vắc xin Zona (Shingrix),4,2,60,4.9,640,3200000,1,5,0,5,39,665,0,40,1
2026-05-19,3,VaxCare Nowzone,1,Vắc xin BCG (Bacille Calmette–Guérin),1,1,0,4.9,860,250000,1,5,0,12,205,304,0,60,0
2026-05-19,3,VaxCare Nowzone,2,Vắc xin Viêm gan B (Hepatitis B),1,3,30,4.8,1420,350000,1,5,0,16,258,240,0,60,0
2026-05-19,3,VaxCare Nowzone,3,Vắc xin Bạch hầu – Ho gà – Uốn ván (DTaP/Tdap),2,5,60,4.9,1180,520000,1,5,0,13,229,283,0,60,0
2026-05-19,3,VaxCare Nowzone,4,Vắc xin Bại liệt (IPV),1,4,60,4.8,930,390000,1,5,0,12,295,470,0,60,0
2026-05-19,3,VaxCare Nowzone,5,Vắc xin Hib (Haemophilus influenzae type b),1,3,60,4.9,760,420000,1,5,0,8,184,397,0,60,0
2026-05-19,3,VaxCare Nowzone,6,Vắc xin MMR (Sởi – Quai bị – Rubella),2,2,28,4.9,1050,350000,1,5,0,10,324,251,0,60,0
2026-05-19,3,VaxCare Nowzone,7,Vắc xin Thủy đậu (Varicella),2,2,28,4.8,980,850000,1,5,0,7,144,568,0,60,0
2026-05-19,3,VaxCare Nowzone,8,Vắc xin Phế cầu (Pneumococcal),3,2,60,4.9,1360,1150000,1,5,0,11,124,260,0,60,0
2026-05-19,3,VaxCare Nowzone,9,Vắc xin Viêm não Nhật Bản,2,3,28,4.8,720,450000,1,5,0,8,100,590,0,60,0
2026-05-19,3,VaxCare Nowzone,10,Vắc xin Cúm mùa (Influenza),5,1,365,4.9,2180,450000,1,5,0,13,563,91,0,60,0
2026-05-19,3,VaxCare Nowzone,11,Vắc xin HPV (Human Papillomavirus),2,2,180,4.9,1240,1790000,1,5,0,11,241,187,0,60,0
2026-05-19,3,VaxCare Nowzone,12,Vắc xin COVID-19,3,2,180,4.7,1890,550000,1,5,0,9,323,620,0,60,0
2026-05-19,3,VaxCare Nowzone,13,Vắc xin Zona (Shingrix),4,2,60,4.9,640,3200000,1,5,0,4,27,432,0,60,1
2026-05-19,4,VaxCare Củ Chi - Bình Mỹ,1,Vắc xin BCG (Bacille Calmette–Guérin),1,1,0,4.9,860,250000,1,5,0,7,102,564,0,30,0
2026-05-19,4,VaxCare Củ Chi - Bình Mỹ,2,Vắc xin Viêm gan B (Hepatitis B),1,3,30,4.8,1420,350000,1,5,0,9,163,370,0,30,0
2026-05-19,4,VaxCare Củ Chi - Bình Mỹ,3,Vắc xin Bạch hầu – Ho gà – Uốn ván (DTaP/Tdap),2,5,60,4.9,1180,520000,1,5,0,8,134,568,0,30,0
2026-05-19,4,VaxCare Củ Chi - Bình Mỹ,4,Vắc xin Bại liệt (IPV),1,4,60,4.8,930,390000,1,5,0,6,105,223,0,30,0
2026-05-19,4,VaxCare Củ Chi - Bình Mỹ,5,Vắc xin Hib (Haemophilus influenzae type b),1,3,60,4.9,760,420000,1,5,0,7,145,677,0,30,0
2026-05-19,4,VaxCare Củ Chi - Bình Mỹ,6,Vắc xin MMR (Sởi – Quai bị – Rubella),2,2,28,4.9,1050,350000,1,5,0,8,161,611,0,30,0
2026-05-19,4,VaxCare Củ Chi - Bình Mỹ,7,Vắc xin Thủy đậu (Varicella),2,2,28,4.8,980,850000,1,5,0,5,86,184,0,30,0
2026-05-19,4,VaxCare Củ Chi - Bình Mỹ,8,Vắc xin Phế cầu (Pneumococcal),3,2,60,4.9,1360,1150000,1,5,0,9,53,361,0,30,0
2026-05-19,4,VaxCare Củ Chi - Bình Mỹ,9,Vắc xin Viêm não Nhật Bản,2,3,28,4.8,720,450000,1,5,0,4,61,441,0,30,0
2026-05-19,4,VaxCare Củ Chi - Bình Mỹ,10,Vắc xin Cúm mùa (Influenza),5,1,365,4.9,2180,450000,1,5,0,21,256,38,1,30,0
2026-05-19,4,VaxCare Củ Chi - Bình Mỹ,11,Vắc xin HPV (Human Papillomavirus),2,2,180,4.9,1240,1790000,1,5,0,8,101,389,0,30,0
2026-05-19,4,VaxCare Củ Chi - Bình Mỹ,12,Vắc xin COVID-19,3,2,180,4.7,1890,550000,1,5,0,14,159,451,0,30,0
2026-05-19,4,VaxCare Củ Chi - Bình Mỹ,13,Vắc xin Zona (Shingrix),4,2,60,4.9,640,3200000,1,5,0,4,4,218,0,30,1
2026-05-19,5,VaxCare Trung Mỹ Tây,1,Vắc xin BCG (Bacille Calmette–Guérin),1,1,0,4.9,860,250000,1,5,0,10,188,682,0,40,0
2026-05-19,5,VaxCare Trung Mỹ Tây,2,Vắc xin Viêm gan B (Hepatitis B),1,3,30,4.8,1420,350000,1,5,0,14,402,326,0,40,0
2026-05-19,5,VaxCare Trung Mỹ Tây,3,Vắc xin Bạch hầu – Ho gà – Uốn ván (DTaP/Tdap),2,5,60,4.9,1180,520000,1,5,0,11,187,317,0,40,0
2026-05-19,5,VaxCare Trung Mỹ Tây,4,Vắc xin Bại liệt (IPV),1,4,60,4.8,930,390000,1,5,0,9,272,445,0,40,0
2026-05-19,5,VaxCare Trung Mỹ Tây,5,Vắc xin Hib (Haemophilus influenzae type b),1,3,60,4.9,760,420000,1,5,0,6,151,415,0,40,0
2026-05-19,5,VaxCare Trung Mỹ Tây,6,Vắc xin MMR (Sởi – Quai bị – Rubella),2,2,28,4.9,1050,350000,1,5,0,9,250,601,0,40,0
2026-05-19,5,VaxCare Trung Mỹ Tây,7,Vắc xin Thủy đậu (Varicella),2,2,28,4.8,980,850000,1,5,0,8,153,687,0,40,0
2026-05-19,5,VaxCare Trung Mỹ Tây,8,Vắc xin Phế cầu (Pneumococcal),3,2,60,4.9,1360,1150000,1,5,0,11,108,357,0,40,0
2026-05-19,5,VaxCare Trung Mỹ Tây,9,Vắc xin Viêm não Nhật Bản,2,3,28,4.8,720,450000,1,5,0,7,83,645,0,40,0
2026-05-19,5,VaxCare Trung Mỹ Tây,10,Vắc xin Cúm mùa (Influenza),5,1,365,4.9,2180,450000,1,5,0,17,532,119,0,40,0
2026-05-19,5,VaxCare Trung Mỹ Tây,11,Vắc xin HPV (Human Papillomavirus),2,2,180,4.9,1240,1790000,1,5,0,6,133,516,0,40,0
2026-05-19,5,VaxCare Trung Mỹ Tây,12,Vắc xin COVID-19,3,2,180,4.7,1890,550000,1,5,0,27,227,682,0,40,0
2026-05-19,5,VaxCare Trung Mỹ Tây,13,Vắc xin Zona (Shingrix),4,2,60,4.9,640,3200000,1,5,0,3,13,201,0,40,1
2026-05-19,6,VaxCare Co.opmart Quang Trung,1,Vắc xin BCG (Bacille Calmette–Guérin),1,1,0,4.9,860,250000,1,5,0,10,211,302,0,50,0
2026-05-19,6,VaxCare Co.opmart Quang Trung,2,Vắc xin Viêm gan B (Hepatitis B),1,3,30,4.8,1420,350000,1,5,0,13,316,215,0,50,0
2026-05-19,6,VaxCare Co.opmart Quang Trung,3,Vắc xin Bạch hầu – Ho gà – Uốn ván (DTaP/Tdap),2,5,60,4.9,1180,520000,1,5,0,11,162,695,0,50,0
2026-05-19,6,VaxCare Co.opmart Quang Trung,4,Vắc xin Bại liệt (IPV),1,4,60,4.8,930,390000,1,5,0,10,259,685,0,50,0
2026-05-19,6,VaxCare Co.opmart Quang Trung,5,Vắc xin Hib (Haemophilus influenzae type b),1,3,60,4.9,760,420000,1,5,0,6,114,547,0,50,0
2026-05-19,6,VaxCare Co.opmart Quang Trung,6,Vắc xin MMR (Sởi – Quai bị – Rubella),2,2,28,4.9,1050,350000,1,5,0,7,325,419,0,50,0
2026-05-19,6,VaxCare Co.opmart Quang Trung,7,Vắc xin Thủy đậu (Varicella),2,2,28,4.8,980,850000,1,5,0,10,101,666,0,50,0
2026-05-19,6,VaxCare Co.opmart Quang Trung,8,Vắc xin Phế cầu (Pneumococcal),3,2,60,4.9,1360,1150000,1,5,0,12,60,418,0,50,0
2026-05-19,6,VaxCare Co.opmart Quang Trung,9,Vắc xin Viêm não Nhật Bản,2,3,28,4.8,720,450000,1,5,0,7,157,295,0,50,0
2026-05-19,6,VaxCare Co.opmart Quang Trung,10,Vắc xin Cúm mùa (Influenza),5,1,365,4.9,2180,450000,1,5,0,27,560,161,0,50,0
2026-05-19,6,VaxCare Co.opmart Quang Trung,11,Vắc xin HPV (Human Papillomavirus),2,2,180,4.9,1240,1790000,1,5,0,10,137,370,0,50,0
2026-05-19,6,VaxCare Co.opmart Quang Trung,12,Vắc xin COVID-19,3,2,180,4.7,1890,550000,1,5,0,17,228,537,0,50,0
2026-05-19,6,VaxCare Co.opmart Quang Trung,13,Vắc xin Zona (Shingrix),4,2,60,4.9,640,3200000,1,5,0,4,31,448,0,50,1
2026-05-19,7,VaxCare Oriental Plaza,1,Vắc xin BCG (Bacille Calmette–Guérin),1,1,0,4.9,860,250000,1,5,0,4,158,267,0,45,0
2026-05-19,7,VaxCare Oriental Plaza,2,Vắc xin Viêm gan B (Hepatitis B),1,3,30,4.8,1420,350000,1,5,0,14,309,652,0,45,0
2026-05-19,7,VaxCare Oriental Plaza,3,Vắc xin Bạch hầu – Ho gà – Uốn ván (DTaP/Tdap),2,5,60,4.9,1180,520000,1,5,0,8,142,466,0,45,0
2026-05-19,7,VaxCare Oriental Plaza,4,Vắc xin Bại liệt (IPV),1,4,60,4.8,930,390000,1,5,0,10,184,686,0,45,0
2026-05-19,7,VaxCare Oriental Plaza,5,Vắc xin Hib (Haemophilus influenzae type b),1,3,60,4.9,760,420000,1,5,0,7,171,400,0,45,0
2026-05-19,7,VaxCare Oriental Plaza,6,Vắc xin MMR (Sởi – Quai bị – Rubella),2,2,28,4.9,1050,350000,1,5,0,6,196,425,0,45,0
2026-05-19,7,VaxCare Oriental Plaza,7,Vắc xin Thủy đậu (Varicella),2,2,28,4.8,980,850000,1,5,0,8,161,674,0,45,0
2026-05-19,7,VaxCare Oriental Plaza,8,Vắc xin Phế cầu (Pneumococcal),3,2,60,4.9,1360,1150000,1,5,0,10,75,327,0,45,0
2026-05-19,7,VaxCare Oriental Plaza,9,Vắc xin Viêm não Nhật Bản,2,3,28,4.8,720,450000,1,5,0,9,79,656,0,45,0
2026-05-19,7,VaxCare Oriental Plaza,10,Vắc xin Cúm mùa (Influenza),5,1,365,4.9,2180,450000,1,5,0,6,305,129,0,45,0
2026-05-19,7,VaxCare Oriental Plaza,11,Vắc xin HPV (Human Papillomavirus),2,2,180,4.9,1240,1790000,1,5,0,7,157,367,0,45,0
2026-05-19,7,VaxCare Oriental Plaza,12,Vắc xin COVID-19,3,2,180,4.7,1890,550000,1,5,0,10,238,485,0,45,0
2026-05-19,7,VaxCare Oriental Plaza,13,Vắc xin Zona (Shingrix),4,2,60,4.9,640,3200000,1,5,0,5,57,194,0,45,0
2026-05-19,8,VaxCare Hóc Môn - Đông Thạnh,1,Vắc xin BCG (Bacille Calmette–Guérin),1,1,0,4.9,860,250000,1,5,0,6,129,609,0,30,0
2026-05-19,8,VaxCare Hóc Môn - Đông Thạnh,2,Vắc xin Viêm gan B (Hepatitis B),1,3,30,4.8,1420,350000,1,5,0,12,182,377,0,30,0
2026-05-19,8,VaxCare Hóc Môn - Đông Thạnh,3,Vắc xin Bạch hầu – Ho gà – Uốn ván (DTaP/Tdap),2,5,60,4.9,1180,520000,1,5,0,6,76,570,0,30,0
2026-05-19,8,VaxCare Hóc Môn - Đông Thạnh,4,Vắc xin Bại liệt (IPV),1,4,60,4.8,930,390000,1,5,0,5,78,332,0,30,0
2026-05-19,8,VaxCare Hóc Môn - Đông Thạnh,5,Vắc xin Hib (Haemophilus influenzae type b),1,3,60,4.9,760,420000,1,5,0,5,107,353,0,30,0
2026-05-19,8,VaxCare Hóc Môn - Đông Thạnh,6,Vắc xin MMR (Sởi – Quai bị – Rubella),2,2,28,4.9,1050,350000,1,5,0,10,148,215,0,30,0
2026-05-19,8,VaxCare Hóc Môn - Đông Thạnh,7,Vắc xin Thủy đậu (Varicella),2,2,28,4.8,980,850000,1,5,0,7,59,422,0,30,0
2026-05-19,8,VaxCare Hóc Môn - Đông Thạnh,8,Vắc xin Phế cầu (Pneumococcal),3,2,60,4.9,1360,1150000,1,5,0,6,33,318,0,30,0
2026-05-19,8,VaxCare Hóc Môn - Đông Thạnh,9,Vắc xin Viêm não Nhật Bản,2,3,28,4.8,720,450000,1,5,0,5,37,599,0,30,0
2026-05-19,8,VaxCare Hóc Môn - Đông Thạnh,10,Vắc xin Cúm mùa (Influenza),5,1,365,4.9,2180,450000,1,5,0,19,443,116,0,30,0
2026-05-19,8,VaxCare Hóc Môn - Đông Thạnh,11,Vắc xin HPV (Human Papillomavirus),2,2,180,4.9,1240,1790000,1,5,0,5,80,241,0,30,0
2026-05-19,8,VaxCare Hóc Môn - Đông Thạnh,12,Vắc xin COVID-19,3,2,180,4.7,1890,550000,1,5,0,12,142,521,0,30,0
2026-05-19,8,VaxCare Hóc Môn - Đông Thạnh,13,Vắc xin Zona (Shingrix),4,2,60,4.9,640,3200000,1,5,0,3,51,652,0,30,0
2026-05-19,9,VaxCare Hiệp Bình,1,Vắc xin BCG (Bacille Calmette–Guérin),1,1,0,4.9,860,250000,1,5,0,12,135,374,0,40,0
2026-05-19,9,VaxCare Hiệp Bình,2,Vắc xin Viêm gan B (Hepatitis B),1,3,30,4.8,1420,350000,1,5,0,14,375,642,0,40,0
2026-05-19,9,VaxCare Hiệp Bình,3,Vắc xin Bạch hầu – Ho gà – Uốn ván (DTaP/Tdap),2,5,60,4.9,1180,520000,1,5,0,15,161,389,0,40,0
2026-05-19,9,VaxCare Hiệp Bình,4,Vắc xin Bại liệt (IPV),1,4,60,4.8,930,390000,1,5,0,7,182,222,0,40,0
2026-05-19,9,VaxCare Hiệp Bình,5,Vắc xin Hib (Haemophilus influenzae type b),1,3,60,4.9,760,420000,1,5,0,8,157,579,0,40,0
2026-05-19,9,VaxCare Hiệp Bình,6,Vắc xin MMR (Sởi – Quai bị – Rubella),2,2,28,4.9,1050,350000,1,5,0,7,240,205,0,40,0
2026-05-19,9,VaxCare Hiệp Bình,7,Vắc xin Thủy đậu (Varicella),2,2,28,4.8,980,850000,1,5,0,9,132,466,0,40,0
2026-05-19,9,VaxCare Hiệp Bình,8,Vắc xin Phế cầu (Pneumococcal),3,2,60,4.9,1360,1150000,1,5,0,10,124,293,0,40,0
2026-05-19,9,VaxCare Hiệp Bình,9,Vắc xin Viêm não Nhật Bản,2,3,28,4.8,720,450000,1,5,0,6,142,186,0,40,0
2026-05-19,9,VaxCare Hiệp Bình,10,Vắc xin Cúm mùa (Influenza),5,1,365,4.9,2180,450000,1,5,0,26,436,134,0,40,0
2026-05-19,9,VaxCare Hiệp Bình,11,Vắc xin HPV (Human Papillomavirus),2,2,180,4.9,1240,1790000,1,5,0,11,110,488,0,40,0
2026-05-19,9,VaxCare Hiệp Bình,12,Vắc xin COVID-19,3,2,180,4.7,1890,550000,1,5,0,19,228,549,0,40,0
2026-05-19,9,VaxCare Hiệp Bình,13,Vắc xin Zona (Shingrix),4,2,60,4.9,640,3200000,1,5,0,6,6,327,0,40,1
2026-05-19,10,VaxCare Tân Định,1,Vắc xin BCG (Bacille Calmette–Guérin),1,1,0,4.9,860,250000,1,5,0,10,235,456,0,50,0
2026-05-19,10,VaxCare Tân Định,2,Vắc xin Viêm gan B (Hepatitis B),1,3,30,4.8,1420,350000,1,5,0,17,416,197,0,50,0
2026-05-19,10,VaxCare Tân Định,3,Vắc xin Bạch hầu – Ho gà – Uốn ván (DTaP/Tdap),2,5,60,4.9,1180,520000,1,5,0,13,222,636,0,50,0
2026-05-19,10,VaxCare Tân Định,4,Vắc xin Bại liệt (IPV),1,4,60,4.8,930,390000,1,5,0,12,237,564,0,50,0
2026-05-19,10,VaxCare Tân Định,5,Vắc xin Hib (Haemophilus influenzae type b),1,3,60,4.9,760,420000,1,5,0,8,230,367,0,50,0
2026-05-19,10,VaxCare Tân Định,6,Vắc xin MMR (Sởi – Quai bị – Rubella),2,2,28,4.9,1050,350000,1,5,0,9,257,276,0,50,0
2026-05-19,10,VaxCare Tân Định,7,Vắc xin Thủy đậu (Varicella),2,2,28,4.8,980,850000,1,5,0,10,129,598,0,50,0
2026-05-19,10,VaxCare Tân Định,8,Vắc xin Phế cầu (Pneumococcal),3,2,60,4.9,1360,1150000,1,5,0,8,49,487,0,50,1
2026-05-19,10,VaxCare Tân Định,9,Vắc xin Viêm não Nhật Bản,2,3,28,4.8,720,450000,1,5,0,9,181,317,0,50,0
2026-05-19,10,VaxCare Tân Định,10,Vắc xin Cúm mùa (Influenza),5,1,365,4.9,2180,450000,1,5,0,34,468,121,0,50,0
2026-05-19,10,VaxCare Tân Định,11,Vắc xin HPV (Human Papillomavirus),2,2,180,4.9,1240,1790000,1,5,0,9,163,571,0,50,0
2026-05-19,10,VaxCare Tân Định,12,Vắc xin COVID-19,3,2,180,4.7,1890,550000,1,5,0,17,238,293,0,50,0
2026-05-19,10,VaxCare Tân Định,13,Vắc xin Zona (Shingrix),4,2,60,4.9,640,3200000,1,5,0,3,64,620,0,50,0
2026-05-19,11,VaxCare An Lạc,1,Vắc xin BCG (Bacille Calmette–Guérin),1,1,0,4.9,860,250000,1,5,0,8,197,472,0,40,0
2026-05-19,11,VaxCare An Lạc,2,Vắc xin Viêm gan B (Hepatitis B),1,3,30,4.8,1420,350000,1,5,0,15,306,670,0,40,0
2026-05-19,11,VaxCare An Lạc,3,Vắc xin Bạch hầu – Ho gà – Uốn ván (DTaP/Tdap),2,5,60,4.9,1180,520000,1,5,0,12,150,399,0,40,0
2026-05-19,11,VaxCare An Lạc,4,Vắc xin Bại liệt (IPV),1,4,60,4.8,930,390000,1,5,0,9,208,692,0,40,0
2026-05-19,11,VaxCare An Lạc,5,Vắc xin Hib (Haemophilus influenzae type b),1,3,60,4.9,760,420000,1,5,0,7,165,445,0,40,0
2026-05-19,11,VaxCare An Lạc,6,Vắc xin MMR (Sởi – Quai bị – Rubella),2,2,28,4.9,1050,350000,1,5,0,12,185,270,0,40,0
2026-05-19,11,VaxCare An Lạc,7,Vắc xin Thủy đậu (Varicella),2,2,28,4.8,980,850000,1,5,0,6,189,213,0,40,0
2026-05-19,11,VaxCare An Lạc,8,Vắc xin Phế cầu (Pneumococcal),3,2,60,4.9,1360,1150000,1,5,0,9,79,627,0,40,0
2026-05-19,11,VaxCare An Lạc,9,Vắc xin Viêm não Nhật Bản,2,3,28,4.8,720,450000,1,5,0,4,121,386,0,40,0
2026-05-19,11,VaxCare An Lạc,10,Vắc xin Cúm mùa (Influenza),5,1,365,4.9,2180,450000,1,5,0,16,437,113,0,40,0
2026-05-19,11,VaxCare An Lạc,11,Vắc xin HPV (Human Papillomavirus),2,2,180,4.9,1240,1790000,1,5,0,7,186,455,0,40,0
2026-05-19,11,VaxCare An Lạc,12,Vắc xin COVID-19,3,2,180,4.7,1890,550000,1,5,0,3,251,220,0,40,0
2026-05-19,11,VaxCare An Lạc,13,Vắc xin Zona (Shingrix),4,2,60,4.9,640,3200000,1,5,0,4,63,600,0,40,0
2026-05-19,12,VaxCare Phú Thuận,1,Vắc xin BCG (Bacille Calmette–Guérin),1,1,0,4.9,860,250000,1,5,0,10,151,331,0,35,0
2026-05-19,12,VaxCare Phú Thuận,2,Vắc xin Viêm gan B (Hepatitis B),1,3,30,4.8,1420,350000,1,5,0,15,354,247,0,35,0
2026-05-19,12,VaxCare Phú Thuận,3,Vắc xin Bạch hầu – Ho gà – Uốn ván (DTaP/Tdap),2,5,60,4.9,1180,520000,1,5,0,12,252,683,0,35,0
2026-05-19,12,VaxCare Phú Thuận,4,Vắc xin Bại liệt (IPV),1,4,60,4.8,930,390000,1,5,0,10,217,547,0,35,0
2026-05-19,12,VaxCare Phú Thuận,5,Vắc xin Hib (Haemophilus influenzae type b),1,3,60,4.9,760,420000,1,5,0,6,232,403,0,35,0
2026-05-19,12,VaxCare Phú Thuận,6,Vắc xin MMR (Sởi – Quai bị – Rubella),2,2,28,4.9,1050,350000,1,5,0,9,186,565,0,35,0
2026-05-19,12,VaxCare Phú Thuận,7,Vắc xin Thủy đậu (Varicella),2,2,28,4.8,980,850000,1,5,0,7,102,592,0,35,0
2026-05-19,12,VaxCare Phú Thuận,8,Vắc xin Phế cầu (Pneumococcal),3,2,60,4.9,1360,1150000,1,5,0,11,112,184,0,35,0
2026-05-19,12,VaxCare Phú Thuận,9,Vắc xin Viêm não Nhật Bản,2,3,28,4.8,720,450000,1,5,0,11,91,438,0,35,0
2026-05-19,12,VaxCare Phú Thuận,10,Vắc xin Cúm mùa (Influenza),5,1,365,4.9,2180,450000,1,5,0,11,379,178,0,35,0
2026-05-19,12,VaxCare Phú Thuận,11,Vắc xin HPV (Human Papillomavirus),2,2,180,4.9,1240,1790000,1,5,0,11,215,335,0,35,0
2026-05-19,12,VaxCare Phú Thuận,12,Vắc xin COVID-19,3,2,180,4.7,1890,550000,1,5,0,14,322,686,0,35,0
2026-05-19,12,VaxCare Phú Thuận,13,Vắc xin Zona (Shingrix),4,2,60,4.9,640,3200000,1,5,0,6,15,650,0,35,1
2026-05-20,1,VaxCare Phú Nhuận,1,Vắc xin BCG (Bacille Calmette–Guérin),1,1,0,4.9,860,250000,2,5,0,10,303,189,0,50,0
2026-05-20,1,VaxCare Phú Nhuận,2,Vắc xin Viêm gan B (Hepatitis B),1,3,30,4.8,1420,350000,2,5,0,14,340,264,0,50,0
2026-05-20,1,VaxCare Phú Nhuận,3,Vắc xin Bạch hầu – Ho gà – Uốn ván (DTaP/Tdap),2,5,60,4.9,1180,520000,2,5,0,12,237,444,0,50,0
2026-05-20,1,VaxCare Phú Nhuận,4,Vắc xin Bại liệt (IPV),1,4,60,4.8,930,390000,2,5,0,12,232,203,0,50,0
2026-05-20,1,VaxCare Phú Nhuận,5,Vắc xin Hib (Haemophilus influenzae type b),1,3,60,4.9,760,420000,2,5,0,11,246,404,0,50,0
2026-05-20,1,VaxCare Phú Nhuận,6,Vắc xin MMR (Sởi – Quai bị – Rubella),2,2,28,4.9,1050,350000,2,5,0,14,258,430,0,50,0
2026-05-20,1,VaxCare Phú Nhuận,7,Vắc xin Thủy đậu (Varicella),2,2,28,4.8,980,850000,2,5,0,9,199,267,0,50,0
2026-05-20,1,VaxCare Phú Nhuận,8,Vắc xin Phế cầu (Pneumococcal),3,2,60,4.9,1360,1150000,2,5,0,14,84,445,0,50,0
2026-05-20,1,VaxCare Phú Nhuận,9,Vắc xin Viêm não Nhật Bản,2,3,28,4.8,720,450000,2,5,0,10,134,496,0,50,0
2026-05-20,1,VaxCare Phú Nhuận,10,Vắc xin Cúm mùa (Influenza),5,1,365,4.9,2180,450000,2,5,0,28,452,192,0,50,0
2026-05-20,1,VaxCare Phú Nhuận,11,Vắc xin HPV (Human Papillomavirus),2,2,180,4.9,1240,1790000,2,5,0,10,164,551,0,50,0
2026-05-20,1,VaxCare Phú Nhuận,12,Vắc xin COVID-19,3,2,180,4.7,1890,550000,2,5,0,10,252,602,0,50,0
2026-05-20,1,VaxCare Phú Nhuận,13,Vắc xin Zona (Shingrix),4,2,60,4.9,640,3200000,2,5,0,7,15,564,0,50,1
2026-05-20,2,VaxCare Thủ Đức - Bình Chiểu,1,Vắc xin BCG (Bacille Calmette–Guérin),1,1,0,4.9,860,250000,2,5,0,8,248,459,0,40,0
2026-05-20,2,VaxCare Thủ Đức - Bình Chiểu,2,Vắc xin Viêm gan B (Hepatitis B),1,3,30,4.8,1420,350000,2,5,0,12,331,331,0,40,0
2026-05-20,2,VaxCare Thủ Đức - Bình Chiểu,3,Vắc xin Bạch hầu – Ho gà – Uốn ván (DTaP/Tdap),2,5,60,4.9,1180,520000,2,5,0,13,218,321,0,40,0
2026-05-20,2,VaxCare Thủ Đức - Bình Chiểu,4,Vắc xin Bại liệt (IPV),1,4,60,4.8,930,390000,2,5,0,10,210,322,0,40,0
2026-05-20,2,VaxCare Thủ Đức - Bình Chiểu,5,Vắc xin Hib (Haemophilus influenzae type b),1,3,60,4.9,760,420000,2,5,0,5,227,699,0,40,0
2026-05-20,2,VaxCare Thủ Đức - Bình Chiểu,6,Vắc xin MMR (Sởi – Quai bị – Rubella),2,2,28,4.9,1050,350000,2,5,0,8,208,407,0,40,0
2026-05-20,2,VaxCare Thủ Đức - Bình Chiểu,7,Vắc xin Thủy đậu (Varicella),2,2,28,4.8,980,850000,2,5,0,9,97,332,0,40,0
2026-05-20,2,VaxCare Thủ Đức - Bình Chiểu,8,Vắc xin Phế cầu (Pneumococcal),3,2,60,4.9,1360,1150000,2,5,0,14,68,214,0,40,0
2026-05-20,2,VaxCare Thủ Đức - Bình Chiểu,9,Vắc xin Viêm não Nhật Bản,2,3,28,4.8,720,450000,2,5,0,6,140,448,0,40,0
2026-05-20,2,VaxCare Thủ Đức - Bình Chiểu,10,Vắc xin Cúm mùa (Influenza),5,1,365,4.9,2180,450000,2,5,0,19,520,88,1,40,0
2026-05-20,2,VaxCare Thủ Đức - Bình Chiểu,11,Vắc xin HPV (Human Papillomavirus),2,2,180,4.9,1240,1790000,2,5,0,8,170,377,0,40,0
2026-05-20,2,VaxCare Thủ Đức - Bình Chiểu,12,Vắc xin COVID-19,3,2,180,4.7,1890,550000,2,5,0,25,246,532,0,40,0
2026-05-20,2,VaxCare Thủ Đức - Bình Chiểu,13,Vắc xin Zona (Shingrix),4,2,60,4.9,640,3200000,2,5,0,5,73,481,0,40,0
2026-05-20,3,VaxCare Nowzone,1,Vắc xin BCG (Bacille Calmette–Guérin),1,1,0,4.9,860,250000,2,5,0,7,223,322,0,60,0
2026-05-20,3,VaxCare Nowzone,2,Vắc xin Viêm gan B (Hepatitis B),1,3,30,4.8,1420,350000,2,5,0,22,336,298,0,60,0
2026-05-20,3,VaxCare Nowzone,3,Vắc xin Bạch hầu – Ho gà – Uốn ván (DTaP/Tdap),2,5,60,4.9,1180,520000,2,5,0,22,267,360,0,60,0
2026-05-20,3,VaxCare Nowzone,4,Vắc xin Bại liệt (IPV),1,4,60,4.8,930,390000,2,5,0,6,258,198,0,60,0
2026-05-20,3,VaxCare Nowzone,5,Vắc xin Hib (Haemophilus influenzae type b),1,3,60,4.9,760,420000,2,5,0,9,134,212,0,60,0
2026-05-20,3,VaxCare Nowzone,6,Vắc xin MMR (Sởi – Quai bị – Rubella),2,2,28,4.9,1050,350000,2,5,0,8,213,236,0,60,0
2026-05-20,3,VaxCare Nowzone,7,Vắc xin Thủy đậu (Varicella),2,2,28,4.8,980,850000,2,5,0,9,78,235,0,60,0
2026-05-20,3,VaxCare Nowzone,8,Vắc xin Phế cầu (Pneumococcal),3,2,60,4.9,1360,1150000,2,5,0,8,82,326,0,60,0
2026-05-20,3,VaxCare Nowzone,9,Vắc xin Viêm não Nhật Bản,2,3,28,4.8,720,450000,2,5,0,10,141,359,0,60,0
2026-05-20,3,VaxCare Nowzone,10,Vắc xin Cúm mùa (Influenza),5,1,365,4.9,2180,450000,2,5,0,21,460,190,0,60,0
2026-05-20,3,VaxCare Nowzone,11,Vắc xin HPV (Human Papillomavirus),2,2,180,4.9,1240,1790000,2,5,0,13,144,308,0,60,0
2026-05-20,3,VaxCare Nowzone,12,Vắc xin COVID-19,3,2,180,4.7,1890,550000,2,5,0,22,212,563,0,60,0
2026-05-20,3,VaxCare Nowzone,13,Vắc xin Zona (Shingrix),4,2,60,4.9,640,3200000,2,5,0,7,7,512,0,60,1
2026-05-20,4,VaxCare Củ Chi - Bình Mỹ,1,Vắc xin BCG (Bacille Calmette–Guérin),1,1,0,4.9,860,250000,2,5,0,4,110,570,0,30,0
2026-05-20,4,VaxCare Củ Chi - Bình Mỹ,2,Vắc xin Viêm gan B (Hepatitis B),1,3,30,4.8,1420,350000,2,5,0,5,242,361,0,30,0
2026-05-20,4,VaxCare Củ Chi - Bình Mỹ,3,Vắc xin Bạch hầu – Ho gà – Uốn ván (DTaP/Tdap),2,5,60,4.9,1180,520000,2,5,0,7,130,404,0,30,0
2026-05-20,4,VaxCare Củ Chi - Bình Mỹ,4,Vắc xin Bại liệt (IPV),1,4,60,4.8,930,390000,2,5,0,6,162,205,0,30,0
2026-05-20,4,VaxCare Củ Chi - Bình Mỹ,5,Vắc xin Hib (Haemophilus influenzae type b),1,3,60,4.9,760,420000,2,5,0,3,115,422,0,30,0
2026-05-20,4,VaxCare Củ Chi - Bình Mỹ,6,Vắc xin MMR (Sởi – Quai bị – Rubella),2,2,28,4.9,1050,350000,2,5,0,8,103,389,0,30,0
2026-05-20,4,VaxCare Củ Chi - Bình Mỹ,7,Vắc xin Thủy đậu (Varicella),2,2,28,4.8,980,850000,2,5,0,7,102,332,0,30,0
2026-05-20,4,VaxCare Củ Chi - Bình Mỹ,8,Vắc xin Phế cầu (Pneumococcal),3,2,60,4.9,1360,1150000,2,5,0,10,38,611,0,30,0
2026-05-20,4,VaxCare Củ Chi - Bình Mỹ,9,Vắc xin Viêm não Nhật Bản,2,3,28,4.8,720,450000,2,5,0,6,27,353,0,30,1
2026-05-20,4,VaxCare Củ Chi - Bình Mỹ,10,Vắc xin Cúm mùa (Influenza),5,1,365,4.9,2180,450000,2,5,0,13,276,55,1,30,0
2026-05-20,4,VaxCare Củ Chi - Bình Mỹ,11,Vắc xin HPV (Human Papillomavirus),2,2,180,4.9,1240,1790000,2,5,0,5,131,367,0,30,0
2026-05-20,4,VaxCare Củ Chi - Bình Mỹ,12,Vắc xin COVID-19,3,2,180,4.7,1890,550000,2,5,0,5,205,581,0,30,0
2026-05-20,4,VaxCare Củ Chi - Bình Mỹ,13,Vắc xin Zona (Shingrix),4,2,60,4.9,640,3200000,2,5,0,3,3,589,0,30,1
2026-05-20,5,VaxCare Trung Mỹ Tây,1,Vắc xin BCG (Bacille Calmette–Guérin),1,1,0,4.9,860,250000,2,5,0,8,267,258,0,40,0
2026-05-20,5,VaxCare Trung Mỹ Tây,2,Vắc xin Viêm gan B (Hepatitis B),1,3,30,4.8,1420,350000,2,5,0,15,346,632,0,40,0
2026-05-20,5,VaxCare Trung Mỹ Tây,3,Vắc xin Bạch hầu – Ho gà – Uốn ván (DTaP/Tdap),2,5,60,4.9,1180,520000,2,5,0,7,182,480,0,40,0
2026-05-20,5,VaxCare Trung Mỹ Tây,4,Vắc xin Bại liệt (IPV),1,4,60,4.8,930,390000,2,5,0,9,231,343,0,40,0
2026-05-20,5,VaxCare Trung Mỹ Tây,5,Vắc xin Hib (Haemophilus influenzae type b),1,3,60,4.9,760,420000,2,5,0,8,184,195,0,40,0
2026-05-20,5,VaxCare Trung Mỹ Tây,6,Vắc xin MMR (Sởi – Quai bị – Rubella),2,2,28,4.9,1050,350000,2,5,0,9,216,490,0,40,0
2026-05-20,5,VaxCare Trung Mỹ Tây,7,Vắc xin Thủy đậu (Varicella),2,2,28,4.8,980,850000,2,5,0,9,86,329,0,40,0
2026-05-20,5,VaxCare Trung Mỹ Tây,8,Vắc xin Phế cầu (Pneumococcal),3,2,60,4.9,1360,1150000,2,5,0,10,45,394,0,40,0
2026-05-20,5,VaxCare Trung Mỹ Tây,9,Vắc xin Viêm não Nhật Bản,2,3,28,4.8,720,450000,2,5,0,8,94,609,0,40,0
2026-05-20,5,VaxCare Trung Mỹ Tây,10,Vắc xin Cúm mùa (Influenza),5,1,365,4.9,2180,450000,2,5,0,31,533,69,1,40,0
2026-05-20,5,VaxCare Trung Mỹ Tây,11,Vắc xin HPV (Human Papillomavirus),2,2,180,4.9,1240,1790000,2,5,0,9,185,524,0,40,0
2026-05-20,5,VaxCare Trung Mỹ Tây,12,Vắc xin COVID-19,3,2,180,4.7,1890,550000,2,5,0,23,265,544,0,40,0
2026-05-20,5,VaxCare Trung Mỹ Tây,13,Vắc xin Zona (Shingrix),4,2,60,4.9,640,3200000,2,5,0,3,24,356,0,40,1
2026-05-20,6,VaxCare Co.opmart Quang Trung,1,Vắc xin BCG (Bacille Calmette–Guérin),1,1,0,4.9,860,250000,2,5,0,7,127,463,0,50,0
2026-05-20,6,VaxCare Co.opmart Quang Trung,2,Vắc xin Viêm gan B (Hepatitis B),1,3,30,4.8,1420,350000,2,5,0,15,388,306,0,50,0
2026-05-20,6,VaxCare Co.opmart Quang Trung,3,Vắc xin Bạch hầu – Ho gà – Uốn ván (DTaP/Tdap),2,5,60,4.9,1180,520000,2,5,0,10,118,380,0,50,0
2026-05-20,6,VaxCare Co.opmart Quang Trung,4,Vắc xin Bại liệt (IPV),1,4,60,4.8,930,390000,2,5,0,8,234,330,0,50,0
2026-05-20,6,VaxCare Co.opmart Quang Trung,5,Vắc xin Hib (Haemophilus influenzae type b),1,3,60,4.9,760,420000,2,5,0,5,202,619,0,50,0
2026-05-20,6,VaxCare Co.opmart Quang Trung,6,Vắc xin MMR (Sởi – Quai bị – Rubella),2,2,28,4.9,1050,350000,2,5,0,14,209,474,0,50,0
2026-05-20,6,VaxCare Co.opmart Quang Trung,7,Vắc xin Thủy đậu (Varicella),2,2,28,4.8,980,850000,2,5,0,6,138,246,0,50,0
2026-05-20,6,VaxCare Co.opmart Quang Trung,8,Vắc xin Phế cầu (Pneumococcal),3,2,60,4.9,1360,1150000,2,5,0,13,77,609,0,50,0
2026-05-20,6,VaxCare Co.opmart Quang Trung,9,Vắc xin Viêm não Nhật Bản,2,3,28,4.8,720,450000,2,5,0,6,80,445,0,50,0
2026-05-20,6,VaxCare Co.opmart Quang Trung,10,Vắc xin Cúm mùa (Influenza),5,1,365,4.9,2180,450000,2,5,0,25,581,55,1,50,0
2026-05-20,6,VaxCare Co.opmart Quang Trung,11,Vắc xin HPV (Human Papillomavirus),2,2,180,4.9,1240,1790000,2,5,0,8,195,273,0,50,0
2026-05-20,6,VaxCare Co.opmart Quang Trung,12,Vắc xin COVID-19,3,2,180,4.7,1890,550000,2,5,0,15,192,380,0,50,0
2026-05-20,6,VaxCare Co.opmart Quang Trung,13,Vắc xin Zona (Shingrix),4,2,60,4.9,640,3200000,2,5,0,5,25,370,0,50,1
2026-05-20,7,VaxCare Oriental Plaza,1,Vắc xin BCG (Bacille Calmette–Guérin),1,1,0,4.9,860,250000,2,5,0,9,194,591,0,45,0
2026-05-20,7,VaxCare Oriental Plaza,2,Vắc xin Viêm gan B (Hepatitis B),1,3,30,4.8,1420,350000,2,5,0,16,179,425,0,45,0
2026-05-20,7,VaxCare Oriental Plaza,3,Vắc xin Bạch hầu – Ho gà – Uốn ván (DTaP/Tdap),2,5,60,4.9,1180,520000,2,5,0,11,215,697,0,45,0
2026-05-20,7,VaxCare Oriental Plaza,4,Vắc xin Bại liệt (IPV),1,4,60,4.8,930,390000,2,5,0,11,205,347,0,45,0
2026-05-20,7,VaxCare Oriental Plaza,5,Vắc xin Hib (Haemophilus influenzae type b),1,3,60,4.9,760,420000,2,5,0,7,123,637,0,45,0
2026-05-20,7,VaxCare Oriental Plaza,6,Vắc xin MMR (Sởi – Quai bị – Rubella),2,2,28,4.9,1050,350000,2,5,0,10,265,271,0,45,0
2026-05-20,7,VaxCare Oriental Plaza,7,Vắc xin Thủy đậu (Varicella),2,2,28,4.8,980,850000,2,5,0,10,158,394,0,45,0
2026-05-20,7,VaxCare Oriental Plaza,8,Vắc xin Phế cầu (Pneumococcal),3,2,60,4.9,1360,1150000,2,5,0,11,30,426,0,45,1
2026-05-20,7,VaxCare Oriental Plaza,9,Vắc xin Viêm não Nhật Bản,2,3,28,4.8,720,450000,2,5,0,7,61,281,0,45,0
2026-05-20,7,VaxCare Oriental Plaza,10,Vắc xin Cúm mùa (Influenza),5,1,365,4.9,2180,450000,2,5,0,14,466,196,0,45,0
2026-05-20,7,VaxCare Oriental Plaza,11,Vắc xin HPV (Human Papillomavirus),2,2,180,4.9,1240,1790000,2,5,0,8,191,287,0,45,0
2026-05-20,7,VaxCare Oriental Plaza,12,Vắc xin COVID-19,3,2,180,4.7,1890,550000,2,5,0,20,275,543,0,45,0
2026-05-20,7,VaxCare Oriental Plaza,13,Vắc xin Zona (Shingrix),4,2,60,4.9,640,3200000,2,5,0,3,85,699,0,45,0
2026-05-20,8,VaxCare Hóc Môn - Đông Thạnh,1,Vắc xin BCG (Bacille Calmette–Guérin),1,1,0,4.9,860,250000,2,5,0,6,124,657,0,30,0
2026-05-20,8,VaxCare Hóc Môn - Đông Thạnh,2,Vắc xin Viêm gan B (Hepatitis B),1,3,30,4.8,1420,350000,2,5,0,6,246,189,0,30,0
2026-05-20,8,VaxCare Hóc Môn - Đông Thạnh,3,Vắc xin Bạch hầu – Ho gà – Uốn ván (DTaP/Tdap),2,5,60,4.9,1180,520000,2,5,0,12,159,628,0,30,0
2026-05-20,8,VaxCare Hóc Môn - Đông Thạnh,4,Vắc xin Bại liệt (IPV),1,4,60,4.8,930,390000,2,5,0,7,121,349,0,30,0
2026-05-20,8,VaxCare Hóc Môn - Đông Thạnh,5,Vắc xin Hib (Haemophilus influenzae type b),1,3,60,4.9,760,420000,2,5,0,5,166,350,0,30,0
2026-05-20,8,VaxCare Hóc Môn - Đông Thạnh,6,Vắc xin MMR (Sởi – Quai bị – Rubella),2,2,28,4.9,1050,350000,2,5,0,10,154,183,0,30,0
2026-05-20,8,VaxCare Hóc Môn - Đông Thạnh,7,Vắc xin Thủy đậu (Varicella),2,2,28,4.8,980,850000,2,5,0,5,59,237,0,30,0
2026-05-20,8,VaxCare Hóc Môn - Đông Thạnh,8,Vắc xin Phế cầu (Pneumococcal),3,2,60,4.9,1360,1150000,2,5,0,7,24,605,0,30,1
2026-05-20,8,VaxCare Hóc Môn - Đông Thạnh,9,Vắc xin Viêm não Nhật Bản,2,3,28,4.8,720,450000,2,5,0,5,86,293,0,30,0
2026-05-20,8,VaxCare Hóc Môn - Đông Thạnh,10,Vắc xin Cúm mùa (Influenza),5,1,365,4.9,2180,450000,2,5,0,21,355,63,1,30,0
2026-05-20,8,VaxCare Hóc Môn - Đông Thạnh,11,Vắc xin HPV (Human Papillomavirus),2,2,180,4.9,1240,1790000,2,5,0,6,96,672,0,30,0
2026-05-20,8,VaxCare Hóc Môn - Đông Thạnh,12,Vắc xin COVID-19,3,2,180,4.7,1890,550000,2,5,0,15,217,382,0,30,0
2026-05-20,8,VaxCare Hóc Môn - Đông Thạnh,13,Vắc xin Zona (Shingrix),4,2,60,4.9,640,3200000,2,5,0,3,21,638,0,30,1
2026-05-20,9,VaxCare Hiệp Bình,1,Vắc xin BCG (Bacille Calmette–Guérin),1,1,0,4.9,860,250000,2,5,0,8,269,366,0,40,0
2026-05-20,9,VaxCare Hiệp Bình,2,Vắc xin Viêm gan B (Hepatitis B),1,3,30,4.8,1420,350000,2,5,0,12,384,555,0,40,0
2026-05-20,9,VaxCare Hiệp Bình,3,Vắc xin Bạch hầu – Ho gà – Uốn ván (DTaP/Tdap),2,5,60,4.9,1180,520000,2,5,0,13,183,212,0,40,0
2026-05-20,9,VaxCare Hiệp Bình,4,Vắc xin Bại liệt (IPV),1,4,60,4.8,930,390000,2,5,0,5,139,480,0,40,0
2026-05-20,9,VaxCare Hiệp Bình,5,Vắc xin Hib (Haemophilus influenzae type b),1,3,60,4.9,760,420000,2,5,0,7,140,584,0,40,0
2026-05-20,9,VaxCare Hiệp Bình,6,Vắc xin MMR (Sởi – Quai bị – Rubella),2,2,28,4.9,1050,350000,2,5,0,8,304,580,0,40,0
2026-05-20,9,VaxCare Hiệp Bình,7,Vắc xin Thủy đậu (Varicella),2,2,28,4.8,980,850000,2,5,0,8,103,571,0,40,0
2026-05-20,9,VaxCare Hiệp Bình,8,Vắc xin Phế cầu (Pneumococcal),3,2,60,4.9,1360,1150000,2,5,0,9,49,587,0,40,0
2026-05-20,9,VaxCare Hiệp Bình,9,Vắc xin Viêm não Nhật Bản,2,3,28,4.8,720,450000,2,5,0,5,146,633,0,40,0
2026-05-20,9,VaxCare Hiệp Bình,10,Vắc xin Cúm mùa (Influenza),5,1,365,4.9,2180,450000,2,5,0,16,487,141,0,40,0
2026-05-20,9,VaxCare Hiệp Bình,11,Vắc xin HPV (Human Papillomavirus),2,2,180,4.9,1240,1790000,2,5,0,8,180,553,0,40,0
2026-05-20,9,VaxCare Hiệp Bình,12,Vắc xin COVID-19,3,2,180,4.7,1890,550000,2,5,0,16,284,509,0,40,0
2026-05-20,9,VaxCare Hiệp Bình,13,Vắc xin Zona (Shingrix),4,2,60,4.9,640,3200000,2,5,0,4,53,485,0,40,0
2026-05-20,10,VaxCare Tân Định,1,Vắc xin BCG (Bacille Calmette–Guérin),1,1,0,4.9,860,250000,2,5,0,11,248,184,0,50,0
2026-05-20,10,VaxCare Tân Định,2,Vắc xin Viêm gan B (Hepatitis B),1,3,30,4.8,1420,350000,2,5,0,21,363,382,0,50,0
2026-05-20,10,VaxCare Tân Định,3,Vắc xin Bạch hầu – Ho gà – Uốn ván (DTaP/Tdap),2,5,60,4.9,1180,520000,2,5,0,13,195,340,0,50,0
2026-05-20,10,VaxCare Tân Định,4,Vắc xin Bại liệt (IPV),1,4,60,4.8,930,390000,2,5,0,8,220,295,0,50,0
2026-05-20,10,VaxCare Tân Định,5,Vắc xin Hib (Haemophilus influenzae type b),1,3,60,4.9,760,420000,2,5,0,10,227,320,0,50,0
2026-05-20,10,VaxCare Tân Định,6,Vắc xin MMR (Sởi – Quai bị – Rubella),2,2,28,4.9,1050,350000,2,5,0,12,239,247,0,50,0
2026-05-20,10,VaxCare Tân Định,7,Vắc xin Thủy đậu (Varicella),2,2,28,4.8,980,850000,2,5,0,7,141,289,0,50,0
2026-05-20,10,VaxCare Tân Định,8,Vắc xin Phế cầu (Pneumococcal),3,2,60,4.9,1360,1150000,2,5,0,13,127,503,0,50,0
2026-05-20,10,VaxCare Tân Định,9,Vắc xin Viêm não Nhật Bản,2,3,28,4.8,720,450000,2,5,0,9,175,283,0,50,0
2026-05-20,10,VaxCare Tân Định,10,Vắc xin Cúm mùa (Influenza),5,1,365,4.9,2180,450000,2,5,0,17,523,151,0,50,0
2026-05-20,10,VaxCare Tân Định,11,Vắc xin HPV (Human Papillomavirus),2,2,180,4.9,1240,1790000,2,5,0,9,175,477,0,50,0
2026-05-20,10,VaxCare Tân Định,12,Vắc xin COVID-19,3,2,180,4.7,1890,550000,2,5,0,21,285,517,0,50,0
2026-05-20,10,VaxCare Tân Định,13,Vắc xin Zona (Shingrix),4,2,60,4.9,640,3200000,2,5,0,5,57,183,0,50,0
2026-05-20,11,VaxCare An Lạc,1,Vắc xin BCG (Bacille Calmette–Guérin),1,1,0,4.9,860,250000,2,5,0,5,225,462,0,40,0
2026-05-20,11,VaxCare An Lạc,2,Vắc xin Viêm gan B (Hepatitis B),1,3,30,4.8,1420,350000,2,5,0,21,334,339,0,40,0
2026-05-20,11,VaxCare An Lạc,3,Vắc xin Bạch hầu – Ho gà – Uốn ván (DTaP/Tdap),2,5,60,4.9,1180,520000,2,5,0,9,139,507,0,40,0
2026-05-20,11,VaxCare An Lạc,4,Vắc xin Bại liệt (IPV),1,4,60,4.8,930,390000,2,5,0,7,182,293,0,40,0
2026-05-20,11,VaxCare An Lạc,5,Vắc xin Hib (Haemophilus influenzae type b),1,3,60,4.9,760,420000,2,5,0,6,161,684,0,40,0
2026-05-20,11,VaxCare An Lạc,6,Vắc xin MMR (Sởi – Quai bị – Rubella),2,2,28,4.9,1050,350000,2,5,0,10,236,419,0,40,0
2026-05-20,11,VaxCare An Lạc,7,Vắc xin Thủy đậu (Varicella),2,2,28,4.8,980,850000,2,5,0,9,100,280,0,40,0
2026-05-20,11,VaxCare An Lạc,8,Vắc xin Phế cầu (Pneumococcal),3,2,60,4.9,1360,1150000,2,5,0,8,53,565,0,40,0
2026-05-20,11,VaxCare An Lạc,9,Vắc xin Viêm não Nhật Bản,2,3,28,4.8,720,450000,2,5,0,8,171,652,0,40,0
2026-05-20,11,VaxCare An Lạc,10,Vắc xin Cúm mùa (Influenza),5,1,365,4.9,2180,450000,2,5,0,10,332,69,1,40,0
2026-05-20,11,VaxCare An Lạc,11,Vắc xin HPV (Human Papillomavirus),2,2,180,4.9,1240,1790000,2,5,0,8,118,558,0,40,0
2026-05-20,11,VaxCare An Lạc,12,Vắc xin COVID-19,3,2,180,4.7,1890,550000,2,5,0,22,279,653,0,40,0
2026-05-20,11,VaxCare An Lạc,13,Vắc xin Zona (Shingrix),4,2,60,4.9,640,3200000,2,5,0,5,66,246,0,40,0
2026-05-20,12,VaxCare Phú Thuận,1,Vắc xin BCG (Bacille Calmette–Guérin),1,1,0,4.9,860,250000,2,5,0,3,229,388,0,35,0
2026-05-20,12,VaxCare Phú Thuận,2,Vắc xin Viêm gan B (Hepatitis B),1,3,30,4.8,1420,350000,2,5,0,13,184,550,0,35,0
2026-05-20,12,VaxCare Phú Thuận,3,Vắc xin Bạch hầu – Ho gà – Uốn ván (DTaP/Tdap),2,5,60,4.9,1180,520000,2,5,0,11,167,672,0,35,0
2026-05-20,12,VaxCare Phú Thuận,4,Vắc xin Bại liệt (IPV),1,4,60,4.8,930,390000,2,5,0,9,212,242,0,35,0
2026-05-20,12,VaxCare Phú Thuận,5,Vắc xin Hib (Haemophilus influenzae type b),1,3,60,4.9,760,420000,2,5,0,6,108,494,0,35,0
2026-05-20,12,VaxCare Phú Thuận,6,Vắc xin MMR (Sởi – Quai bị – Rubella),2,2,28,4.9,1050,350000,2,5,0,9,347,370,0,35,0
2026-05-20,12,VaxCare Phú Thuận,7,Vắc xin Thủy đậu (Varicella),2,2,28,4.8,980,850000,2,5,0,9,128,488,0,35,0
2026-05-20,12,VaxCare Phú Thuận,8,Vắc xin Phế cầu (Pneumococcal),3,2,60,4.9,1360,1150000,2,5,0,13,80,650,0,35,0
2026-05-20,12,VaxCare Phú Thuận,9,Vắc xin Viêm não Nhật Bản,2,3,28,4.8,720,450000,2,5,0,4,79,345,0,35,0
2026-05-20,12,VaxCare Phú Thuận,10,Vắc xin Cúm mùa (Influenza),5,1,365,4.9,2180,450000,2,5,0,24,462,130,0,35,0
2026-05-20,12,VaxCare Phú Thuận,11,Vắc xin HPV (Human Papillomavirus),2,2,180,4.9,1240,1790000,2,5,0,10,125,641,0,35,0
2026-05-20,12,VaxCare Phú Thuận,12,Vắc xin COVID-19,3,2,180,4.7,1890,550000,2,5,0,23,188,639,0,35,0
2026-05-20,12,VaxCare Phú Thuận,13,Vắc xin Zona (Shingrix),4,2,60,4.9,640,3200000,2,5,0,3,19,190,0,35,1
2026-05-21,1,VaxCare Phú Nhuận,1,Vắc xin BCG (Bacille Calmette–Guérin),1,1,0,4.9,860,250000,3,5,0,11,210,391,0,50,0
2026-05-21,1,VaxCare Phú Nhuận,2,Vắc xin Viêm gan B (Hepatitis B),1,3,30,4.8,1420,350000,3,5,0,9,313,391,0,50,0
2026-05-21,1,VaxCare Phú Nhuận,3,Vắc xin Bạch hầu – Ho gà – Uốn ván (DTaP/Tdap),2,5,60,4.9,1180,520000,3,5,0,12,282,590,0,50,0
2026-05-21,1,VaxCare Phú Nhuận,4,Vắc xin Bại liệt (IPV),1,4,60,4.8,930,390000,3,5,0,9,234,308,0,50,0
2026-05-21,1,VaxCare Phú Nhuận,5,Vắc xin Hib (Haemophilus influenzae type b),1,3,60,4.9,760,420000,3,5,0,8,143,696,0,50,0
2026-05-21,1,VaxCare Phú Nhuận,6,Vắc xin MMR (Sởi – Quai bị – Rubella),2,2,28,4.9,1050,350000,3,5,0,13,362,210,0,50,0
2026-05-21,1,VaxCare Phú Nhuận,7,Vắc xin Thủy đậu (Varicella),2,2,28,4.8,980,850000,3,5,0,7,140,419,0,50,0
2026-05-21,1,VaxCare Phú Nhuận,8,Vắc xin Phế cầu (Pneumococcal),3,2,60,4.9,1360,1150000,3,5,0,16,75,559,0,50,0
2026-05-21,1,VaxCare Phú Nhuận,9,Vắc xin Viêm não Nhật Bản,2,3,28,4.8,720,450000,3,5,0,4,125,535,0,50,0
2026-05-21,1,VaxCare Phú Nhuận,10,Vắc xin Cúm mùa (Influenza),5,1,365,4.9,2180,450000,3,5,0,10,629,81,1,50,0
2026-05-21,1,VaxCare Phú Nhuận,11,Vắc xin HPV (Human Papillomavirus),2,2,180,4.9,1240,1790000,3,5,0,13,206,640,0,50,0
2026-05-21,1,VaxCare Phú Nhuận,12,Vắc xin COVID-19,3,2,180,4.7,1890,550000,3,5,0,21,286,189,0,50,0
2026-05-21,1,VaxCare Phú Nhuận,13,Vắc xin Zona (Shingrix),4,2,60,4.9,640,3200000,3,5,0,7,31,641,0,50,1
2026-05-21,2,VaxCare Thủ Đức - Bình Chiểu,1,Vắc xin BCG (Bacille Calmette–Guérin),1,1,0,4.9,860,250000,3,5,0,10,124,654,0,40,0
2026-05-21,2,VaxCare Thủ Đức - Bình Chiểu,2,Vắc xin Viêm gan B (Hepatitis B),1,3,30,4.8,1420,350000,3,5,0,14,283,440,0,40,0
2026-05-21,2,VaxCare Thủ Đức - Bình Chiểu,3,Vắc xin Bạch hầu – Ho gà – Uốn ván (DTaP/Tdap),2,5,60,4.9,1180,520000,3,5,0,10,175,208,0,40,0
2026-05-21,2,VaxCare Thủ Đức - Bình Chiểu,4,Vắc xin Bại liệt (IPV),1,4,60,4.8,930,390000,3,5,0,7,146,365,0,40,0
2026-05-21,2,VaxCare Thủ Đức - Bình Chiểu,5,Vắc xin Hib (Haemophilus influenzae type b),1,3,60,4.9,760,420000,3,5,0,8,145,313,0,40,0
2026-05-21,2,VaxCare Thủ Đức - Bình Chiểu,6,Vắc xin MMR (Sởi – Quai bị – Rubella),2,2,28,4.9,1050,350000,3,5,0,9,234,241,0,40,0
2026-05-21,2,VaxCare Thủ Đức - Bình Chiểu,7,Vắc xin Thủy đậu (Varicella),2,2,28,4.8,980,850000,3,5,0,9,150,330,0,40,0
2026-05-21,2,VaxCare Thủ Đức - Bình Chiểu,8,Vắc xin Phế cầu (Pneumococcal),3,2,60,4.9,1360,1150000,3,5,0,9,119,256,0,40,0
2026-05-21,2,VaxCare Thủ Đức - Bình Chiểu,9,Vắc xin Viêm não Nhật Bản,2,3,28,4.8,720,450000,3,5,0,7,126,681,0,40,0
2026-05-21,2,VaxCare Thủ Đức - Bình Chiểu,10,Vắc xin Cúm mùa (Influenza),5,1,365,4.9,2180,450000,3,5,0,32,472,57,1,40,0
2026-05-21,2,VaxCare Thủ Đức - Bình Chiểu,11,Vắc xin HPV (Human Papillomavirus),2,2,180,4.9,1240,1790000,3,5,0,10,179,481,0,40,0
2026-05-21,2,VaxCare Thủ Đức - Bình Chiểu,12,Vắc xin COVID-19,3,2,180,4.7,1890,550000,3,5,0,15,184,475,0,40,0
2026-05-21,2,VaxCare Thủ Đức - Bình Chiểu,13,Vắc xin Zona (Shingrix),4,2,60,4.9,640,3200000,3,5,0,5,6,418,0,40,1
2026-05-21,3,VaxCare Nowzone,1,Vắc xin BCG (Bacille Calmette–Guérin),1,1,0,4.9,860,250000,3,5,0,10,174,615,0,60,0
2026-05-21,3,VaxCare Nowzone,2,Vắc xin Viêm gan B (Hepatitis B),1,3,30,4.8,1420,350000,3,5,0,17,456,363,0,60,0
2026-05-21,3,VaxCare Nowzone,3,Vắc xin Bạch hầu – Ho gà – Uốn ván (DTaP/Tdap),2,5,60,4.9,1180,520000,3,5,0,14,189,603,0,60,0
2026-05-21,3,VaxCare Nowzone,4,Vắc xin Bại liệt (IPV),1,4,60,4.8,930,390000,3,5,0,12,316,452,0,60,0
2026-05-21,3,VaxCare Nowzone,5,Vắc xin Hib (Haemophilus influenzae type b),1,3,60,4.9,760,420000,3,5,0,10,124,687,0,60,0
2026-05-21,3,VaxCare Nowzone,6,Vắc xin MMR (Sởi – Quai bị – Rubella),2,2,28,4.9,1050,350000,3,5,0,12,361,205,0,60,0
2026-05-21,3,VaxCare Nowzone,7,Vắc xin Thủy đậu (Varicella),2,2,28,4.8,980,850000,3,5,0,7,142,199,0,60,0
2026-05-21,3,VaxCare Nowzone,8,Vắc xin Phế cầu (Pneumococcal),3,2,60,4.9,1360,1150000,3,5,0,13,151,378,0,60,0
2026-05-21,3,VaxCare Nowzone,9,Vắc xin Viêm não Nhật Bản,2,3,28,4.8,720,450000,3,5,0,7,148,191,0,60,0
2026-05-21,3,VaxCare Nowzone,10,Vắc xin Cúm mùa (Influenza),5,1,365,4.9,2180,450000,3,5,0,29,657,80,1,60,0
2026-05-21,3,VaxCare Nowzone,11,Vắc xin HPV (Human Papillomavirus),2,2,180,4.9,1240,1790000,3,5,0,8,111,367,0,60,0
2026-05-21,3,VaxCare Nowzone,12,Vắc xin COVID-19,3,2,180,4.7,1890,550000,3,5,0,24,244,409,0,60,0
2026-05-21,3,VaxCare Nowzone,13,Vắc xin Zona (Shingrix),4,2,60,4.9,640,3200000,3,5,0,5,25,465,0,60,1
2026-05-21,4,VaxCare Củ Chi - Bình Mỹ,1,Vắc xin BCG (Bacille Calmette–Guérin),1,1,0,4.9,860,250000,3,5,0,5,137,185,0,30,0
2026-05-21,4,VaxCare Củ Chi - Bình Mỹ,2,Vắc xin Viêm gan B (Hepatitis B),1,3,30,4.8,1420,350000,3,5,0,5,260,587,0,30,0
2026-05-21,4,VaxCare Củ Chi - Bình Mỹ,3,Vắc xin Bạch hầu – Ho gà – Uốn ván (DTaP/Tdap),2,5,60,4.9,1180,520000,3,5,0,10,131,242,0,30,0
2026-05-21,4,VaxCare Củ Chi - Bình Mỹ,4,Vắc xin Bại liệt (IPV),1,4,60,4.8,930,390000,3,5,0,5,106,512,0,30,0
2026-05-21,4,VaxCare Củ Chi - Bình Mỹ,5,Vắc xin Hib (Haemophilus influenzae type b),1,3,60,4.9,760,420000,3,5,0,3,108,410,0,30,0
2026-05-21,4,VaxCare Củ Chi - Bình Mỹ,6,Vắc xin MMR (Sởi – Quai bị – Rubella),2,2,28,4.9,1050,350000,3,5,0,6,154,685,0,30,0
2026-05-21,4,VaxCare Củ Chi - Bình Mỹ,7,Vắc xin Thủy đậu (Varicella),2,2,28,4.8,980,850000,3,5,0,8,85,300,0,30,0
2026-05-21,4,VaxCare Củ Chi - Bình Mỹ,8,Vắc xin Phế cầu (Pneumococcal),3,2,60,4.9,1360,1150000,3,5,0,8,74,228,0,30,0
2026-05-21,4,VaxCare Củ Chi - Bình Mỹ,9,Vắc xin Viêm não Nhật Bản,2,3,28,4.8,720,450000,3,5,0,5,20,308,0,30,1
2026-05-21,4,VaxCare Củ Chi - Bình Mỹ,10,Vắc xin Cúm mùa (Influenza),5,1,365,4.9,2180,450000,3,5,0,15,372,131,0,30,0
2026-05-21,4,VaxCare Củ Chi - Bình Mỹ,11,Vắc xin HPV (Human Papillomavirus),2,2,180,4.9,1240,1790000,3,5,0,7,123,350,0,30,0
2026-05-21,4,VaxCare Củ Chi - Bình Mỹ,12,Vắc xin COVID-19,3,2,180,4.7,1890,550000,3,5,0,12,178,390,0,30,0
2026-05-21,4,VaxCare Củ Chi - Bình Mỹ,13,Vắc xin Zona (Shingrix),4,2,60,4.9,640,3200000,3,5,0,3,21,562,0,30,1
2026-05-21,5,VaxCare Trung Mỹ Tây,1,Vắc xin BCG (Bacille Calmette–Guérin),1,1,0,4.9,860,250000,3,5,0,7,180,625,0,40,0
2026-05-21,5,VaxCare Trung Mỹ Tây,2,Vắc xin Viêm gan B (Hepatitis B),1,3,30,4.8,1420,350000,3,5,0,13,292,687,0,40,0
2026-05-21,5,VaxCare Trung Mỹ Tây,3,Vắc xin Bạch hầu – Ho gà – Uốn ván (DTaP/Tdap),2,5,60,4.9,1180,520000,3,5,0,17,187,353,0,40,0
2026-05-21,5,VaxCare Trung Mỹ Tây,4,Vắc xin Bại liệt (IPV),1,4,60,4.8,930,390000,3,5,0,10,180,285,0,40,0
2026-05-21,5,VaxCare Trung Mỹ Tây,5,Vắc xin Hib (Haemophilus influenzae type b),1,3,60,4.9,760,420000,3,5,0,6,190,227,0,40,0
2026-05-21,5,VaxCare Trung Mỹ Tây,6,Vắc xin MMR (Sởi – Quai bị – Rubella),2,2,28,4.9,1050,350000,3,5,0,7,220,486,0,40,0
2026-05-21,5,VaxCare Trung Mỹ Tây,7,Vắc xin Thủy đậu (Varicella),2,2,28,4.8,980,850000,3,5,0,8,163,213,0,40,0
2026-05-21,5,VaxCare Trung Mỹ Tây,8,Vắc xin Phế cầu (Pneumococcal),3,2,60,4.9,1360,1150000,3,5,0,7,101,410,0,40,0
2026-05-21,5,VaxCare Trung Mỹ Tây,9,Vắc xin Viêm não Nhật Bản,2,3,28,4.8,720,450000,3,5,0,8,91,377,0,40,0
2026-05-21,5,VaxCare Trung Mỹ Tây,10,Vắc xin Cúm mùa (Influenza),5,1,365,4.9,2180,450000,3,5,0,2,392,72,1,40,0
2026-05-21,5,VaxCare Trung Mỹ Tây,11,Vắc xin HPV (Human Papillomavirus),2,2,180,4.9,1240,1790000,3,5,0,8,140,337,0,40,0
2026-05-21,5,VaxCare Trung Mỹ Tây,12,Vắc xin COVID-19,3,2,180,4.7,1890,550000,3,5,0,6,288,240,0,40,0
2026-05-21,5,VaxCare Trung Mỹ Tây,13,Vắc xin Zona (Shingrix),4,2,60,4.9,640,3200000,3,5,0,5,32,470,0,40,1
2026-05-21,6,VaxCare Co.opmart Quang Trung,1,Vắc xin BCG (Bacille Calmette–Guérin),1,1,0,4.9,860,250000,3,5,0,7,208,594,0,50,0
2026-05-21,6,VaxCare Co.opmart Quang Trung,2,Vắc xin Viêm gan B (Hepatitis B),1,3,30,4.8,1420,350000,3,5,0,16,308,393,0,50,0
2026-05-21,6,VaxCare Co.opmart Quang Trung,3,Vắc xin Bạch hầu – Ho gà – Uốn ván (DTaP/Tdap),2,5,60,4.9,1180,520000,3,5,0,6,193,346,0,50,0
2026-05-21,6,VaxCare Co.opmart Quang Trung,4,Vắc xin Bại liệt (IPV),1,4,60,4.8,930,390000,3,5,0,11,181,347,0,50,0
2026-05-21,6,VaxCare Co.opmart Quang Trung,5,Vắc xin Hib (Haemophilus influenzae type b),1,3,60,4.9,760,420000,3,5,0,8,174,207,0,50,0
2026-05-21,6,VaxCare Co.opmart Quang Trung,6,Vắc xin MMR (Sởi – Quai bị – Rubella),2,2,28,4.9,1050,350000,3,5,0,10,217,309,0,50,0
2026-05-21,6,VaxCare Co.opmart Quang Trung,7,Vắc xin Thủy đậu (Varicella),2,2,28,4.8,980,850000,3,5,0,7,144,456,0,50,0
2026-05-21,6,VaxCare Co.opmart Quang Trung,8,Vắc xin Phế cầu (Pneumococcal),3,2,60,4.9,1360,1150000,3,5,0,10,87,521,0,50,0
2026-05-21,6,VaxCare Co.opmart Quang Trung,9,Vắc xin Viêm não Nhật Bản,2,3,28,4.8,720,450000,3,5,0,8,90,317,0,50,0
2026-05-21,6,VaxCare Co.opmart Quang Trung,10,Vắc xin Cúm mùa (Influenza),5,1,365,4.9,2180,450000,3,5,0,15,596,92,0,50,0
2026-05-21,6,VaxCare Co.opmart Quang Trung,11,Vắc xin HPV (Human Papillomavirus),2,2,180,4.9,1240,1790000,3,5,0,9,150,257,0,50,0
2026-05-21,6,VaxCare Co.opmart Quang Trung,12,Vắc xin COVID-19,3,2,180,4.7,1890,550000,3,5,0,16,247,560,0,50,0
2026-05-21,6,VaxCare Co.opmart Quang Trung,13,Vắc xin Zona (Shingrix),4,2,60,4.9,640,3200000,3,5,0,5,48,573,0,50,1
2026-05-21,7,VaxCare Oriental Plaza,1,Vắc xin BCG (Bacille Calmette–Guérin),1,1,0,4.9,860,250000,3,5,0,6,163,275,0,45,0
2026-05-21,7,VaxCare Oriental Plaza,2,Vắc xin Viêm gan B (Hepatitis B),1,3,30,4.8,1420,350000,3,5,0,18,274,280,0,45,0
2026-05-21,7,VaxCare Oriental Plaza,3,Vắc xin Bạch hầu – Ho gà – Uốn ván (DTaP/Tdap),2,5,60,4.9,1180,520000,3,5,0,13,195,637,0,45,0
2026-05-21,7,VaxCare Oriental Plaza,4,Vắc xin Bại liệt (IPV),1,4,60,4.8,930,390000,3,5,0,5,146,673,0,45,0
2026-05-21,7,VaxCare Oriental Plaza,5,Vắc xin Hib (Haemophilus influenzae type b),1,3,60,4.9,760,420000,3,5,0,4,115,613,0,45,0
2026-05-21,7,VaxCare Oriental Plaza,6,Vắc xin MMR (Sởi – Quai bị – Rubella),2,2,28,4.9,1050,350000,3,5,0,13,280,506,0,45,0
2026-05-21,7,VaxCare Oriental Plaza,7,Vắc xin Thủy đậu (Varicella),2,2,28,4.8,980,850000,3,5,0,8,56,572,0,45,0
2026-05-21,7,VaxCare Oriental Plaza,8,Vắc xin Phế cầu (Pneumococcal),3,2,60,4.9,1360,1150000,3,5,0,6,75,206,0,45,0
2026-05-21,7,VaxCare Oriental Plaza,9,Vắc xin Viêm não Nhật Bản,2,3,28,4.8,720,450000,3,5,0,6,93,639,0,45,0
2026-05-21,7,VaxCare Oriental Plaza,10,Vắc xin Cúm mùa (Influenza),5,1,365,4.9,2180,450000,3,5,0,19,535,31,1,45,0
2026-05-21,7,VaxCare Oriental Plaza,11,Vắc xin HPV (Human Papillomavirus),2,2,180,4.9,1240,1790000,3,5,0,10,169,455,0,45,0
2026-05-21,7,VaxCare Oriental Plaza,12,Vắc xin COVID-19,3,2,180,4.7,1890,550000,3,5,0,23,232,242,0,45,0
2026-05-21,7,VaxCare Oriental Plaza,13,Vắc xin Zona (Shingrix),4,2,60,4.9,640,3200000,3,5,0,5,47,542,0,45,0
2026-05-21,8,VaxCare Hóc Môn - Đông Thạnh,1,Vắc xin BCG (Bacille Calmette–Guérin),1,1,0,4.9,860,250000,3,5,0,6,153,190,0,30,0
2026-05-21,8,VaxCare Hóc Môn - Đông Thạnh,2,Vắc xin Viêm gan B (Hepatitis B),1,3,30,4.8,1420,350000,3,5,0,9,175,322,0,30,0
2026-05-21,8,VaxCare Hóc Môn - Đông Thạnh,3,Vắc xin Bạch hầu – Ho gà – Uốn ván (DTaP/Tdap),2,5,60,4.9,1180,520000,3,5,0,11,119,423,0,30,0
2026-05-21,8,VaxCare Hóc Môn - Đông Thạnh,4,Vắc xin Bại liệt (IPV),1,4,60,4.8,930,390000,3,5,0,6,188,632,0,30,0
2026-05-21,8,VaxCare Hóc Môn - Đông Thạnh,5,Vắc xin Hib (Haemophilus influenzae type b),1,3,60,4.9,760,420000,3,5,0,6,94,323,0,30,0
2026-05-21,8,VaxCare Hóc Môn - Đông Thạnh,6,Vắc xin MMR (Sởi – Quai bị – Rubella),2,2,28,4.9,1050,350000,3,5,0,6,155,437,0,30,0
2026-05-21,8,VaxCare Hóc Môn - Đông Thạnh,7,Vắc xin Thủy đậu (Varicella),2,2,28,4.8,980,850000,3,5,0,4,101,693,0,30,0
2026-05-21,8,VaxCare Hóc Môn - Đông Thạnh,8,Vắc xin Phế cầu (Pneumococcal),3,2,60,4.9,1360,1150000,3,5,0,8,51,509,0,30,0
2026-05-21,8,VaxCare Hóc Môn - Đông Thạnh,9,Vắc xin Viêm não Nhật Bản,2,3,28,4.8,720,450000,3,5,0,4,118,364,0,30,0
2026-05-21,8,VaxCare Hóc Môn - Đông Thạnh,10,Vắc xin Cúm mùa (Influenza),5,1,365,4.9,2180,450000,3,5,0,8,409,168,0,30,0
2026-05-21,8,VaxCare Hóc Môn - Đông Thạnh,11,Vắc xin HPV (Human Papillomavirus),2,2,180,4.9,1240,1790000,3,5,0,6,130,684,0,30,0
2026-05-21,8,VaxCare Hóc Môn - Đông Thạnh,12,Vắc xin COVID-19,3,2,180,4.7,1890,550000,3,5,0,25,202,420,0,30,0
2026-05-21,8,VaxCare Hóc Môn - Đông Thạnh,13,Vắc xin Zona (Shingrix),4,2,60,4.9,640,3200000,3,5,0,3,3,277,0,30,1
2026-05-21,9,VaxCare Hiệp Bình,1,Vắc xin BCG (Bacille Calmette–Guérin),1,1,0,4.9,860,250000,3,5,0,8,210,528,0,40,0
2026-05-21,9,VaxCare Hiệp Bình,2,Vắc xin Viêm gan B (Hepatitis B),1,3,30,4.8,1420,350000,3,5,0,13,280,461,0,40,0
2026-05-21,9,VaxCare Hiệp Bình,3,Vắc xin Bạch hầu – Ho gà – Uốn ván (DTaP/Tdap),2,5,60,4.9,1180,520000,3,5,0,14,126,695,0,40,0
2026-05-21,9,VaxCare Hiệp Bình,4,Vắc xin Bại liệt (IPV),1,4,60,4.8,930,390000,3,5,0,8,229,376,0,40,0
2026-05-21,9,VaxCare Hiệp Bình,5,Vắc xin Hib (Haemophilus influenzae type b),1,3,60,4.9,760,420000,3,5,0,7,222,508,0,40,0
2026-05-21,9,VaxCare Hiệp Bình,6,Vắc xin MMR (Sởi – Quai bị – Rubella),2,2,28,4.9,1050,350000,3,5,0,12,227,594,0,40,0
2026-05-21,9,VaxCare Hiệp Bình,7,Vắc xin Thủy đậu (Varicella),2,2,28,4.8,980,850000,3,5,0,11,179,700,0,40,0
2026-05-21,9,VaxCare Hiệp Bình,8,Vắc xin Phế cầu (Pneumococcal),3,2,60,4.9,1360,1150000,3,5,0,9,27,352,0,40,1
2026-05-21,9,VaxCare Hiệp Bình,9,Vắc xin Viêm não Nhật Bản,2,3,28,4.8,720,450000,3,5,0,5,117,506,0,40,0
2026-05-21,9,VaxCare Hiệp Bình,10,Vắc xin Cúm mùa (Influenza),5,1,365,4.9,2180,450000,3,5,0,16,562,179,0,40,0
2026-05-21,9,VaxCare Hiệp Bình,11,Vắc xin HPV (Human Papillomavirus),2,2,180,4.9,1240,1790000,3,5,0,10,137,367,0,40,0
2026-05-21,9,VaxCare Hiệp Bình,12,Vắc xin COVID-19,3,2,180,4.7,1890,550000,3,5,0,22,350,288,0,40,0
2026-05-21,9,VaxCare Hiệp Bình,13,Vắc xin Zona (Shingrix),4,2,60,4.9,640,3200000,3,5,0,5,40,595,0,40,0
2026-05-21,10,VaxCare Tân Định,1,Vắc xin BCG (Bacille Calmette–Guérin),1,1,0,4.9,860,250000,3,5,0,12,184,356,0,50,0
2026-05-21,10,VaxCare Tân Định,2,Vắc xin Viêm gan B (Hepatitis B),1,3,30,4.8,1420,350000,3,5,0,19,369,437,0,50,0
2026-05-21,10,VaxCare Tân Định,3,Vắc xin Bạch hầu – Ho gà – Uốn ván (DTaP/Tdap),2,5,60,4.9,1180,520000,3,5,0,11,273,353,0,50,0
2026-05-21,10,VaxCare Tân Định,4,Vắc xin Bại liệt (IPV),1,4,60,4.8,930,390000,3,5,0,7,274,269,0,50,0
2026-05-21,10,VaxCare Tân Định,5,Vắc xin Hib (Haemophilus influenzae type b),1,3,60,4.9,760,420000,3,5,0,7,187,191,0,50,0
2026-05-21,10,VaxCare Tân Định,6,Vắc xin MMR (Sởi – Quai bị – Rubella),2,2,28,4.9,1050,350000,3,5,0,13,294,354,0,50,0
2026-05-21,10,VaxCare Tân Định,7,Vắc xin Thủy đậu (Varicella),2,2,28,4.8,980,850000,3,5,0,11,126,317,0,50,0
2026-05-21,10,VaxCare Tân Định,8,Vắc xin Phế cầu (Pneumococcal),3,2,60,4.9,1360,1150000,3,5,0,7,114,530,0,50,0
2026-05-21,10,VaxCare Tân Định,9,Vắc xin Viêm não Nhật Bản,2,3,28,4.8,720,450000,3,5,0,3,187,549,0,50,0
2026-05-21,10,VaxCare Tân Định,10,Vắc xin Cúm mùa (Influenza),5,1,365,4.9,2180,450000,3,5,0,30,511,152,0,50,0
2026-05-21,10,VaxCare Tân Định,11,Vắc xin HPV (Human Papillomavirus),2,2,180,4.9,1240,1790000,3,5,0,12,223,417,0,50,0
2026-05-21,10,VaxCare Tân Định,12,Vắc xin COVID-19,3,2,180,4.7,1890,550000,3,5,0,23,356,266,0,50,0
2026-05-21,10,VaxCare Tân Định,13,Vắc xin Zona (Shingrix),4,2,60,4.9,640,3200000,3,5,0,6,60,385,0,50,0
2026-05-21,11,VaxCare An Lạc,1,Vắc xin BCG (Bacille Calmette–Guérin),1,1,0,4.9,860,250000,3,5,0,9,211,344,0,40,0
2026-05-21,11,VaxCare An Lạc,2,Vắc xin Viêm gan B (Hepatitis B),1,3,30,4.8,1420,350000,3,5,0,10,220,268,0,40,0
2026-05-21,11,VaxCare An Lạc,3,Vắc xin Bạch hầu – Ho gà – Uốn ván (DTaP/Tdap),2,5,60,4.9,1180,520000,3,5,0,10,234,185,0,40,0
2026-05-21,11,VaxCare An Lạc,4,Vắc xin Bại liệt (IPV),1,4,60,4.8,930,390000,3,5,0,9,176,327,0,40,0
2026-05-21,11,VaxCare An Lạc,5,Vắc xin Hib (Haemophilus influenzae type b),1,3,60,4.9,760,420000,3,5,0,6,190,589,0,40,0
2026-05-21,11,VaxCare An Lạc,6,Vắc xin MMR (Sởi – Quai bị – Rubella),2,2,28,4.9,1050,350000,3,5,0,9,246,608,0,40,0
2026-05-21,11,VaxCare An Lạc,7,Vắc xin Thủy đậu (Varicella),2,2,28,4.8,980,850000,3,5,0,8,175,626,0,40,0
2026-05-21,11,VaxCare An Lạc,8,Vắc xin Phế cầu (Pneumococcal),3,2,60,4.9,1360,1150000,3,5,0,9,65,403,0,40,0
2026-05-21,11,VaxCare An Lạc,9,Vắc xin Viêm não Nhật Bản,2,3,28,4.8,720,450000,3,5,0,3,97,195,0,40,0
2026-05-21,11,VaxCare An Lạc,10,Vắc xin Cúm mùa (Influenza),5,1,365,4.9,2180,450000,3,5,0,22,489,74,1,40,0
2026-05-21,11,VaxCare An Lạc,11,Vắc xin HPV (Human Papillomavirus),2,2,180,4.9,1240,1790000,3,5,0,12,76,635,0,40,0
2026-05-21,11,VaxCare An Lạc,12,Vắc xin COVID-19,3,2,180,4.7,1890,550000,3,5,0,4,307,293,0,40,0
2026-05-21,11,VaxCare An Lạc,13,Vắc xin Zona (Shingrix),4,2,60,4.9,640,3200000,3,5,0,5,51,600,0,40,0
2026-05-21,12,VaxCare Phú Thuận,1,Vắc xin BCG (Bacille Calmette–Guérin),1,1,0,4.9,860,250000,3,5,0,6,144,275,0,35,0
2026-05-21,12,VaxCare Phú Thuận,2,Vắc xin Viêm gan B (Hepatitis B),1,3,30,4.8,1420,350000,3,5,0,16,356,384,0,35,0
2026-05-21,12,VaxCare Phú Thuận,3,Vắc xin Bạch hầu – Ho gà – Uốn ván (DTaP/Tdap),2,5,60,4.9,1180,520000,3,5,0,12,168,462,0,35,0
2026-05-21,12,VaxCare Phú Thuận,4,Vắc xin Bại liệt (IPV),1,4,60,4.8,930,390000,3,5,0,11,223,381,0,35,0
2026-05-21,12,VaxCare Phú Thuận,5,Vắc xin Hib (Haemophilus influenzae type b),1,3,60,4.9,760,420000,3,5,0,6,135,577,0,35,0
2026-05-21,12,VaxCare Phú Thuận,6,Vắc xin MMR (Sởi – Quai bị – Rubella),2,2,28,4.9,1050,350000,3,5,0,10,212,212,0,35,0
2026-05-21,12,VaxCare Phú Thuận,7,Vắc xin Thủy đậu (Varicella),2,2,28,4.8,980,850000,3,5,0,13,133,437,0,35,0
2026-05-21,12,VaxCare Phú Thuận,8,Vắc xin Phế cầu (Pneumococcal),3,2,60,4.9,1360,1150000,3,5,0,11,100,226,0,35,0
2026-05-21,12,VaxCare Phú Thuận,9,Vắc xin Viêm não Nhật Bản,2,3,28,4.8,720,450000,3,5,0,8,110,251,0,35,0
2026-05-21,12,VaxCare Phú Thuận,10,Vắc xin Cúm mùa (Influenza),5,1,365,4.9,2180,450000,3,5,0,31,433,160,0,35,0
2026-05-21,12,VaxCare Phú Thuận,11,Vắc xin HPV (Human Papillomavirus),2,2,180,4.9,1240,1790000,3,5,0,7,168,686,0,35,0
2026-05-21,12,VaxCare Phú Thuận,12,Vắc xin COVID-19,3,2,180,4.7,1890,550000,3,5,0,5,274,486,0,35,0
2026-05-21,12,VaxCare Phú Thuận,13,Vắc xin Zona (Shingrix),4,2,60,4.9,640,3200000,3,5,0,3,68,473,0,35,0
2026-05-22,1,VaxCare Phú Nhuận,1,Vắc xin BCG (Bacille Calmette–Guérin),1,1,0,4.9,860,250000,4,5,0,7,212,453,0,50,0
2026-05-22,1,VaxCare Phú Nhuận,2,Vắc xin Viêm gan B (Hepatitis B),1,3,30,4.8,1420,350000,4,5,0,14,438,688,0,50,0
2026-05-22,1,VaxCare Phú Nhuận,3,Vắc xin Bạch hầu – Ho gà – Uốn ván (DTaP/Tdap),2,5,60,4.9,1180,520000,4,5,0,14,152,618,0,50,0
2026-05-22,1,VaxCare Phú Nhuận,4,Vắc xin Bại liệt (IPV),1,4,60,4.8,930,390000,4,5,0,12,279,578,0,50,0
2026-05-22,1,VaxCare Phú Nhuận,5,Vắc xin Hib (Haemophilus influenzae type b),1,3,60,4.9,760,420000,4,5,0,6,177,191,0,50,0
2026-05-22,1,VaxCare Phú Nhuận,6,Vắc xin MMR (Sởi – Quai bị – Rubella),2,2,28,4.9,1050,350000,4,5,0,17,224,558,0,50,0
2026-05-22,1,VaxCare Phú Nhuận,7,Vắc xin Thủy đậu (Varicella),2,2,28,4.8,980,850000,4,5,0,12,139,320,0,50,0
2026-05-22,1,VaxCare Phú Nhuận,8,Vắc xin Phế cầu (Pneumococcal),3,2,60,4.9,1360,1150000,4,5,0,11,114,658,0,50,0
2026-05-22,1,VaxCare Phú Nhuận,9,Vắc xin Viêm não Nhật Bản,2,3,28,4.8,720,450000,4,5,0,12,76,452,0,50,0
2026-05-22,1,VaxCare Phú Nhuận,10,Vắc xin Cúm mùa (Influenza),5,1,365,4.9,2180,450000,4,5,0,29,421,182,0,50,0
2026-05-22,1,VaxCare Phú Nhuận,11,Vắc xin HPV (Human Papillomavirus),2,2,180,4.9,1240,1790000,4,5,0,10,149,500,0,50,0
2026-05-22,1,VaxCare Phú Nhuận,12,Vắc xin COVID-19,3,2,180,4.7,1890,550000,4,5,0,14,273,273,0,50,0
2026-05-22,1,VaxCare Phú Nhuận,13,Vắc xin Zona (Shingrix),4,2,60,4.9,640,3200000,4,5,0,4,27,508,0,50,1
2026-05-22,2,VaxCare Thủ Đức - Bình Chiểu,1,Vắc xin BCG (Bacille Calmette–Guérin),1,1,0,4.9,860,250000,4,5,0,10,282,213,0,40,0
2026-05-22,2,VaxCare Thủ Đức - Bình Chiểu,2,Vắc xin Viêm gan B (Hepatitis B),1,3,30,4.8,1420,350000,4,5,0,14,320,259,0,40,0
2026-05-22,2,VaxCare Thủ Đức - Bình Chiểu,3,Vắc xin Bạch hầu – Ho gà – Uốn ván (DTaP/Tdap),2,5,60,4.9,1180,520000,4,5,0,12,106,492,0,40,0
2026-05-22,2,VaxCare Thủ Đức - Bình Chiểu,4,Vắc xin Bại liệt (IPV),1,4,60,4.8,930,390000,4,5,0,6,171,276,0,40,0
2026-05-22,2,VaxCare Thủ Đức - Bình Chiểu,5,Vắc xin Hib (Haemophilus influenzae type b),1,3,60,4.9,760,420000,4,5,0,8,116,448,0,40,0
2026-05-22,2,VaxCare Thủ Đức - Bình Chiểu,6,Vắc xin MMR (Sởi – Quai bị – Rubella),2,2,28,4.9,1050,350000,4,5,0,10,162,585,0,40,0
2026-05-22,2,VaxCare Thủ Đức - Bình Chiểu,7,Vắc xin Thủy đậu (Varicella),2,2,28,4.8,980,850000,4,5,0,6,169,642,0,40,0
2026-05-22,2,VaxCare Thủ Đức - Bình Chiểu,8,Vắc xin Phế cầu (Pneumococcal),3,2,60,4.9,1360,1150000,4,5,0,7,86,442,0,40,0
2026-05-22,2,VaxCare Thủ Đức - Bình Chiểu,9,Vắc xin Viêm não Nhật Bản,2,3,28,4.8,720,450000,4,5,0,7,91,577,0,40,0
2026-05-22,2,VaxCare Thủ Đức - Bình Chiểu,10,Vắc xin Cúm mùa (Influenza),5,1,365,4.9,2180,450000,4,5,0,26,496,47,1,40,0
2026-05-22,2,VaxCare Thủ Đức - Bình Chiểu,11,Vắc xin HPV (Human Papillomavirus),2,2,180,4.9,1240,1790000,4,5,0,11,130,269,0,40,0
2026-05-22,2,VaxCare Thủ Đức - Bình Chiểu,12,Vắc xin COVID-19,3,2,180,4.7,1890,550000,4,5,0,19,275,332,0,40,0
2026-05-22,2,VaxCare Thủ Đức - Bình Chiểu,13,Vắc xin Zona (Shingrix),4,2,60,4.9,640,3200000,4,5,0,4,51,292,0,40,0
2026-05-22,3,VaxCare Nowzone,1,Vắc xin BCG (Bacille Calmette–Guérin),1,1,0,4.9,860,250000,4,5,0,10,156,221,0,60,0
2026-05-22,3,VaxCare Nowzone,2,Vắc xin Viêm gan B (Hepatitis B),1,3,30,4.8,1420,350000,4,5,0,17,337,477,0,60,0
2026-05-22,3,VaxCare Nowzone,3,Vắc xin Bạch hầu – Ho gà – Uốn ván (DTaP/Tdap),2,5,60,4.9,1180,520000,4,5,0,10,254,618,0,60,0
2026-05-22,3,VaxCare Nowzone,4,Vắc xin Bại liệt (IPV),1,4,60,4.8,930,390000,4,5,0,9,190,433,0,60,0
2026-05-22,3,VaxCare Nowzone,5,Vắc xin Hib (Haemophilus influenzae type b),1,3,60,4.9,760,420000,4,5,0,8,162,431,0,60,0
2026-05-22,3,VaxCare Nowzone,6,Vắc xin MMR (Sởi – Quai bị – Rubella),2,2,28,4.9,1050,350000,4,5,0,12,201,630,0,60,0
2026-05-22,3,VaxCare Nowzone,7,Vắc xin Thủy đậu (Varicella),2,2,28,4.8,980,850000,4,5,0,7,183,662,0,60,0
2026-05-22,3,VaxCare Nowzone,8,Vắc xin Phế cầu (Pneumococcal),3,2,60,4.9,1360,1150000,4,5,0,11,141,318,0,60,0
2026-05-22,3,VaxCare Nowzone,9,Vắc xin Viêm não Nhật Bản,2,3,28,4.8,720,450000,4,5,0,8,109,600,0,60,0
2026-05-22,3,VaxCare Nowzone,10,Vắc xin Cúm mùa (Influenza),5,1,365,4.9,2180,450000,4,5,0,28,619,194,0,60,0
2026-05-22,3,VaxCare Nowzone,11,Vắc xin HPV (Human Papillomavirus),2,2,180,4.9,1240,1790000,4,5,0,11,184,196,0,60,0
2026-05-22,3,VaxCare Nowzone,12,Vắc xin COVID-19,3,2,180,4.7,1890,550000,4,5,0,22,313,699,0,60,0
2026-05-22,3,VaxCare Nowzone,13,Vắc xin Zona (Shingrix),4,2,60,4.9,640,3200000,4,5,0,5,58,517,0,60,1
2026-05-22,4,VaxCare Củ Chi - Bình Mỹ,1,Vắc xin BCG (Bacille Calmette–Guérin),1,1,0,4.9,860,250000,4,5,0,5,192,662,0,30,0
2026-05-22,4,VaxCare Củ Chi - Bình Mỹ,2,Vắc xin Viêm gan B (Hepatitis B),1,3,30,4.8,1420,350000,4,5,0,13,207,491,0,30,0
2026-05-22,4,VaxCare Củ Chi - Bình Mỹ,3,Vắc xin Bạch hầu – Ho gà – Uốn ván (DTaP/Tdap),2,5,60,4.9,1180,520000,4,5,0,7,158,695,0,30,0
2026-05-22,4,VaxCare Củ Chi - Bình Mỹ,4,Vắc xin Bại liệt (IPV),1,4,60,4.8,930,390000,4,5,0,5,116,502,0,30,0
2026-05-22,4,VaxCare Củ Chi - Bình Mỹ,5,Vắc xin Hib (Haemophilus influenzae type b),1,3,60,4.9,760,420000,4,5,0,3,117,489,0,30,0
2026-05-22,4,VaxCare Củ Chi - Bình Mỹ,6,Vắc xin MMR (Sởi – Quai bị – Rubella),2,2,28,4.9,1050,350000,4,5,0,7,178,646,0,30,0
2026-05-22,4,VaxCare Củ Chi - Bình Mỹ,7,Vắc xin Thủy đậu (Varicella),2,2,28,4.8,980,850000,4,5,0,5,34,259,0,30,0
2026-05-22,4,VaxCare Củ Chi - Bình Mỹ,8,Vắc xin Phế cầu (Pneumococcal),3,2,60,4.9,1360,1150000,4,5,0,7,29,633,0,30,1
2026-05-22,4,VaxCare Củ Chi - Bình Mỹ,9,Vắc xin Viêm não Nhật Bản,2,3,28,4.8,720,450000,4,5,0,5,8,371,0,30,1
2026-05-22,4,VaxCare Củ Chi - Bình Mỹ,10,Vắc xin Cúm mùa (Influenza),5,1,365,4.9,2180,450000,4,5,0,22,432,71,1,30,0
2026-05-22,4,VaxCare Củ Chi - Bình Mỹ,11,Vắc xin HPV (Human Papillomavirus),2,2,180,4.9,1240,1790000,4,5,0,8,139,376,0,30,0
2026-05-22,4,VaxCare Củ Chi - Bình Mỹ,12,Vắc xin COVID-19,3,2,180,4.7,1890,550000,4,5,0,4,253,262,0,30,0
2026-05-22,4,VaxCare Củ Chi - Bình Mỹ,13,Vắc xin Zona (Shingrix),4,2,60,4.9,640,3200000,4,5,0,4,38,302,0,30,0
2026-05-22,5,VaxCare Trung Mỹ Tây,1,Vắc xin BCG (Bacille Calmette–Guérin),1,1,0,4.9,860,250000,4,5,0,9,189,510,0,40,0
2026-05-22,5,VaxCare Trung Mỹ Tây,2,Vắc xin Viêm gan B (Hepatitis B),1,3,30,4.8,1420,350000,4,5,0,19,395,418,0,40,0
2026-05-22,5,VaxCare Trung Mỹ Tây,3,Vắc xin Bạch hầu – Ho gà – Uốn ván (DTaP/Tdap),2,5,60,4.9,1180,520000,4,5,0,9,150,186,0,40,0
2026-05-22,5,VaxCare Trung Mỹ Tây,4,Vắc xin Bại liệt (IPV),1,4,60,4.8,930,390000,4,5,0,7,194,448,0,40,0
2026-05-22,5,VaxCare Trung Mỹ Tây,5,Vắc xin Hib (Haemophilus influenzae type b),1,3,60,4.9,760,420000,4,5,0,8,114,210,0,40,0
2026-05-22,5,VaxCare Trung Mỹ Tây,6,Vắc xin MMR (Sởi – Quai bị – Rubella),2,2,28,4.9,1050,350000,4,5,0,12,195,423,0,40,0
2026-05-22,5,VaxCare Trung Mỹ Tây,7,Vắc xin Thủy đậu (Varicella),2,2,28,4.8,980,850000,4,5,0,7,148,199,0,40,0
2026-05-22,5,VaxCare Trung Mỹ Tây,8,Vắc xin Phế cầu (Pneumococcal),3,2,60,4.9,1360,1150000,4,5,0,10,56,608,0,40,0
2026-05-22,5,VaxCare Trung Mỹ Tây,9,Vắc xin Viêm não Nhật Bản,2,3,28,4.8,720,450000,4,5,0,7,75,363,0,40,0
2026-05-22,5,VaxCare Trung Mỹ Tây,10,Vắc xin Cúm mùa (Influenza),5,1,365,4.9,2180,450000,4,5,0,23,340,142,0,40,0
2026-05-22,5,VaxCare Trung Mỹ Tây,11,Vắc xin HPV (Human Papillomavirus),2,2,180,4.9,1240,1790000,4,5,0,9,100,346,0,40,0
2026-05-22,5,VaxCare Trung Mỹ Tây,12,Vắc xin COVID-19,3,2,180,4.7,1890,550000,4,5,0,18,304,464,0,40,0
2026-05-22,5,VaxCare Trung Mỹ Tây,13,Vắc xin Zona (Shingrix),4,2,60,4.9,640,3200000,4,5,0,4,66,235,0,40,0
2026-05-22,6,VaxCare Co.opmart Quang Trung,1,Vắc xin BCG (Bacille Calmette–Guérin),1,1,0,4.9,860,250000,4,5,0,8,260,294,0,50,0
2026-05-22,6,VaxCare Co.opmart Quang Trung,2,Vắc xin Viêm gan B (Hepatitis B),1,3,30,4.8,1420,350000,4,5,0,9,310,565,0,50,0
2026-05-22,6,VaxCare Co.opmart Quang Trung,3,Vắc xin Bạch hầu – Ho gà – Uốn ván (DTaP/Tdap),2,5,60,4.9,1180,520000,4,5,0,11,222,407,0,50,0
2026-05-22,6,VaxCare Co.opmart Quang Trung,4,Vắc xin Bại liệt (IPV),1,4,60,4.8,930,390000,4,5,0,6,212,233,0,50,0
2026-05-22,6,VaxCare Co.opmart Quang Trung,5,Vắc xin Hib (Haemophilus influenzae type b),1,3,60,4.9,760,420000,4,5,0,5,126,325,0,50,0
2026-05-22,6,VaxCare Co.opmart Quang Trung,6,Vắc xin MMR (Sởi – Quai bị – Rubella),2,2,28,4.9,1050,350000,4,5,0,17,322,181,0,50,0
2026-05-22,6,VaxCare Co.opmart Quang Trung,7,Vắc xin Thủy đậu (Varicella),2,2,28,4.8,980,850000,4,5,0,5,72,227,0,50,0
2026-05-22,6,VaxCare Co.opmart Quang Trung,8,Vắc xin Phế cầu (Pneumococcal),3,2,60,4.9,1360,1150000,4,5,0,13,93,339,0,50,0
2026-05-22,6,VaxCare Co.opmart Quang Trung,9,Vắc xin Viêm não Nhật Bản,2,3,28,4.8,720,450000,4,5,0,7,75,636,0,50,0
2026-05-22,6,VaxCare Co.opmart Quang Trung,10,Vắc xin Cúm mùa (Influenza),5,1,365,4.9,2180,450000,4,5,0,23,553,161,0,50,0
2026-05-22,6,VaxCare Co.opmart Quang Trung,11,Vắc xin HPV (Human Papillomavirus),2,2,180,4.9,1240,1790000,4,5,0,7,189,247,0,50,0
2026-05-22,6,VaxCare Co.opmart Quang Trung,12,Vắc xin COVID-19,3,2,180,4.7,1890,550000,4,5,0,22,206,349,0,50,0
2026-05-22,6,VaxCare Co.opmart Quang Trung,13,Vắc xin Zona (Shingrix),4,2,60,4.9,640,3200000,4,5,0,2,14,358,0,50,1
2026-05-22,7,VaxCare Oriental Plaza,1,Vắc xin BCG (Bacille Calmette–Guérin),1,1,0,4.9,860,250000,4,5,0,7,208,514,0,45,0
2026-05-22,7,VaxCare Oriental Plaza,2,Vắc xin Viêm gan B (Hepatitis B),1,3,30,4.8,1420,350000,4,5,0,14,376,199,0,45,0
2026-05-22,7,VaxCare Oriental Plaza,3,Vắc xin Bạch hầu – Ho gà – Uốn ván (DTaP/Tdap),2,5,60,4.9,1180,520000,4,5,0,15,165,368,0,45,0
2026-05-22,7,VaxCare Oriental Plaza,4,Vắc xin Bại liệt (IPV),1,4,60,4.8,930,390000,4,5,0,10,186,462,0,45,0
2026-05-22,7,VaxCare Oriental Plaza,5,Vắc xin Hib (Haemophilus influenzae type b),1,3,60,4.9,760,420000,4,5,0,6,96,182,0,45,0
2026-05-22,7,VaxCare Oriental Plaza,6,Vắc xin MMR (Sởi – Quai bị – Rubella),2,2,28,4.9,1050,350000,4,5,0,9,268,574,0,45,0
2026-05-22,7,VaxCare Oriental Plaza,7,Vắc xin Thủy đậu (Varicella),2,2,28,4.8,980,850000,4,5,0,9,166,663,0,45,0
2026-05-22,7,VaxCare Oriental Plaza,8,Vắc xin Phế cầu (Pneumococcal),3,2,60,4.9,1360,1150000,4,5,0,8,69,213,0,45,0
2026-05-22,7,VaxCare Oriental Plaza,9,Vắc xin Viêm não Nhật Bản,2,3,28,4.8,720,450000,4,5,0,8,132,302,0,45,0
2026-05-22,7,VaxCare Oriental Plaza,10,Vắc xin Cúm mùa (Influenza),5,1,365,4.9,2180,450000,4,5,0,20,457,79,1,45,0
2026-05-22,7,VaxCare Oriental Plaza,11,Vắc xin HPV (Human Papillomavirus),2,2,180,4.9,1240,1790000,4,5,0,7,143,455,0,45,0
2026-05-22,7,VaxCare Oriental Plaza,12,Vắc xin COVID-19,3,2,180,4.7,1890,550000,4,5,0,9,187,368,0,45,0
2026-05-22,7,VaxCare Oriental Plaza,13,Vắc xin Zona (Shingrix),4,2,60,4.9,640,3200000,4,5,0,2,35,676,0,45,1
2026-05-22,8,VaxCare Hóc Môn - Đông Thạnh,1,Vắc xin BCG (Bacille Calmette–Guérin),1,1,0,4.9,860,250000,4,5,0,9,206,191,0,30,0
2026-05-22,8,VaxCare Hóc Môn - Đông Thạnh,2,Vắc xin Viêm gan B (Hepatitis B),1,3,30,4.8,1420,350000,4,5,0,6,245,326,0,30,0
2026-05-22,8,VaxCare Hóc Môn - Đông Thạnh,3,Vắc xin Bạch hầu – Ho gà – Uốn ván (DTaP/Tdap),2,5,60,4.9,1180,520000,4,5,0,9,90,597,0,30,0
2026-05-22,8,VaxCare Hóc Môn - Đông Thạnh,4,Vắc xin Bại liệt (IPV),1,4,60,4.8,930,390000,4,5,0,7,169,408,0,30,0
2026-05-22,8,VaxCare Hóc Môn - Đông Thạnh,5,Vắc xin Hib (Haemophilus influenzae type b),1,3,60,4.9,760,420000,4,5,0,5,111,367,0,30,0
2026-05-22,8,VaxCare Hóc Môn - Đông Thạnh,6,Vắc xin MMR (Sởi – Quai bị – Rubella),2,2,28,4.9,1050,350000,4,5,0,7,170,642,0,30,0
2026-05-22,8,VaxCare Hóc Môn - Đông Thạnh,7,Vắc xin Thủy đậu (Varicella),2,2,28,4.8,980,850000,4,5,0,6,100,565,0,30,0
2026-05-22,8,VaxCare Hóc Môn - Đông Thạnh,8,Vắc xin Phế cầu (Pneumococcal),3,2,60,4.9,1360,1150000,4,5,0,8,12,315,0,30,1
2026-05-22,8,VaxCare Hóc Môn - Đông Thạnh,9,Vắc xin Viêm não Nhật Bản,2,3,28,4.8,720,450000,4,5,0,4,76,564,0,30,0
2026-05-22,8,VaxCare Hóc Môn - Đông Thạnh,10,Vắc xin Cúm mùa (Influenza),5,1,365,4.9,2180,450000,4,5,0,14,279,120,0,30,0
2026-05-22,8,VaxCare Hóc Môn - Đông Thạnh,11,Vắc xin HPV (Human Papillomavirus),2,2,180,4.9,1240,1790000,4,5,0,6,54,693,0,30,0
2026-05-22,8,VaxCare Hóc Môn - Đông Thạnh,12,Vắc xin COVID-19,3,2,180,4.7,1890,550000,4,5,0,16,191,556,0,30,0
2026-05-22,8,VaxCare Hóc Môn - Đông Thạnh,13,Vắc xin Zona (Shingrix),4,2,60,4.9,640,3200000,4,5,0,4,26,196,0,30,1
2026-05-22,9,VaxCare Hiệp Bình,1,Vắc xin BCG (Bacille Calmette–Guérin),1,1,0,4.9,860,250000,4,5,0,8,239,458,0,40,0
2026-05-22,9,VaxCare Hiệp Bình,2,Vắc xin Viêm gan B (Hepatitis B),1,3,30,4.8,1420,350000,4,5,0,13,352,540,0,40,0
2026-05-22,9,VaxCare Hiệp Bình,3,Vắc xin Bạch hầu – Ho gà – Uốn ván (DTaP/Tdap),2,5,60,4.9,1180,520000,4,5,0,12,186,434,0,40,0
2026-05-22,9,VaxCare Hiệp Bình,4,Vắc xin Bại liệt (IPV),1,4,60,4.8,930,390000,4,5,0,7,195,589,0,40,0
2026-05-22,9,VaxCare Hiệp Bình,5,Vắc xin Hib (Haemophilus influenzae type b),1,3,60,4.9,760,420000,4,5,0,5,158,416,0,40,0
2026-05-22,9,VaxCare Hiệp Bình,6,Vắc xin MMR (Sởi – Quai bị – Rubella),2,2,28,4.9,1050,350000,4,5,0,7,194,654,0,40,0
2026-05-22,9,VaxCare Hiệp Bình,7,Vắc xin Thủy đậu (Varicella),2,2,28,4.8,980,850000,4,5,0,9,88,255,0,40,0
2026-05-22,9,VaxCare Hiệp Bình,8,Vắc xin Phế cầu (Pneumococcal),3,2,60,4.9,1360,1150000,4,5,0,14,51,676,0,40,0
2026-05-22,9,VaxCare Hiệp Bình,9,Vắc xin Viêm não Nhật Bản,2,3,28,4.8,720,450000,4,5,0,7,138,231,0,40,0
2026-05-22,9,VaxCare Hiệp Bình,10,Vắc xin Cúm mùa (Influenza),5,1,365,4.9,2180,450000,4,5,0,23,590,164,0,40,0
2026-05-22,9,VaxCare Hiệp Bình,11,Vắc xin HPV (Human Papillomavirus),2,2,180,4.9,1240,1790000,4,5,0,8,143,311,0,40,0
2026-05-22,9,VaxCare Hiệp Bình,12,Vắc xin COVID-19,3,2,180,4.7,1890,550000,4,5,0,19,148,254,0,40,0
2026-05-22,9,VaxCare Hiệp Bình,13,Vắc xin Zona (Shingrix),4,2,60,4.9,640,3200000,4,5,0,5,14,373,0,40,1
2026-05-22,10,VaxCare Tân Định,1,Vắc xin BCG (Bacille Calmette–Guérin),1,1,0,4.9,860,250000,4,5,0,11,268,338,0,50,0
2026-05-22,10,VaxCare Tân Định,2,Vắc xin Viêm gan B (Hepatitis B),1,3,30,4.8,1420,350000,4,5,0,7,363,508,0,50,0
2026-05-22,10,VaxCare Tân Định,3,Vắc xin Bạch hầu – Ho gà – Uốn ván (DTaP/Tdap),2,5,60,4.9,1180,520000,4,5,0,14,204,655,0,50,0
2026-05-22,10,VaxCare Tân Định,4,Vắc xin Bại liệt (IPV),1,4,60,4.8,930,390000,4,5,0,12,231,371,0,50,0
2026-05-22,10,VaxCare Tân Định,5,Vắc xin Hib (Haemophilus influenzae type b),1,3,60,4.9,760,420000,4,5,0,9,135,488,0,50,0
2026-05-22,10,VaxCare Tân Định,6,Vắc xin MMR (Sởi – Quai bị – Rubella),2,2,28,4.9,1050,350000,4,5,0,11,208,356,0,50,0
2026-05-22,10,VaxCare Tân Định,7,Vắc xin Thủy đậu (Varicella),2,2,28,4.8,980,850000,4,5,0,13,94,432,0,50,0
2026-05-22,10,VaxCare Tân Định,8,Vắc xin Phế cầu (Pneumococcal),3,2,60,4.9,1360,1150000,4,5,0,15,84,374,0,50,0
2026-05-22,10,VaxCare Tân Định,9,Vắc xin Viêm não Nhật Bản,2,3,28,4.8,720,450000,4,5,0,10,185,309,0,50,0
2026-05-22,10,VaxCare Tân Định,10,Vắc xin Cúm mùa (Influenza),5,1,365,4.9,2180,450000,4,5,0,28,521,47,1,50,0
2026-05-22,10,VaxCare Tân Định,11,Vắc xin HPV (Human Papillomavirus),2,2,180,4.9,1240,1790000,4,5,0,10,186,657,0,50,0
2026-05-22,10,VaxCare Tân Định,12,Vắc xin COVID-19,3,2,180,4.7,1890,550000,4,5,0,25,385,248,0,50,0
2026-05-22,10,VaxCare Tân Định,13,Vắc xin Zona (Shingrix),4,2,60,4.9,640,3200000,4,5,0,4,65,412,0,50,0
2026-05-22,11,VaxCare An Lạc,1,Vắc xin BCG (Bacille Calmette–Guérin),1,1,0,4.9,860,250000,4,5,0,10,246,252,0,40,0
2026-05-22,11,VaxCare An Lạc,2,Vắc xin Viêm gan B (Hepatitis B),1,3,30,4.8,1420,350000,4,5,0,12,265,389,0,40,0
2026-05-22,11,VaxCare An Lạc,3,Vắc xin Bạch hầu – Ho gà – Uốn ván (DTaP/Tdap),2,5,60,4.9,1180,520000,4,5,0,9,143,335,0,40,0
2026-05-22,11,VaxCare An Lạc,4,Vắc xin Bại liệt (IPV),1,4,60,4.8,930,390000,4,5,0,6,201,213,0,40,0
2026-05-22,11,VaxCare An Lạc,5,Vắc xin Hib (Haemophilus influenzae type b),1,3,60,4.9,760,420000,4,5,0,9,151,515,0,40,0
2026-05-22,11,VaxCare An Lạc,6,Vắc xin MMR (Sởi – Quai bị – Rubella),2,2,28,4.9,1050,350000,4,5,0,15,248,343,0,40,0
2026-05-22,11,VaxCare An Lạc,7,Vắc xin Thủy đậu (Varicella),2,2,28,4.8,980,850000,4,5,0,11,141,191,0,40,0
2026-05-22,11,VaxCare An Lạc,8,Vắc xin Phế cầu (Pneumococcal),3,2,60,4.9,1360,1150000,4,5,0,13,66,367,0,40,0
2026-05-22,11,VaxCare An Lạc,9,Vắc xin Viêm não Nhật Bản,2,3,28,4.8,720,450000,4,5,0,8,83,676,0,40,0
2026-05-22,11,VaxCare An Lạc,10,Vắc xin Cúm mùa (Influenza),5,1,365,4.9,2180,450000,4,5,0,27,559,56,1,40,0
2026-05-22,11,VaxCare An Lạc,11,Vắc xin HPV (Human Papillomavirus),2,2,180,4.9,1240,1790000,4,5,0,9,148,590,0,40,0
2026-05-22,11,VaxCare An Lạc,12,Vắc xin COVID-19,3,2,180,4.7,1890,550000,4,5,0,15,236,558,0,40,0
2026-05-22,11,VaxCare An Lạc,13,Vắc xin Zona (Shingrix),4,2,60,4.9,640,3200000,4,5,0,3,32,267,0,40,1
2026-05-22,12,VaxCare Phú Thuận,1,Vắc xin BCG (Bacille Calmette–Guérin),1,1,0,4.9,860,250000,4,5,0,12,184,182,0,35,0
2026-05-22,12,VaxCare Phú Thuận,2,Vắc xin Viêm gan B (Hepatitis B),1,3,30,4.8,1420,350000,4,5,0,13,254,282,0,35,0
2026-05-22,12,VaxCare Phú Thuận,3,Vắc xin Bạch hầu – Ho gà – Uốn ván (DTaP/Tdap),2,5,60,4.9,1180,520000,4,5,0,11,196,521,0,35,0
2026-05-22,12,VaxCare Phú Thuận,4,Vắc xin Bại liệt (IPV),1,4,60,4.8,930,390000,4,5,0,6,272,477,0,35,0
2026-05-22,12,VaxCare Phú Thuận,5,Vắc xin Hib (Haemophilus influenzae type b),1,3,60,4.9,760,420000,4,5,0,6,229,433,0,35,0
2026-05-22,12,VaxCare Phú Thuận,6,Vắc xin MMR (Sởi – Quai bị – Rubella),2,2,28,4.9,1050,350000,4,5,0,8,270,443,0,35,0
2026-05-22,12,VaxCare Phú Thuận,7,Vắc xin Thủy đậu (Varicella),2,2,28,4.8,980,850000,4,5,0,8,94,410,0,35,0
2026-05-22,12,VaxCare Phú Thuận,8,Vắc xin Phế cầu (Pneumococcal),3,2,60,4.9,1360,1150000,4,5,0,12,116,503,0,35,0
2026-05-22,12,VaxCare Phú Thuận,9,Vắc xin Viêm não Nhật Bản,2,3,28,4.8,720,450000,4,5,0,7,147,233,0,35,0
2026-05-22,12,VaxCare Phú Thuận,10,Vắc xin Cúm mùa (Influenza),5,1,365,4.9,2180,450000,4,5,0,25,418,194,0,35,0
2026-05-22,12,VaxCare Phú Thuận,11,Vắc xin HPV (Human Papillomavirus),2,2,180,4.9,1240,1790000,4,5,0,9,80,243,0,35,0
2026-05-22,12,VaxCare Phú Thuận,12,Vắc xin COVID-19,3,2,180,4.7,1890,550000,4,5,0,22,255,363,0,35,0
2026-05-22,12,VaxCare Phú Thuận,13,Vắc xin Zona (Shingrix),4,2,60,4.9,640,3200000,4,5,0,4,73,521,0,35,0
2026-05-23,1,VaxCare Phú Nhuận,1,Vắc xin BCG (Bacille Calmette–Guérin),1,1,0,4.9,860,250000,5,5,1,5,322,383,0,50,0
2026-05-23,1,VaxCare Phú Nhuận,2,Vắc xin Viêm gan B (Hepatitis B),1,3,30,4.8,1420,350000,5,5,1,7,348,650,0,50,0
2026-05-23,1,VaxCare Phú Nhuận,3,Vắc xin Bạch hầu – Ho gà – Uốn ván (DTaP/Tdap),2,5,60,4.9,1180,520000,5,5,1,8,147,368,0,50,0
2026-05-23,1,VaxCare Phú Nhuận,4,Vắc xin Bại liệt (IPV),1,4,60,4.8,930,390000,5,5,1,4,252,639,0,50,0
2026-05-23,1,VaxCare Phú Nhuận,5,Vắc xin Hib (Haemophilus influenzae type b),1,3,60,4.9,760,420000,5,5,1,5,212,457,0,50,0
2026-05-23,1,VaxCare Phú Nhuận,6,Vắc xin MMR (Sởi – Quai bị – Rubella),2,2,28,4.9,1050,350000,5,5,1,6,308,605,0,50,0
2026-05-23,1,VaxCare Phú Nhuận,7,Vắc xin Thủy đậu (Varicella),2,2,28,4.8,980,850000,5,5,1,6,176,247,0,50,0
2026-05-23,1,VaxCare Phú Nhuận,8,Vắc xin Phế cầu (Pneumococcal),3,2,60,4.9,1360,1150000,5,5,1,5,161,661,0,50,0
2026-05-23,1,VaxCare Phú Nhuận,9,Vắc xin Viêm não Nhật Bản,2,3,28,4.8,720,450000,5,5,1,3,159,253,0,50,0
2026-05-23,1,VaxCare Phú Nhuận,10,Vắc xin Cúm mùa (Influenza),5,1,365,4.9,2180,450000,5,5,1,11,656,172,0,50,0
2026-05-23,1,VaxCare Phú Nhuận,11,Vắc xin HPV (Human Papillomavirus),2,2,180,4.9,1240,1790000,5,5,1,4,182,674,0,50,0
2026-05-23,1,VaxCare Phú Nhuận,12,Vắc xin COVID-19,3,2,180,4.7,1890,550000,5,5,1,17,342,535,0,50,0
2026-05-23,1,VaxCare Phú Nhuận,13,Vắc xin Zona (Shingrix),4,2,60,4.9,640,3200000,5,5,1,2,17,377,0,50,1
2026-05-23,2,VaxCare Thủ Đức - Bình Chiểu,1,Vắc xin BCG (Bacille Calmette–Guérin),1,1,0,4.9,860,250000,5,5,1,3,299,255,0,40,0
2026-05-23,2,VaxCare Thủ Đức - Bình Chiểu,2,Vắc xin Viêm gan B (Hepatitis B),1,3,30,4.8,1420,350000,5,5,1,9,294,181,0,40,0
2026-05-23,2,VaxCare Thủ Đức - Bình Chiểu,3,Vắc xin Bạch hầu – Ho gà – Uốn ván (DTaP/Tdap),2,5,60,4.9,1180,520000,5,5,1,6,200,277,0,40,0
2026-05-23,2,VaxCare Thủ Đức - Bình Chiểu,4,Vắc xin Bại liệt (IPV),1,4,60,4.8,930,390000,5,5,1,4,134,457,0,40,0
2026-05-23,2,VaxCare Thủ Đức - Bình Chiểu,5,Vắc xin Hib (Haemophilus influenzae type b),1,3,60,4.9,760,420000,5,5,1,2,162,554,0,40,0
2026-05-23,2,VaxCare Thủ Đức - Bình Chiểu,6,Vắc xin MMR (Sởi – Quai bị – Rubella),2,2,28,4.9,1050,350000,5,5,1,7,232,228,0,40,0
2026-05-23,2,VaxCare Thủ Đức - Bình Chiểu,7,Vắc xin Thủy đậu (Varicella),2,2,28,4.8,980,850000,5,5,1,6,80,231,0,40,0
2026-05-23,2,VaxCare Thủ Đức - Bình Chiểu,8,Vắc xin Phế cầu (Pneumococcal),3,2,60,4.9,1360,1150000,5,5,1,6,87,192,0,40,0
2026-05-23,2,VaxCare Thủ Đức - Bình Chiểu,9,Vắc xin Viêm não Nhật Bản,2,3,28,4.8,720,450000,5,5,1,3,103,300,0,40,0
2026-05-23,2,VaxCare Thủ Đức - Bình Chiểu,10,Vắc xin Cúm mùa (Influenza),5,1,365,4.9,2180,450000,5,5,1,11,511,93,0,40,0
2026-05-23,2,VaxCare Thủ Đức - Bình Chiểu,11,Vắc xin HPV (Human Papillomavirus),2,2,180,4.9,1240,1790000,5,5,1,4,154,263,0,40,0
2026-05-23,2,VaxCare Thủ Đức - Bình Chiểu,12,Vắc xin COVID-19,3,2,180,4.7,1890,550000,5,5,1,12,337,394,0,40,0
2026-05-23,2,VaxCare Thủ Đức - Bình Chiểu,13,Vắc xin Zona (Shingrix),4,2,60,4.9,640,3200000,5,5,1,2,17,344,0,40,1
2026-05-23,3,VaxCare Nowzone,1,Vắc xin BCG (Bacille Calmette–Guérin),1,1,0,4.9,860,250000,5,5,1,5,302,560,0,60,0
2026-05-23,3,VaxCare Nowzone,2,Vắc xin Viêm gan B (Hepatitis B),1,3,30,4.8,1420,350000,5,5,1,8,397,465,0,60,0
2026-05-23,3,VaxCare Nowzone,3,Vắc xin Bạch hầu – Ho gà – Uốn ván (DTaP/Tdap),2,5,60,4.9,1180,520000,5,5,1,6,261,635,0,60,0
2026-05-23,3,VaxCare Nowzone,4,Vắc xin Bại liệt (IPV),1,4,60,4.8,930,390000,5,5,1,4,255,581,0,60,0
2026-05-23,3,VaxCare Nowzone,5,Vắc xin Hib (Haemophilus influenzae type b),1,3,60,4.9,760,420000,5,5,1,3,150,571,0,60,0
2026-05-23,3,VaxCare Nowzone,6,Vắc xin MMR (Sởi – Quai bị – Rubella),2,2,28,4.9,1050,350000,5,5,1,6,216,391,0,60,0
2026-05-23,3,VaxCare Nowzone,7,Vắc xin Thủy đậu (Varicella),2,2,28,4.8,980,850000,5,5,1,4,176,607,0,60,0
2026-05-23,3,VaxCare Nowzone,8,Vắc xin Phế cầu (Pneumococcal),3,2,60,4.9,1360,1150000,5,5,1,6,94,659,0,60,0
2026-05-23,3,VaxCare Nowzone,9,Vắc xin Viêm não Nhật Bản,2,3,28,4.8,720,450000,5,5,1,4,142,699,0,60,0
2026-05-23,3,VaxCare Nowzone,10,Vắc xin Cúm mùa (Influenza),5,1,365,4.9,2180,450000,5,5,1,13,616,40,1,60,0
2026-05-23,3,VaxCare Nowzone,11,Vắc xin HPV (Human Papillomavirus),2,2,180,4.9,1240,1790000,5,5,1,5,123,352,0,60,0
2026-05-23,3,VaxCare Nowzone,12,Vắc xin COVID-19,3,2,180,4.7,1890,550000,5,5,1,12,254,274,0,60,0
2026-05-23,3,VaxCare Nowzone,13,Vắc xin Zona (Shingrix),4,2,60,4.9,640,3200000,5,5,1,2,31,260,0,60,1
2026-05-23,4,VaxCare Củ Chi - Bình Mỹ,1,Vắc xin BCG (Bacille Calmette–Guérin),1,1,0,4.9,860,250000,5,5,1,3,130,579,0,30,0
2026-05-23,4,VaxCare Củ Chi - Bình Mỹ,2,Vắc xin Viêm gan B (Hepatitis B),1,3,30,4.8,1420,350000,5,5,1,6,226,462,0,30,0
2026-05-23,4,VaxCare Củ Chi - Bình Mỹ,3,Vắc xin Bạch hầu – Ho gà – Uốn ván (DTaP/Tdap),2,5,60,4.9,1180,520000,5,5,1,4,157,346,0,30,0
2026-05-23,4,VaxCare Củ Chi - Bình Mỹ,4,Vắc xin Bại liệt (IPV),1,4,60,4.8,930,390000,5,5,1,3,166,302,0,30,0
2026-05-23,4,VaxCare Củ Chi - Bình Mỹ,5,Vắc xin Hib (Haemophilus influenzae type b),1,3,60,4.9,760,420000,5,5,1,3,41,482,0,30,0
2026-05-23,4,VaxCare Củ Chi - Bình Mỹ,6,Vắc xin MMR (Sởi – Quai bị – Rubella),2,2,28,4.9,1050,350000,5,5,1,4,223,198,0,30,0
2026-05-23,4,VaxCare Củ Chi - Bình Mỹ,7,Vắc xin Thủy đậu (Varicella),2,2,28,4.8,980,850000,5,5,1,3,42,187,0,30,0
2026-05-23,4,VaxCare Củ Chi - Bình Mỹ,8,Vắc xin Phế cầu (Pneumococcal),3,2,60,4.9,1360,1150000,5,5,1,2,35,465,0,30,0
2026-05-23,4,VaxCare Củ Chi - Bình Mỹ,9,Vắc xin Viêm não Nhật Bản,2,3,28,4.8,720,450000,5,5,1,4,96,320,0,30,0
2026-05-23,4,VaxCare Củ Chi - Bình Mỹ,10,Vắc xin Cúm mùa (Influenza),5,1,365,4.9,2180,450000,5,5,1,9,415,143,0,30,0
2026-05-23,4,VaxCare Củ Chi - Bình Mỹ,11,Vắc xin HPV (Human Papillomavirus),2,2,180,4.9,1240,1790000,5,5,1,4,104,255,0,30,0
2026-05-23,4,VaxCare Củ Chi - Bình Mỹ,12,Vắc xin COVID-19,3,2,180,4.7,1890,550000,5,5,1,6,216,429,0,30,0
2026-05-23,4,VaxCare Củ Chi - Bình Mỹ,13,Vắc xin Zona (Shingrix),4,2,60,4.9,640,3200000,5,5,1,1,1,677,0,30,1
2026-05-23,5,VaxCare Trung Mỹ Tây,1,Vắc xin BCG (Bacille Calmette–Guérin),1,1,0,4.9,860,250000,5,5,1,5,197,597,0,40,0
2026-05-23,5,VaxCare Trung Mỹ Tây,2,Vắc xin Viêm gan B (Hepatitis B),1,3,30,4.8,1420,350000,5,5,1,8,236,564,0,40,0
2026-05-23,5,VaxCare Trung Mỹ Tây,3,Vắc xin Bạch hầu – Ho gà – Uốn ván (DTaP/Tdap),2,5,60,4.9,1180,520000,5,5,1,3,202,193,0,40,0
2026-05-23,5,VaxCare Trung Mỹ Tây,4,Vắc xin Bại liệt (IPV),1,4,60,4.8,930,390000,5,5,1,5,106,488,0,40,0
2026-05-23,5,VaxCare Trung Mỹ Tây,5,Vắc xin Hib (Haemophilus influenzae type b),1,3,60,4.9,760,420000,5,5,1,4,106,639,0,40,0
2026-05-23,5,VaxCare Trung Mỹ Tây,6,Vắc xin MMR (Sởi – Quai bị – Rubella),2,2,28,4.9,1050,350000,5,5,1,6,136,590,0,40,0
2026-05-23,5,VaxCare Trung Mỹ Tây,7,Vắc xin Thủy đậu (Varicella),2,2,28,4.8,980,850000,5,5,1,4,112,422,0,40,0
2026-05-23,5,VaxCare Trung Mỹ Tây,8,Vắc xin Phế cầu (Pneumococcal),3,2,60,4.9,1360,1150000,5,5,1,5,11,624,0,40,1
2026-05-23,5,VaxCare Trung Mỹ Tây,9,Vắc xin Viêm não Nhật Bản,2,3,28,4.8,720,450000,5,5,1,4,103,312,0,40,0
2026-05-23,5,VaxCare Trung Mỹ Tây,10,Vắc xin Cúm mùa (Influenza),5,1,365,4.9,2180,450000,5,5,1,12,556,192,0,40,0
2026-05-23,5,VaxCare Trung Mỹ Tây,11,Vắc xin HPV (Human Papillomavirus),2,2,180,4.9,1240,1790000,5,5,1,5,174,303,0,40,0
2026-05-23,5,VaxCare Trung Mỹ Tây,12,Vắc xin COVID-19,3,2,180,4.7,1890,550000,5,5,1,7,195,224,0,40,0
2026-05-23,5,VaxCare Trung Mỹ Tây,13,Vắc xin Zona (Shingrix),4,2,60,4.9,640,3200000,5,5,1,1,38,422,0,40,1
2026-05-23,6,VaxCare Co.opmart Quang Trung,1,Vắc xin BCG (Bacille Calmette–Guérin),1,1,0,4.9,860,250000,5,5,1,5,228,318,0,50,0
2026-05-23,6,VaxCare Co.opmart Quang Trung,2,Vắc xin Viêm gan B (Hepatitis B),1,3,30,4.8,1420,350000,5,5,1,6,197,341,0,50,0
2026-05-23,6,VaxCare Co.opmart Quang Trung,3,Vắc xin Bạch hầu – Ho gà – Uốn ván (DTaP/Tdap),2,5,60,4.9,1180,520000,5,5,1,4,172,559,0,50,0
2026-05-23,6,VaxCare Co.opmart Quang Trung,4,Vắc xin Bại liệt (IPV),1,4,60,4.8,930,390000,5,5,1,3,184,294,0,50,0
2026-05-23,6,VaxCare Co.opmart Quang Trung,5,Vắc xin Hib (Haemophilus influenzae type b),1,3,60,4.9,760,420000,5,5,1,3,182,222,0,50,0
2026-05-23,6,VaxCare Co.opmart Quang Trung,6,Vắc xin MMR (Sởi – Quai bị – Rubella),2,2,28,4.9,1050,350000,5,5,1,3,127,316,0,50,0
2026-05-23,6,VaxCare Co.opmart Quang Trung,7,Vắc xin Thủy đậu (Varicella),2,2,28,4.8,980,850000,5,5,1,5,107,684,0,50,0
2026-05-23,6,VaxCare Co.opmart Quang Trung,8,Vắc xin Phế cầu (Pneumococcal),3,2,60,4.9,1360,1150000,5,5,1,6,84,459,0,50,0
2026-05-23,6,VaxCare Co.opmart Quang Trung,9,Vắc xin Viêm não Nhật Bản,2,3,28,4.8,720,450000,5,5,1,4,135,506,0,50,0
2026-05-23,6,VaxCare Co.opmart Quang Trung,10,Vắc xin Cúm mùa (Influenza),5,1,365,4.9,2180,450000,5,5,1,6,399,103,0,50,0
2026-05-23,6,VaxCare Co.opmart Quang Trung,11,Vắc xin HPV (Human Papillomavirus),2,2,180,4.9,1240,1790000,5,5,1,3,194,272,0,50,0
2026-05-23,6,VaxCare Co.opmart Quang Trung,12,Vắc xin COVID-19,3,2,180,4.7,1890,550000,5,5,1,14,236,303,0,50,0
2026-05-23,6,VaxCare Co.opmart Quang Trung,13,Vắc xin Zona (Shingrix),4,2,60,4.9,640,3200000,5,5,1,2,9,538,0,50,1
2026-05-23,7,VaxCare Oriental Plaza,1,Vắc xin BCG (Bacille Calmette–Guérin),1,1,0,4.9,860,250000,5,5,1,4,191,518,0,45,0
2026-05-23,7,VaxCare Oriental Plaza,2,Vắc xin Viêm gan B (Hepatitis B),1,3,30,4.8,1420,350000,5,5,1,5,234,351,0,45,0
2026-05-23,7,VaxCare Oriental Plaza,3,Vắc xin Bạch hầu – Ho gà – Uốn ván (DTaP/Tdap),2,5,60,4.9,1180,520000,5,5,1,4,164,306,0,45,0
2026-05-23,7,VaxCare Oriental Plaza,4,Vắc xin Bại liệt (IPV),1,4,60,4.8,930,390000,5,5,1,5,147,502,0,45,0
2026-05-23,7,VaxCare Oriental Plaza,5,Vắc xin Hib (Haemophilus influenzae type b),1,3,60,4.9,760,420000,5,5,1,3,139,420,0,45,0
2026-05-23,7,VaxCare Oriental Plaza,6,Vắc xin MMR (Sởi – Quai bị – Rubella),2,2,28,4.9,1050,350000,5,5,1,6,258,610,0,45,0
2026-05-23,7,VaxCare Oriental Plaza,7,Vắc xin Thủy đậu (Varicella),2,2,28,4.8,980,850000,5,5,1,2,133,613,0,45,0
2026-05-23,7,VaxCare Oriental Plaza,8,Vắc xin Phế cầu (Pneumococcal),3,2,60,4.9,1360,1150000,5,5,1,5,78,639,0,45,0
2026-05-23,7,VaxCare Oriental Plaza,9,Vắc xin Viêm não Nhật Bản,2,3,28,4.8,720,450000,5,5,1,3,150,611,0,45,0
2026-05-23,7,VaxCare Oriental Plaza,10,Vắc xin Cúm mùa (Influenza),5,1,365,4.9,2180,450000,5,5,1,9,513,63,1,45,0
2026-05-23,7,VaxCare Oriental Plaza,11,Vắc xin HPV (Human Papillomavirus),2,2,180,4.9,1240,1790000,5,5,1,4,145,696,0,45,0
2026-05-23,7,VaxCare Oriental Plaza,12,Vắc xin COVID-19,3,2,180,4.7,1890,550000,5,5,1,11,262,383,0,45,0
2026-05-23,7,VaxCare Oriental Plaza,13,Vắc xin Zona (Shingrix),4,2,60,4.9,640,3200000,5,5,1,2,76,415,0,45,0
2026-05-23,8,VaxCare Hóc Môn - Đông Thạnh,1,Vắc xin BCG (Bacille Calmette–Guérin),1,1,0,4.9,860,250000,5,5,1,3,194,688,0,30,0
2026-05-23,8,VaxCare Hóc Môn - Đông Thạnh,2,Vắc xin Viêm gan B (Hepatitis B),1,3,30,4.8,1420,350000,5,5,1,7,240,235,0,30,0
2026-05-23,8,VaxCare Hóc Môn - Đông Thạnh,3,Vắc xin Bạch hầu – Ho gà – Uốn ván (DTaP/Tdap),2,5,60,4.9,1180,520000,5,5,1,3,82,243,0,30,0
2026-05-23,8,VaxCare Hóc Môn - Đông Thạnh,4,Vắc xin Bại liệt (IPV),1,4,60,4.8,930,390000,5,5,1,2,132,489,0,30,0
2026-05-23,8,VaxCare Hóc Môn - Đông Thạnh,5,Vắc xin Hib (Haemophilus influenzae type b),1,3,60,4.9,760,420000,5,5,1,3,99,514,0,30,0
2026-05-23,8,VaxCare Hóc Môn - Đông Thạnh,6,Vắc xin MMR (Sởi – Quai bị – Rubella),2,2,28,4.9,1050,350000,5,5,1,5,126,564,0,30,0
2026-05-23,8,VaxCare Hóc Môn - Đông Thạnh,7,Vắc xin Thủy đậu (Varicella),2,2,28,4.8,980,850000,5,5,1,2,87,279,0,30,0
2026-05-23,8,VaxCare Hóc Môn - Đông Thạnh,8,Vắc xin Phế cầu (Pneumococcal),3,2,60,4.9,1360,1150000,5,5,1,6,55,658,0,30,0
2026-05-23,8,VaxCare Hóc Môn - Đông Thạnh,9,Vắc xin Viêm não Nhật Bản,2,3,28,4.8,720,450000,5,5,1,2,73,651,0,30,0
2026-05-23,8,VaxCare Hóc Môn - Đông Thạnh,10,Vắc xin Cúm mùa (Influenza),5,1,365,4.9,2180,450000,5,5,1,6,306,194,0,30,0
2026-05-23,8,VaxCare Hóc Môn - Đông Thạnh,11,Vắc xin HPV (Human Papillomavirus),2,2,180,4.9,1240,1790000,5,5,1,3,95,487,0,30,0
2026-05-23,8,VaxCare Hóc Môn - Đông Thạnh,12,Vắc xin COVID-19,3,2,180,4.7,1890,550000,5,5,1,5,192,399,0,30,0
2026-05-23,8,VaxCare Hóc Môn - Đông Thạnh,13,Vắc xin Zona (Shingrix),4,2,60,4.9,640,3200000,5,5,1,1,1,420,0,30,1
2026-05-23,9,VaxCare Hiệp Bình,1,Vắc xin BCG (Bacille Calmette–Guérin),1,1,0,4.9,860,250000,5,5,1,4,163,686,0,40,0
2026-05-23,9,VaxCare Hiệp Bình,2,Vắc xin Viêm gan B (Hepatitis B),1,3,30,4.8,1420,350000,5,5,1,5,218,187,0,40,0
2026-05-23,9,VaxCare Hiệp Bình,3,Vắc xin Bạch hầu – Ho gà – Uốn ván (DTaP/Tdap),2,5,60,4.9,1180,520000,5,5,1,4,115,370,0,40,0
2026-05-23,9,VaxCare Hiệp Bình,4,Vắc xin Bại liệt (IPV),1,4,60,4.8,930,390000,5,5,1,4,217,270,0,40,0
2026-05-23,9,VaxCare Hiệp Bình,5,Vắc xin Hib (Haemophilus influenzae type b),1,3,60,4.9,760,420000,5,5,1,3,167,282,0,40,0
2026-05-23,9,VaxCare Hiệp Bình,6,Vắc xin MMR (Sởi – Quai bị – Rubella),2,2,28,4.9,1050,350000,5,5,1,3,242,548,0,40,0
2026-05-23,9,VaxCare Hiệp Bình,7,Vắc xin Thủy đậu (Varicella),2,2,28,4.8,980,850000,5,5,1,4,113,374,0,40,0
2026-05-23,9,VaxCare Hiệp Bình,8,Vắc xin Phế cầu (Pneumococcal),3,2,60,4.9,1360,1150000,5,5,1,6,115,670,0,40,0
2026-05-23,9,VaxCare Hiệp Bình,9,Vắc xin Viêm não Nhật Bản,2,3,28,4.8,720,450000,5,5,1,3,86,594,0,40,0
2026-05-23,9,VaxCare Hiệp Bình,10,Vắc xin Cúm mùa (Influenza),5,1,365,4.9,2180,450000,5,5,1,10,427,173,0,40,0
2026-05-23,9,VaxCare Hiệp Bình,11,Vắc xin HPV (Human Papillomavirus),2,2,180,4.9,1240,1790000,5,5,1,3,163,347,0,40,0
2026-05-23,9,VaxCare Hiệp Bình,12,Vắc xin COVID-19,3,2,180,4.7,1890,550000,5,5,1,12,264,371,0,40,0
2026-05-23,9,VaxCare Hiệp Bình,13,Vắc xin Zona (Shingrix),4,2,60,4.9,640,3200000,5,5,1,2,2,422,0,40,1
2026-05-23,10,VaxCare Tân Định,1,Vắc xin BCG (Bacille Calmette–Guérin),1,1,0,4.9,860,250000,5,5,1,7,259,526,0,50,0
2026-05-23,10,VaxCare Tân Định,2,Vắc xin Viêm gan B (Hepatitis B),1,3,30,4.8,1420,350000,5,5,1,10,395,424,0,50,0
2026-05-23,10,VaxCare Tân Định,3,Vắc xin Bạch hầu – Ho gà – Uốn ván (DTaP/Tdap),2,5,60,4.9,1180,520000,5,5,1,7,265,276,0,50,0
2026-05-23,10,VaxCare Tân Định,4,Vắc xin Bại liệt (IPV),1,4,60,4.8,930,390000,5,5,1,7,215,613,0,50,0
2026-05-23,10,VaxCare Tân Định,5,Vắc xin Hib (Haemophilus influenzae type b),1,3,60,4.9,760,420000,5,5,1,4,229,359,0,50,0
2026-05-23,10,VaxCare Tân Định,6,Vắc xin MMR (Sởi – Quai bị – Rubella),2,2,28,4.9,1050,350000,5,5,1,6,258,397,0,50,0
2026-05-23,10,VaxCare Tân Định,7,Vắc xin Thủy đậu (Varicella),2,2,28,4.8,980,850000,5,5,1,5,152,252,0,50,0
2026-05-23,10,VaxCare Tân Định,8,Vắc xin Phế cầu (Pneumococcal),3,2,60,4.9,1360,1150000,5,5,1,5,115,189,0,50,0
2026-05-23,10,VaxCare Tân Định,9,Vắc xin Viêm não Nhật Bản,2,3,28,4.8,720,450000,5,5,1,6,111,508,0,50,0
2026-05-23,10,VaxCare Tân Định,10,Vắc xin Cúm mùa (Influenza),5,1,365,4.9,2180,450000,5,5,1,8,620,117,0,50,0
2026-05-23,10,VaxCare Tân Định,11,Vắc xin HPV (Human Papillomavirus),2,2,180,4.9,1240,1790000,5,5,1,3,84,633,0,50,0
2026-05-23,10,VaxCare Tân Định,12,Vắc xin COVID-19,3,2,180,4.7,1890,550000,5,5,1,8,290,406,0,50,0
2026-05-23,10,VaxCare Tân Định,13,Vắc xin Zona (Shingrix),4,2,60,4.9,640,3200000,5,5,1,3,73,582,0,50,0
2026-05-23,11,VaxCare An Lạc,1,Vắc xin BCG (Bacille Calmette–Guérin),1,1,0,4.9,860,250000,5,5,1,3,242,338,0,40,0
2026-05-23,11,VaxCare An Lạc,2,Vắc xin Viêm gan B (Hepatitis B),1,3,30,4.8,1420,350000,5,5,1,6,213,334,0,40,0
2026-05-23,11,VaxCare An Lạc,3,Vắc xin Bạch hầu – Ho gà – Uốn ván (DTaP/Tdap),2,5,60,4.9,1180,520000,5,5,1,3,186,658,0,40,0
2026-05-23,11,VaxCare An Lạc,4,Vắc xin Bại liệt (IPV),1,4,60,4.8,930,390000,5,5,1,3,189,604,0,40,0
2026-05-23,11,VaxCare An Lạc,5,Vắc xin Hib (Haemophilus influenzae type b),1,3,60,4.9,760,420000,5,5,1,2,236,591,0,40,0
2026-05-23,11,VaxCare An Lạc,6,Vắc xin MMR (Sởi – Quai bị – Rubella),2,2,28,4.9,1050,350000,5,5,1,6,250,633,0,40,0
2026-05-23,11,VaxCare An Lạc,7,Vắc xin Thủy đậu (Varicella),2,2,28,4.8,980,850000,5,5,1,3,54,423,0,40,0
2026-05-23,11,VaxCare An Lạc,8,Vắc xin Phế cầu (Pneumococcal),3,2,60,4.9,1360,1150000,5,5,1,4,99,500,0,40,0
2026-05-23,11,VaxCare An Lạc,9,Vắc xin Viêm não Nhật Bản,2,3,28,4.8,720,450000,5,5,1,3,59,474,0,40,0
2026-05-23,11,VaxCare An Lạc,10,Vắc xin Cúm mùa (Influenza),5,1,365,4.9,2180,450000,5,5,1,6,390,151,0,40,0
2026-05-23,11,VaxCare An Lạc,11,Vắc xin HPV (Human Papillomavirus),2,2,180,4.9,1240,1790000,5,5,1,5,167,234,0,40,0
2026-05-23,11,VaxCare An Lạc,12,Vắc xin COVID-19,3,2,180,4.7,1890,550000,5,5,1,10,159,198,0,40,0
2026-05-23,11,VaxCare An Lạc,13,Vắc xin Zona (Shingrix),4,2,60,4.9,640,3200000,5,5,1,3,11,555,0,40,1
2026-05-23,12,VaxCare Phú Thuận,1,Vắc xin BCG (Bacille Calmette–Guérin),1,1,0,4.9,860,250000,5,5,1,4,171,610,0,35,0
2026-05-23,12,VaxCare Phú Thuận,2,Vắc xin Viêm gan B (Hepatitis B),1,3,30,4.8,1420,350000,5,5,1,3,264,343,0,35,0
2026-05-23,12,VaxCare Phú Thuận,3,Vắc xin Bạch hầu – Ho gà – Uốn ván (DTaP/Tdap),2,5,60,4.9,1180,520000,5,5,1,4,148,594,0,35,0
2026-05-23,12,VaxCare Phú Thuận,4,Vắc xin Bại liệt (IPV),1,4,60,4.8,930,390000,5,5,1,4,152,593,0,35,0
2026-05-23,12,VaxCare Phú Thuận,5,Vắc xin Hib (Haemophilus influenzae type b),1,3,60,4.9,760,420000,5,5,1,4,193,252,0,35,0
2026-05-23,12,VaxCare Phú Thuận,6,Vắc xin MMR (Sởi – Quai bị – Rubella),2,2,28,4.9,1050,350000,5,5,1,4,167,502,0,35,0
2026-05-23,12,VaxCare Phú Thuận,7,Vắc xin Thủy đậu (Varicella),2,2,28,4.8,980,850000,5,5,1,4,123,402,0,35,0
2026-05-23,12,VaxCare Phú Thuận,8,Vắc xin Phế cầu (Pneumococcal),3,2,60,4.9,1360,1150000,5,5,1,5,79,464,0,35,0
2026-05-23,12,VaxCare Phú Thuận,9,Vắc xin Viêm não Nhật Bản,2,3,28,4.8,720,450000,5,5,1,3,154,698,0,35,0
2026-05-23,12,VaxCare Phú Thuận,10,Vắc xin Cúm mùa (Influenza),5,1,365,4.9,2180,450000,5,5,1,8,424,33,1,35,0
2026-05-23,12,VaxCare Phú Thuận,11,Vắc xin HPV (Human Papillomavirus),2,2,180,4.9,1240,1790000,5,5,1,3,177,606,0,35,0
2026-05-23,12,VaxCare Phú Thuận,12,Vắc xin COVID-19,3,2,180,4.7,1890,550000,5,5,1,0,255,401,0,35,0
2026-05-23,12,VaxCare Phú Thuận,13,Vắc xin Zona (Shingrix),4,2,60,4.9,640,3200000,5,5,1,2,39,443,0,35,0
2026-05-24,1,VaxCare Phú Nhuận,1,Vắc xin BCG (Bacille Calmette–Guérin),1,1,0,4.9,860,250000,6,5,1,5,317,283,0,50,0
2026-05-24,1,VaxCare Phú Nhuận,2,Vắc xin Viêm gan B (Hepatitis B),1,3,30,4.8,1420,350000,6,5,1,8,315,286,0,50,0
2026-05-24,1,VaxCare Phú Nhuận,3,Vắc xin Bạch hầu – Ho gà – Uốn ván (DTaP/Tdap),2,5,60,4.9,1180,520000,6,5,1,6,174,527,0,50,0
2026-05-24,1,VaxCare Phú Nhuận,4,Vắc xin Bại liệt (IPV),1,4,60,4.8,930,390000,6,5,1,3,209,254,0,50,0
2026-05-24,1,VaxCare Phú Nhuận,5,Vắc xin Hib (Haemophilus influenzae type b),1,3,60,4.9,760,420000,6,5,1,3,120,347,0,50,0
2026-05-24,1,VaxCare Phú Nhuận,6,Vắc xin MMR (Sởi – Quai bị – Rubella),2,2,28,4.9,1050,350000,6,5,1,5,232,491,0,50,0
2026-05-24,1,VaxCare Phú Nhuận,7,Vắc xin Thủy đậu (Varicella),2,2,28,4.8,980,850000,6,5,1,4,154,345,0,50,0
2026-05-24,1,VaxCare Phú Nhuận,8,Vắc xin Phế cầu (Pneumococcal),3,2,60,4.9,1360,1150000,6,5,1,7,55,696,0,50,0
2026-05-24,1,VaxCare Phú Nhuận,9,Vắc xin Viêm não Nhật Bản,2,3,28,4.8,720,450000,6,5,1,3,174,693,0,50,0
2026-05-24,1,VaxCare Phú Nhuận,10,Vắc xin Cúm mùa (Influenza),5,1,365,4.9,2180,450000,6,5,1,15,540,145,0,50,0
2026-05-24,1,VaxCare Phú Nhuận,11,Vắc xin HPV (Human Papillomavirus),2,2,180,4.9,1240,1790000,6,5,1,6,122,517,0,50,0
2026-05-24,1,VaxCare Phú Nhuận,12,Vắc xin COVID-19,3,2,180,4.7,1890,550000,6,5,1,12,296,577,0,50,0
2026-05-24,1,VaxCare Phú Nhuận,13,Vắc xin Zona (Shingrix),4,2,60,4.9,640,3200000,6,5,1,2,20,258,0,50,1
2026-05-24,2,VaxCare Thủ Đức - Bình Chiểu,1,Vắc xin BCG (Bacille Calmette–Guérin),1,1,0,4.9,860,250000,6,5,1,3,281,441,0,40,0
2026-05-24,2,VaxCare Thủ Đức - Bình Chiểu,2,Vắc xin Viêm gan B (Hepatitis B),1,3,30,4.8,1420,350000,6,5,1,7,291,493,0,40,0
2026-05-24,2,VaxCare Thủ Đức - Bình Chiểu,3,Vắc xin Bạch hầu – Ho gà – Uốn ván (DTaP/Tdap),2,5,60,4.9,1180,520000,6,5,1,3,156,205,0,40,0
2026-05-24,2,VaxCare Thủ Đức - Bình Chiểu,4,Vắc xin Bại liệt (IPV),1,4,60,4.8,930,390000,6,5,1,3,212,618,0,40,0
2026-05-24,2,VaxCare Thủ Đức - Bình Chiểu,5,Vắc xin Hib (Haemophilus influenzae type b),1,3,60,4.9,760,420000,6,5,1,3,175,576,0,40,0
2026-05-24,2,VaxCare Thủ Đức - Bình Chiểu,6,Vắc xin MMR (Sởi – Quai bị – Rubella),2,2,28,4.9,1050,350000,6,5,1,3,189,635,0,40,0
2026-05-24,2,VaxCare Thủ Đức - Bình Chiểu,7,Vắc xin Thủy đậu (Varicella),2,2,28,4.8,980,850000,6,5,1,6,64,302,0,40,0
2026-05-24,2,VaxCare Thủ Đức - Bình Chiểu,8,Vắc xin Phế cầu (Pneumococcal),3,2,60,4.9,1360,1150000,6,5,1,6,88,324,0,40,0
2026-05-24,2,VaxCare Thủ Đức - Bình Chiểu,9,Vắc xin Viêm não Nhật Bản,2,3,28,4.8,720,450000,6,5,1,3,60,315,0,40,0
2026-05-24,2,VaxCare Thủ Đức - Bình Chiểu,10,Vắc xin Cúm mùa (Influenza),5,1,365,4.9,2180,450000,6,5,1,0,291,121,0,40,0
2026-05-24,2,VaxCare Thủ Đức - Bình Chiểu,11,Vắc xin HPV (Human Papillomavirus),2,2,180,4.9,1240,1790000,6,5,1,2,150,698,0,40,0
2026-05-24,2,VaxCare Thủ Đức - Bình Chiểu,12,Vắc xin COVID-19,3,2,180,4.7,1890,550000,6,5,1,16,221,691,0,40,0
2026-05-24,2,VaxCare Thủ Đức - Bình Chiểu,13,Vắc xin Zona (Shingrix),4,2,60,4.9,640,3200000,6,5,1,2,3,515,0,40,1
2026-05-24,3,VaxCare Nowzone,1,Vắc xin BCG (Bacille Calmette–Guérin),1,1,0,4.9,860,250000,6,5,1,6,262,540,0,60,0
2026-05-24,3,VaxCare Nowzone,2,Vắc xin Viêm gan B (Hepatitis B),1,3,30,4.8,1420,350000,6,5,1,7,268,661,0,60,0
2026-05-24,3,VaxCare Nowzone,3,Vắc xin Bạch hầu – Ho gà – Uốn ván (DTaP/Tdap),2,5,60,4.9,1180,520000,6,5,1,5,216,233,0,60,0
2026-05-24,3,VaxCare Nowzone,4,Vắc xin Bại liệt (IPV),1,4,60,4.8,930,390000,6,5,1,4,172,604,0,60,0
2026-05-24,3,VaxCare Nowzone,5,Vắc xin Hib (Haemophilus influenzae type b),1,3,60,4.9,760,420000,6,5,1,2,236,238,0,60,0
2026-05-24,3,VaxCare Nowzone,6,Vắc xin MMR (Sởi – Quai bị – Rubella),2,2,28,4.9,1050,350000,6,5,1,6,215,541,0,60,0
2026-05-24,3,VaxCare Nowzone,7,Vắc xin Thủy đậu (Varicella),2,2,28,4.8,980,850000,6,5,1,5,139,359,0,60,0
2026-05-24,3,VaxCare Nowzone,8,Vắc xin Phế cầu (Pneumococcal),3,2,60,4.9,1360,1150000,6,5,1,5,99,250,0,60,0
2026-05-24,3,VaxCare Nowzone,9,Vắc xin Viêm não Nhật Bản,2,3,28,4.8,720,450000,6,5,1,2,104,185,0,60,0
2026-05-24,3,VaxCare Nowzone,10,Vắc xin Cúm mùa (Influenza),5,1,365,4.9,2180,450000,6,5,1,11,427,165,0,60,0
2026-05-24,3,VaxCare Nowzone,11,Vắc xin HPV (Human Papillomavirus),2,2,180,4.9,1240,1790000,6,5,1,6,109,418,0,60,0
2026-05-24,3,VaxCare Nowzone,12,Vắc xin COVID-19,3,2,180,4.7,1890,550000,6,5,1,18,303,245,0,60,0
2026-05-24,3,VaxCare Nowzone,13,Vắc xin Zona (Shingrix),4,2,60,4.9,640,3200000,6,5,1,3,54,378,0,60,1
2026-05-24,4,VaxCare Củ Chi - Bình Mỹ,1,Vắc xin BCG (Bacille Calmette–Guérin),1,1,0,4.9,860,250000,6,5,1,3,101,454,0,30,0
2026-05-24,4,VaxCare Củ Chi - Bình Mỹ,2,Vắc xin Viêm gan B (Hepatitis B),1,3,30,4.8,1420,350000,6,5,1,4,181,601,0,30,0
2026-05-24,4,VaxCare Củ Chi - Bình Mỹ,3,Vắc xin Bạch hầu – Ho gà – Uốn ván (DTaP/Tdap),2,5,60,4.9,1180,520000,6,5,1,5,132,520,0,30,0
2026-05-24,4,VaxCare Củ Chi - Bình Mỹ,4,Vắc xin Bại liệt (IPV),1,4,60,4.8,930,390000,6,5,1,3,154,464,0,30,0
2026-05-24,4,VaxCare Củ Chi - Bình Mỹ,5,Vắc xin Hib (Haemophilus influenzae type b),1,3,60,4.9,760,420000,6,5,1,2,140,192,0,30,0
2026-05-24,4,VaxCare Củ Chi - Bình Mỹ,6,Vắc xin MMR (Sởi – Quai bị – Rubella),2,2,28,4.9,1050,350000,6,5,1,4,149,247,0,30,0
2026-05-24,4,VaxCare Củ Chi - Bình Mỹ,7,Vắc xin Thủy đậu (Varicella),2,2,28,4.8,980,850000,6,5,1,3,67,676,0,30,0
2026-05-24,4,VaxCare Củ Chi - Bình Mỹ,8,Vắc xin Phế cầu (Pneumococcal),3,2,60,4.9,1360,1150000,6,5,1,5,19,459,0,30,1
2026-05-24,4,VaxCare Củ Chi - Bình Mỹ,9,Vắc xin Viêm não Nhật Bản,2,3,28,4.8,720,450000,6,5,1,1,75,455,0,30,0
2026-05-24,4,VaxCare Củ Chi - Bình Mỹ,10,Vắc xin Cúm mùa (Influenza),5,1,365,4.9,2180,450000,6,5,1,6,246,186,0,30,0
2026-05-24,4,VaxCare Củ Chi - Bình Mỹ,11,Vắc xin HPV (Human Papillomavirus),2,2,180,4.9,1240,1790000,6,5,1,3,112,505,0,30,0
2026-05-24,4,VaxCare Củ Chi - Bình Mỹ,12,Vắc xin COVID-19,3,2,180,4.7,1890,550000,6,5,1,6,184,542,0,30,0
2026-05-24,4,VaxCare Củ Chi - Bình Mỹ,13,Vắc xin Zona (Shingrix),4,2,60,4.9,640,3200000,6,5,1,1,1,683,0,30,1
2026-05-24,5,VaxCare Trung Mỹ Tây,1,Vắc xin BCG (Bacille Calmette–Guérin),1,1,0,4.9,860,250000,6,5,1,3,216,509,0,40,0
2026-05-24,5,VaxCare Trung Mỹ Tây,2,Vắc xin Viêm gan B (Hepatitis B),1,3,30,4.8,1420,350000,6,5,1,8,307,437,0,40,0
2026-05-24,5,VaxCare Trung Mỹ Tây,3,Vắc xin Bạch hầu – Ho gà – Uốn ván (DTaP/Tdap),2,5,60,4.9,1180,520000,6,5,1,3,185,226,0,40,0
2026-05-24,5,VaxCare Trung Mỹ Tây,4,Vắc xin Bại liệt (IPV),1,4,60,4.8,930,390000,6,5,1,5,101,352,0,40,0
2026-05-24,5,VaxCare Trung Mỹ Tây,5,Vắc xin Hib (Haemophilus influenzae type b),1,3,60,4.9,760,420000,6,5,1,3,169,330,0,40,0
2026-05-24,5,VaxCare Trung Mỹ Tây,6,Vắc xin MMR (Sởi – Quai bị – Rubella),2,2,28,4.9,1050,350000,6,5,1,5,302,418,0,40,0
2026-05-24,5,VaxCare Trung Mỹ Tây,7,Vắc xin Thủy đậu (Varicella),2,2,28,4.8,980,850000,6,5,1,4,140,323,0,40,0
2026-05-24,5,VaxCare Trung Mỹ Tây,8,Vắc xin Phế cầu (Pneumococcal),3,2,60,4.9,1360,1150000,6,5,1,4,59,197,0,40,0
2026-05-24,5,VaxCare Trung Mỹ Tây,9,Vắc xin Viêm não Nhật Bản,2,3,28,4.8,720,450000,6,5,1,3,78,221,0,40,0
2026-05-24,5,VaxCare Trung Mỹ Tây,10,Vắc xin Cúm mùa (Influenza),5,1,365,4.9,2180,450000,6,5,1,12,359,147,0,40,0
2026-05-24,5,VaxCare Trung Mỹ Tây,11,Vắc xin HPV (Human Papillomavirus),2,2,180,4.9,1240,1790000,6,5,1,5,104,551,0,40,0
2026-05-24,5,VaxCare Trung Mỹ Tây,12,Vắc xin COVID-19,3,2,180,4.7,1890,550000,6,5,1,8,309,496,0,40,0
2026-05-24,5,VaxCare Trung Mỹ Tây,13,Vắc xin Zona (Shingrix),4,2,60,4.9,640,3200000,6,5,1,2,2,453,0,40,1
2026-05-24,6,VaxCare Co.opmart Quang Trung,1,Vắc xin BCG (Bacille Calmette–Guérin),1,1,0,4.9,860,250000,6,5,1,4,266,183,0,50,0
2026-05-24,6,VaxCare Co.opmart Quang Trung,2,Vắc xin Viêm gan B (Hepatitis B),1,3,30,4.8,1420,350000,6,5,1,6,309,507,0,50,0
2026-05-24,6,VaxCare Co.opmart Quang Trung,3,Vắc xin Bạch hầu – Ho gà – Uốn ván (DTaP/Tdap),2,5,60,4.9,1180,520000,6,5,1,3,178,463,0,50,0
2026-05-24,6,VaxCare Co.opmart Quang Trung,4,Vắc xin Bại liệt (IPV),1,4,60,4.8,930,390000,6,5,1,4,102,430,0,50,0
2026-05-24,6,VaxCare Co.opmart Quang Trung,5,Vắc xin Hib (Haemophilus influenzae type b),1,3,60,4.9,760,420000,6,5,1,2,181,619,0,50,0
2026-05-24,6,VaxCare Co.opmart Quang Trung,6,Vắc xin MMR (Sởi – Quai bị – Rubella),2,2,28,4.9,1050,350000,6,5,1,5,167,565,0,50,0
2026-05-24,6,VaxCare Co.opmart Quang Trung,7,Vắc xin Thủy đậu (Varicella),2,2,28,4.8,980,850000,6,5,1,3,110,650,0,50,0
2026-05-24,6,VaxCare Co.opmart Quang Trung,8,Vắc xin Phế cầu (Pneumococcal),3,2,60,4.9,1360,1150000,6,5,1,6,31,394,0,50,1
2026-05-24,6,VaxCare Co.opmart Quang Trung,9,Vắc xin Viêm não Nhật Bản,2,3,28,4.8,720,450000,6,5,1,4,31,182,0,50,1
2026-05-24,6,VaxCare Co.opmart Quang Trung,10,Vắc xin Cúm mùa (Influenza),5,1,365,4.9,2180,450000,6,5,1,9,442,84,1,50,0
2026-05-24,6,VaxCare Co.opmart Quang Trung,11,Vắc xin HPV (Human Papillomavirus),2,2,180,4.9,1240,1790000,6,5,1,5,187,274,0,50,0
2026-05-24,6,VaxCare Co.opmart Quang Trung,12,Vắc xin COVID-19,3,2,180,4.7,1890,550000,6,5,1,7,357,692,0,50,0
2026-05-24,6,VaxCare Co.opmart Quang Trung,13,Vắc xin Zona (Shingrix),4,2,60,4.9,640,3200000,6,5,1,2,33,550,0,50,1
2026-05-24,7,VaxCare Oriental Plaza,1,Vắc xin BCG (Bacille Calmette–Guérin),1,1,0,4.9,860,250000,6,5,1,5,229,203,0,45,0
2026-05-24,7,VaxCare Oriental Plaza,2,Vắc xin Viêm gan B (Hepatitis B),1,3,30,4.8,1420,350000,6,5,1,4,370,316,0,45,0
2026-05-24,7,VaxCare Oriental Plaza,3,Vắc xin Bạch hầu – Ho gà – Uốn ván (DTaP/Tdap),2,5,60,4.9,1180,520000,6,5,1,4,173,665,0,45,0
2026-05-24,7,VaxCare Oriental Plaza,4,Vắc xin Bại liệt (IPV),1,4,60,4.8,930,390000,6,5,1,4,172,355,0,45,0
2026-05-24,7,VaxCare Oriental Plaza,5,Vắc xin Hib (Haemophilus influenzae type b),1,3,60,4.9,760,420000,6,5,1,3,157,618,0,45,0
2026-05-24,7,VaxCare Oriental Plaza,6,Vắc xin MMR (Sởi – Quai bị – Rubella),2,2,28,4.9,1050,350000,6,5,1,4,209,638,0,45,0
2026-05-24,7,VaxCare Oriental Plaza,7,Vắc xin Thủy đậu (Varicella),2,2,28,4.8,980,850000,6,5,1,3,79,657,0,45,0
2026-05-24,7,VaxCare Oriental Plaza,8,Vắc xin Phế cầu (Pneumococcal),3,2,60,4.9,1360,1150000,6,5,1,6,99,445,0,45,0
2026-05-24,7,VaxCare Oriental Plaza,9,Vắc xin Viêm não Nhật Bản,2,3,28,4.8,720,450000,6,5,1,3,36,688,0,45,1
2026-05-24,7,VaxCare Oriental Plaza,10,Vắc xin Cúm mùa (Influenza),5,1,365,4.9,2180,450000,6,5,1,13,424,164,0,45,0
2026-05-24,7,VaxCare Oriental Plaza,11,Vắc xin HPV (Human Papillomavirus),2,2,180,4.9,1240,1790000,6,5,1,5,137,395,0,45,0
2026-05-24,7,VaxCare Oriental Plaza,12,Vắc xin COVID-19,3,2,180,4.7,1890,550000,6,5,1,8,277,246,0,45,0
2026-05-24,7,VaxCare Oriental Plaza,13,Vắc xin Zona (Shingrix),4,2,60,4.9,640,3200000,6,5,1,3,67,489,0,45,0
2026-05-24,8,VaxCare Hóc Môn - Đông Thạnh,1,Vắc xin BCG (Bacille Calmette–Guérin),1,1,0,4.9,860,250000,6,5,1,4,88,594,0,30,0
2026-05-24,8,VaxCare Hóc Môn - Đông Thạnh,2,Vắc xin Viêm gan B (Hepatitis B),1,3,30,4.8,1420,350000,6,5,1,4,266,449,0,30,0
2026-05-24,8,VaxCare Hóc Môn - Đông Thạnh,3,Vắc xin Bạch hầu – Ho gà – Uốn ván (DTaP/Tdap),2,5,60,4.9,1180,520000,6,5,1,5,91,390,0,30,0
2026-05-24,8,VaxCare Hóc Môn - Đông Thạnh,4,Vắc xin Bại liệt (IPV),1,4,60,4.8,930,390000,6,5,1,3,136,670,0,30,0
2026-05-24,8,VaxCare Hóc Môn - Đông Thạnh,5,Vắc xin Hib (Haemophilus influenzae type b),1,3,60,4.9,760,420000,6,5,1,3,112,588,0,30,0
2026-05-24,8,VaxCare Hóc Môn - Đông Thạnh,6,Vắc xin MMR (Sởi – Quai bị – Rubella),2,2,28,4.9,1050,350000,6,5,1,2,188,208,0,30,0
2026-05-24,8,VaxCare Hóc Môn - Đông Thạnh,7,Vắc xin Thủy đậu (Varicella),2,2,28,4.8,980,850000,6,5,1,3,83,270,0,30,0
2026-05-24,8,VaxCare Hóc Môn - Đông Thạnh,8,Vắc xin Phế cầu (Pneumococcal),3,2,60,4.9,1360,1150000,6,5,1,4,75,576,0,30,0
2026-05-24,8,VaxCare Hóc Môn - Đông Thạnh,9,Vắc xin Viêm não Nhật Bản,2,3,28,4.8,720,450000,6,5,1,2,123,317,0,30,0
2026-05-24,8,VaxCare Hóc Môn - Đông Thạnh,10,Vắc xin Cúm mùa (Influenza),5,1,365,4.9,2180,450000,6,5,1,3,435,155,0,30,0
2026-05-24,8,VaxCare Hóc Môn - Đông Thạnh,11,Vắc xin HPV (Human Papillomavirus),2,2,180,4.9,1240,1790000,6,5,1,3,28,217,0,30,1
2026-05-24,8,VaxCare Hóc Môn - Đông Thạnh,12,Vắc xin COVID-19,3,2,180,4.7,1890,550000,6,5,1,6,256,315,0,30,0
2026-05-24,8,VaxCare Hóc Môn - Đông Thạnh,13,Vắc xin Zona (Shingrix),4,2,60,4.9,640,3200000,6,5,1,1,27,327,0,30,1
2026-05-24,9,VaxCare Hiệp Bình,1,Vắc xin BCG (Bacille Calmette–Guérin),1,1,0,4.9,860,250000,6,5,1,3,192,461,0,40,0
2026-05-24,9,VaxCare Hiệp Bình,2,Vắc xin Viêm gan B (Hepatitis B),1,3,30,4.8,1420,350000,6,5,1,6,333,491,0,40,0
2026-05-24,9,VaxCare Hiệp Bình,3,Vắc xin Bạch hầu – Ho gà – Uốn ván (DTaP/Tdap),2,5,60,4.9,1180,520000,6,5,1,4,137,428,0,40,0
2026-05-24,9,VaxCare Hiệp Bình,4,Vắc xin Bại liệt (IPV),1,4,60,4.8,930,390000,6,5,1,5,251,682,0,40,0
2026-05-24,9,VaxCare Hiệp Bình,5,Vắc xin Hib (Haemophilus influenzae type b),1,3,60,4.9,760,420000,6,5,1,3,114,410,0,40,0
2026-05-24,9,VaxCare Hiệp Bình,6,Vắc xin MMR (Sởi – Quai bị – Rubella),2,2,28,4.9,1050,350000,6,5,1,3,312,542,0,40,0
2026-05-24,9,VaxCare Hiệp Bình,7,Vắc xin Thủy đậu (Varicella),2,2,28,4.8,980,850000,6,5,1,5,174,678,0,40,0
2026-05-24,9,VaxCare Hiệp Bình,8,Vắc xin Phế cầu (Pneumococcal),3,2,60,4.9,1360,1150000,6,5,1,6,116,354,0,40,0
2026-05-24,9,VaxCare Hiệp Bình,9,Vắc xin Viêm não Nhật Bản,2,3,28,4.8,720,450000,6,5,1,3,126,510,0,40,0
2026-05-24,9,VaxCare Hiệp Bình,10,Vắc xin Cúm mùa (Influenza),5,1,365,4.9,2180,450000,6,5,1,6,454,111,0,40,0
2026-05-24,9,VaxCare Hiệp Bình,11,Vắc xin HPV (Human Papillomavirus),2,2,180,4.9,1240,1790000,6,5,1,2,167,310,0,40,0
2026-05-24,9,VaxCare Hiệp Bình,12,Vắc xin COVID-19,3,2,180,4.7,1890,550000,6,5,1,9,243,407,0,40,0
2026-05-24,9,VaxCare Hiệp Bình,13,Vắc xin Zona (Shingrix),4,2,60,4.9,640,3200000,6,5,1,2,19,225,0,40,1
2026-05-24,10,VaxCare Tân Định,1,Vắc xin BCG (Bacille Calmette–Guérin),1,1,0,4.9,860,250000,6,5,1,4,211,258,0,50,0
2026-05-24,10,VaxCare Tân Định,2,Vắc xin Viêm gan B (Hepatitis B),1,3,30,4.8,1420,350000,6,5,1,9,293,232,0,50,0
2026-05-24,10,VaxCare Tân Định,3,Vắc xin Bạch hầu – Ho gà – Uốn ván (DTaP/Tdap),2,5,60,4.9,1180,520000,6,5,1,4,267,336,0,50,0
2026-05-24,10,VaxCare Tân Định,4,Vắc xin Bại liệt (IPV),1,4,60,4.8,930,390000,6,5,1,5,260,383,0,50,0
2026-05-24,10,VaxCare Tân Định,5,Vắc xin Hib (Haemophilus influenzae type b),1,3,60,4.9,760,420000,6,5,1,2,136,512,0,50,0
2026-05-24,10,VaxCare Tân Định,6,Vắc xin MMR (Sởi – Quai bị – Rubella),2,2,28,4.9,1050,350000,6,5,1,4,271,256,0,50,0
2026-05-24,10,VaxCare Tân Định,7,Vắc xin Thủy đậu (Varicella),2,2,28,4.8,980,850000,6,5,1,3,122,637,0,50,0
2026-05-24,10,VaxCare Tân Định,8,Vắc xin Phế cầu (Pneumococcal),3,2,60,4.9,1360,1150000,6,5,1,7,98,489,0,50,0
2026-05-24,10,VaxCare Tân Định,9,Vắc xin Viêm não Nhật Bản,2,3,28,4.8,720,450000,6,5,1,4,132,616,0,50,0
2026-05-24,10,VaxCare Tân Định,10,Vắc xin Cúm mùa (Influenza),5,1,365,4.9,2180,450000,6,5,1,22,520,151,0,50,0
2026-05-24,10,VaxCare Tân Định,11,Vắc xin HPV (Human Papillomavirus),2,2,180,4.9,1240,1790000,6,5,1,5,149,417,0,50,0
2026-05-24,10,VaxCare Tân Định,12,Vắc xin COVID-19,3,2,180,4.7,1890,550000,6,5,1,8,322,617,0,50,0
2026-05-24,10,VaxCare Tân Định,13,Vắc xin Zona (Shingrix),4,2,60,4.9,640,3200000,6,5,1,2,86,622,0,50,0
2026-05-24,11,VaxCare An Lạc,1,Vắc xin BCG (Bacille Calmette–Guérin),1,1,0,4.9,860,250000,6,5,1,5,184,506,0,40,0
2026-05-24,11,VaxCare An Lạc,2,Vắc xin Viêm gan B (Hepatitis B),1,3,30,4.8,1420,350000,6,5,1,11,256,393,0,40,0
2026-05-24,11,VaxCare An Lạc,3,Vắc xin Bạch hầu – Ho gà – Uốn ván (DTaP/Tdap),2,5,60,4.9,1180,520000,6,5,1,6,205,690,0,40,0
2026-05-24,11,VaxCare An Lạc,4,Vắc xin Bại liệt (IPV),1,4,60,4.8,930,390000,6,5,1,4,193,330,0,40,0
2026-05-24,11,VaxCare An Lạc,5,Vắc xin Hib (Haemophilus influenzae type b),1,3,60,4.9,760,420000,6,5,1,3,181,582,0,40,0
2026-05-24,11,VaxCare An Lạc,6,Vắc xin MMR (Sởi – Quai bị – Rubella),2,2,28,4.9,1050,350000,6,5,1,3,319,218,0,40,0
2026-05-24,11,VaxCare An Lạc,7,Vắc xin Thủy đậu (Varicella),2,2,28,4.8,980,850000,6,5,1,5,117,557,0,40,0
2026-05-24,11,VaxCare An Lạc,8,Vắc xin Phế cầu (Pneumococcal),3,2,60,4.9,1360,1150000,6,5,1,4,93,347,0,40,0
2026-05-24,11,VaxCare An Lạc,9,Vắc xin Viêm não Nhật Bản,2,3,28,4.8,720,450000,6,5,1,2,141,359,0,40,0
2026-05-24,11,VaxCare An Lạc,10,Vắc xin Cúm mùa (Influenza),5,1,365,4.9,2180,450000,6,5,1,10,379,125,0,40,0
2026-05-24,11,VaxCare An Lạc,11,Vắc xin HPV (Human Papillomavirus),2,2,180,4.9,1240,1790000,6,5,1,3,97,440,0,40,0
2026-05-24,11,VaxCare An Lạc,12,Vắc xin COVID-19,3,2,180,4.7,1890,550000,6,5,1,6,233,578,0,40,0
2026-05-24,11,VaxCare An Lạc,13,Vắc xin Zona (Shingrix),4,2,60,4.9,640,3200000,6,5,1,2,2,487,0,40,1
2026-05-24,12,VaxCare Phú Thuận,1,Vắc xin BCG (Bacille Calmette–Guérin),1,1,0,4.9,860,250000,6,5,1,2,143,440,0,35,0
2026-05-24,12,VaxCare Phú Thuận,2,Vắc xin Viêm gan B (Hepatitis B),1,3,30,4.8,1420,350000,6,5,1,6,305,545,0,35,0
2026-05-24,12,VaxCare Phú Thuận,3,Vắc xin Bạch hầu – Ho gà – Uốn ván (DTaP/Tdap),2,5,60,4.9,1180,520000,6,5,1,6,219,678,0,35,0
2026-05-24,12,VaxCare Phú Thuận,4,Vắc xin Bại liệt (IPV),1,4,60,4.8,930,390000,6,5,1,3,198,245,0,35,0
2026-05-24,12,VaxCare Phú Thuận,5,Vắc xin Hib (Haemophilus influenzae type b),1,3,60,4.9,760,420000,6,5,1,4,132,345,0,35,0
2026-05-24,12,VaxCare Phú Thuận,6,Vắc xin MMR (Sởi – Quai bị – Rubella),2,2,28,4.9,1050,350000,6,5,1,4,327,276,0,35,0
2026-05-24,12,VaxCare Phú Thuận,7,Vắc xin Thủy đậu (Varicella),2,2,28,4.8,980,850000,6,5,1,3,147,473,0,35,0
2026-05-24,12,VaxCare Phú Thuận,8,Vắc xin Phế cầu (Pneumococcal),3,2,60,4.9,1360,1150000,6,5,1,6,124,487,0,35,0
2026-05-24,12,VaxCare Phú Thuận,9,Vắc xin Viêm não Nhật Bản,2,3,28,4.8,720,450000,6,5,1,3,89,239,0,35,0
2026-05-24,12,VaxCare Phú Thuận,10,Vắc xin Cúm mùa (Influenza),5,1,365,4.9,2180,450000,6,5,1,15,500,82,1,35,0
2026-05-24,12,VaxCare Phú Thuận,11,Vắc xin HPV (Human Papillomavirus),2,2,180,4.9,1240,1790000,6,5,1,6,119,206,0,35,0
2026-05-24,12,VaxCare Phú Thuận,12,Vắc xin COVID-19,3,2,180,4.7,1890,550000,6,5,1,4,301,308,0,35,0
2026-05-24,12,VaxCare Phú Thuận,13,Vắc xin Zona (Shingrix),4,2,60,4.9,640,3200000,6,5,1,3,32,427,0,35,1
2026-05-25,1,VaxCare Phú Nhuận,1,Vắc xin BCG (Bacille Calmette–Guérin),1,1,0,4.9,860,250000,0,5,0,5,349,335,0,50,0
2026-05-25,1,VaxCare Phú Nhuận,2,Vắc xin Viêm gan B (Hepatitis B),1,3,30,4.8,1420,350000,0,5,0,11,321,210,0,50,0
2026-05-25,1,VaxCare Phú Nhuận,3,Vắc xin Bạch hầu – Ho gà – Uốn ván (DTaP/Tdap),2,5,60,4.9,1180,520000,0,5,0,9,184,371,0,50,0
2026-05-25,1,VaxCare Phú Nhuận,4,Vắc xin Bại liệt (IPV),1,4,60,4.8,930,390000,0,5,0,13,183,566,0,50,0
2026-05-25,1,VaxCare Phú Nhuận,5,Vắc xin Hib (Haemophilus influenzae type b),1,3,60,4.9,760,420000,0,5,0,9,227,566,0,50,0
2026-05-25,1,VaxCare Phú Nhuận,6,Vắc xin MMR (Sởi – Quai bị – Rubella),2,2,28,4.9,1050,350000,0,5,0,12,315,259,0,50,0
2026-05-25,1,VaxCare Phú Nhuận,7,Vắc xin Thủy đậu (Varicella),2,2,28,4.8,980,850000,0,5,0,4,87,583,0,50,0
2026-05-25,1,VaxCare Phú Nhuận,8,Vắc xin Phế cầu (Pneumococcal),3,2,60,4.9,1360,1150000,0,5,0,13,95,212,0,50,0
2026-05-25,1,VaxCare Phú Nhuận,9,Vắc xin Viêm não Nhật Bản,2,3,28,4.8,720,450000,0,5,0,12,93,405,0,50,0
2026-05-25,1,VaxCare Phú Nhuận,10,Vắc xin Cúm mùa (Influenza),5,1,365,4.9,2180,450000,0,5,0,28,483,83,1,50,0
2026-05-25,1,VaxCare Phú Nhuận,11,Vắc xin HPV (Human Papillomavirus),2,2,180,4.9,1240,1790000,0,5,0,10,156,406,0,50,0
2026-05-25,1,VaxCare Phú Nhuận,12,Vắc xin COVID-19,3,2,180,4.7,1890,550000,0,5,0,28,319,196,0,50,0
2026-05-25,1,VaxCare Phú Nhuận,13,Vắc xin Zona (Shingrix),4,2,60,4.9,640,3200000,0,5,0,5,5,253,0,50,1
2026-05-25,2,VaxCare Thủ Đức - Bình Chiểu,1,Vắc xin BCG (Bacille Calmette–Guérin),1,1,0,4.9,860,250000,0,5,0,7,161,593,0,40,0
2026-05-25,2,VaxCare Thủ Đức - Bình Chiểu,2,Vắc xin Viêm gan B (Hepatitis B),1,3,30,4.8,1420,350000,0,5,0,12,200,348,0,40,0
2026-05-25,2,VaxCare Thủ Đức - Bình Chiểu,3,Vắc xin Bạch hầu – Ho gà – Uốn ván (DTaP/Tdap),2,5,60,4.9,1180,520000,0,5,0,12,117,648,0,40,0
2026-05-25,2,VaxCare Thủ Đức - Bình Chiểu,4,Vắc xin Bại liệt (IPV),1,4,60,4.8,930,390000,0,5,0,8,129,624,0,40,0
2026-05-25,2,VaxCare Thủ Đức - Bình Chiểu,5,Vắc xin Hib (Haemophilus influenzae type b),1,3,60,4.9,760,420000,0,5,0,7,224,565,0,40,0
2026-05-25,2,VaxCare Thủ Đức - Bình Chiểu,6,Vắc xin MMR (Sởi – Quai bị – Rubella),2,2,28,4.9,1050,350000,0,5,0,5,316,572,0,40,0
2026-05-25,2,VaxCare Thủ Đức - Bình Chiểu,7,Vắc xin Thủy đậu (Varicella),2,2,28,4.8,980,850000,0,5,0,8,103,403,0,40,0
2026-05-25,2,VaxCare Thủ Đức - Bình Chiểu,8,Vắc xin Phế cầu (Pneumococcal),3,2,60,4.9,1360,1150000,0,5,0,8,46,570,0,40,0
2026-05-25,2,VaxCare Thủ Đức - Bình Chiểu,9,Vắc xin Viêm não Nhật Bản,2,3,28,4.8,720,450000,0,5,0,8,113,341,0,40,0
2026-05-25,2,VaxCare Thủ Đức - Bình Chiểu,10,Vắc xin Cúm mùa (Influenza),5,1,365,4.9,2180,450000,0,5,0,13,461,142,0,40,0
2026-05-25,2,VaxCare Thủ Đức - Bình Chiểu,11,Vắc xin HPV (Human Papillomavirus),2,2,180,4.9,1240,1790000,0,5,0,7,127,274,0,40,0
2026-05-25,2,VaxCare Thủ Đức - Bình Chiểu,12,Vắc xin COVID-19,3,2,180,4.7,1890,550000,0,5,0,9,241,401,0,40,0
2026-05-25,2,VaxCare Thủ Đức - Bình Chiểu,13,Vắc xin Zona (Shingrix),4,2,60,4.9,640,3200000,0,5,0,5,23,363,0,40,1
2026-05-25,3,VaxCare Nowzone,1,Vắc xin BCG (Bacille Calmette–Guérin),1,1,0,4.9,860,250000,0,5,0,11,253,245,0,60,0
2026-05-25,3,VaxCare Nowzone,2,Vắc xin Viêm gan B (Hepatitis B),1,3,30,4.8,1420,350000,0,5,0,12,407,457,0,60,0
2026-05-25,3,VaxCare Nowzone,3,Vắc xin Bạch hầu – Ho gà – Uốn ván (DTaP/Tdap),2,5,60,4.9,1180,520000,0,5,0,10,228,588,0,60,0
2026-05-25,3,VaxCare Nowzone,4,Vắc xin Bại liệt (IPV),1,4,60,4.8,930,390000,0,5,0,12,237,414,0,60,0
2026-05-25,3,VaxCare Nowzone,5,Vắc xin Hib (Haemophilus influenzae type b),1,3,60,4.9,760,420000,0,5,0,12,189,426,0,60,0
2026-05-25,3,VaxCare Nowzone,6,Vắc xin MMR (Sởi – Quai bị – Rubella),2,2,28,4.9,1050,350000,0,5,0,13,377,549,0,60,0
2026-05-25,3,VaxCare Nowzone,7,Vắc xin Thủy đậu (Varicella),2,2,28,4.8,980,850000,0,5,0,12,147,673,0,60,0
2026-05-25,3,VaxCare Nowzone,8,Vắc xin Phế cầu (Pneumococcal),3,2,60,4.9,1360,1150000,0,5,0,12,78,546,0,60,0
2026-05-25,3,VaxCare Nowzone,9,Vắc xin Viêm não Nhật Bản,2,3,28,4.8,720,450000,0,5,0,6,84,648,0,60,0
2026-05-25,3,VaxCare Nowzone,10,Vắc xin Cúm mùa (Influenza),5,1,365,4.9,2180,450000,0,5,0,23,503,111,0,60,0
2026-05-25,3,VaxCare Nowzone,11,Vắc xin HPV (Human Papillomavirus),2,2,180,4.9,1240,1790000,0,5,0,13,156,188,0,60,0
2026-05-25,3,VaxCare Nowzone,12,Vắc xin COVID-19,3,2,180,4.7,1890,550000,0,5,0,16,239,429,0,60,0
2026-05-25,3,VaxCare Nowzone,13,Vắc xin Zona (Shingrix),4,2,60,4.9,640,3200000,0,5,0,5,5,277,0,60,1
2026-05-25,4,VaxCare Củ Chi - Bình Mỹ,1,Vắc xin BCG (Bacille Calmette–Guérin),1,1,0,4.9,860,250000,0,5,0,9,187,562,0,30,0
2026-05-25,4,VaxCare Củ Chi - Bình Mỹ,2,Vắc xin Viêm gan B (Hepatitis B),1,3,30,4.8,1420,350000,0,5,0,14,235,671,0,30,0
2026-05-25,4,VaxCare Củ Chi - Bình Mỹ,3,Vắc xin Bạch hầu – Ho gà – Uốn ván (DTaP/Tdap),2,5,60,4.9,1180,520000,0,5,0,8,189,391,0,30,0
2026-05-25,4,VaxCare Củ Chi - Bình Mỹ,4,Vắc xin Bại liệt (IPV),1,4,60,4.8,930,390000,0,5,0,8,118,246,0,30,0
2026-05-25,4,VaxCare Củ Chi - Bình Mỹ,5,Vắc xin Hib (Haemophilus influenzae type b),1,3,60,4.9,760,420000,0,5,0,4,59,602,0,30,0
2026-05-25,4,VaxCare Củ Chi - Bình Mỹ,6,Vắc xin MMR (Sởi – Quai bị – Rubella),2,2,28,4.9,1050,350000,0,5,0,9,179,195,0,30,0
2026-05-25,4,VaxCare Củ Chi - Bình Mỹ,7,Vắc xin Thủy đậu (Varicella),2,2,28,4.8,980,850000,0,5,0,6,114,647,0,30,0
2026-05-25,4,VaxCare Củ Chi - Bình Mỹ,8,Vắc xin Phế cầu (Pneumococcal),3,2,60,4.9,1360,1150000,0,5,0,9,9,507,0,30,1
2026-05-25,4,VaxCare Củ Chi - Bình Mỹ,9,Vắc xin Viêm não Nhật Bản,2,3,28,4.8,720,450000,0,5,0,3,71,645,0,30,0
2026-05-25,4,VaxCare Củ Chi - Bình Mỹ,10,Vắc xin Cúm mùa (Influenza),5,1,365,4.9,2180,450000,0,5,0,7,368,170,0,30,0
2026-05-25,4,VaxCare Củ Chi - Bình Mỹ,11,Vắc xin HPV (Human Papillomavirus),2,2,180,4.9,1240,1790000,0,5,0,6,133,618,0,30,0
2026-05-25,4,VaxCare Củ Chi - Bình Mỹ,12,Vắc xin COVID-19,3,2,180,4.7,1890,550000,0,5,0,7,220,253,0,30,0
2026-05-25,4,VaxCare Củ Chi - Bình Mỹ,13,Vắc xin Zona (Shingrix),4,2,60,4.9,640,3200000,0,5,0,2,2,380,0,30,1
2026-05-25,5,VaxCare Trung Mỹ Tây,1,Vắc xin BCG (Bacille Calmette–Guérin),1,1,0,4.9,860,250000,0,5,0,13,163,369,0,40,0
2026-05-25,5,VaxCare Trung Mỹ Tây,2,Vắc xin Viêm gan B (Hepatitis B),1,3,30,4.8,1420,350000,0,5,0,18,253,622,0,40,0
2026-05-25,5,VaxCare Trung Mỹ Tây,3,Vắc xin Bạch hầu – Ho gà – Uốn ván (DTaP/Tdap),2,5,60,4.9,1180,520000,0,5,0,12,208,199,0,40,0
2026-05-25,5,VaxCare Trung Mỹ Tây,4,Vắc xin Bại liệt (IPV),1,4,60,4.8,930,390000,0,5,0,10,214,475,0,40,0
2026-05-25,5,VaxCare Trung Mỹ Tây,5,Vắc xin Hib (Haemophilus influenzae type b),1,3,60,4.9,760,420000,0,5,0,8,218,337,0,40,0
2026-05-25,5,VaxCare Trung Mỹ Tây,6,Vắc xin MMR (Sởi – Quai bị – Rubella),2,2,28,4.9,1050,350000,0,5,0,10,132,217,0,40,0
2026-05-25,5,VaxCare Trung Mỹ Tây,7,Vắc xin Thủy đậu (Varicella),2,2,28,4.8,980,850000,0,5,0,9,112,507,0,40,0
2026-05-25,5,VaxCare Trung Mỹ Tây,8,Vắc xin Phế cầu (Pneumococcal),3,2,60,4.9,1360,1150000,0,5,0,13,85,277,0,40,0
2026-05-25,5,VaxCare Trung Mỹ Tây,9,Vắc xin Viêm não Nhật Bản,2,3,28,4.8,720,450000,0,5,0,6,97,435,0,40,0
2026-05-25,5,VaxCare Trung Mỹ Tây,10,Vắc xin Cúm mùa (Influenza),5,1,365,4.9,2180,450000,0,5,0,32,381,64,1,40,0
2026-05-25,5,VaxCare Trung Mỹ Tây,11,Vắc xin HPV (Human Papillomavirus),2,2,180,4.9,1240,1790000,0,5,0,9,147,212,0,40,0
2026-05-25,5,VaxCare Trung Mỹ Tây,12,Vắc xin COVID-19,3,2,180,4.7,1890,550000,0,5,0,12,338,313,0,40,0
2026-05-25,5,VaxCare Trung Mỹ Tây,13,Vắc xin Zona (Shingrix),4,2,60,4.9,640,3200000,0,5,0,5,22,561,0,40,1
2026-05-25,6,VaxCare Co.opmart Quang Trung,1,Vắc xin BCG (Bacille Calmette–Guérin),1,1,0,4.9,860,250000,0,5,0,8,210,227,0,50,0
2026-05-25,6,VaxCare Co.opmart Quang Trung,2,Vắc xin Viêm gan B (Hepatitis B),1,3,30,4.8,1420,350000,0,5,0,13,396,392,0,50,0
2026-05-25,6,VaxCare Co.opmart Quang Trung,3,Vắc xin Bạch hầu – Ho gà – Uốn ván (DTaP/Tdap),2,5,60,4.9,1180,520000,0,5,0,13,126,408,0,50,0
2026-05-25,6,VaxCare Co.opmart Quang Trung,4,Vắc xin Bại liệt (IPV),1,4,60,4.8,930,390000,0,5,0,8,205,358,0,50,0
2026-05-25,6,VaxCare Co.opmart Quang Trung,5,Vắc xin Hib (Haemophilus influenzae type b),1,3,60,4.9,760,420000,0,5,0,6,101,399,0,50,0
2026-05-25,6,VaxCare Co.opmart Quang Trung,6,Vắc xin MMR (Sởi – Quai bị – Rubella),2,2,28,4.9,1050,350000,0,5,0,9,170,601,0,50,0
2026-05-25,6,VaxCare Co.opmart Quang Trung,7,Vắc xin Thủy đậu (Varicella),2,2,28,4.8,980,850000,0,5,0,7,104,401,0,50,0
2026-05-25,6,VaxCare Co.opmart Quang Trung,8,Vắc xin Phế cầu (Pneumococcal),3,2,60,4.9,1360,1150000,0,5,0,9,22,485,0,50,1
2026-05-25,6,VaxCare Co.opmart Quang Trung,9,Vắc xin Viêm não Nhật Bản,2,3,28,4.8,720,450000,0,5,0,8,83,185,0,50,0
2026-05-25,6,VaxCare Co.opmart Quang Trung,10,Vắc xin Cúm mùa (Influenza),5,1,365,4.9,2180,450000,0,5,0,13,334,79,1,50,0
2026-05-25,6,VaxCare Co.opmart Quang Trung,11,Vắc xin HPV (Human Papillomavirus),2,2,180,4.9,1240,1790000,0,5,0,9,164,545,0,50,0
2026-05-25,6,VaxCare Co.opmart Quang Trung,12,Vắc xin COVID-19,3,2,180,4.7,1890,550000,0,5,0,16,182,664,0,50,0
2026-05-25,6,VaxCare Co.opmart Quang Trung,13,Vắc xin Zona (Shingrix),4,2,60,4.9,640,3200000,0,5,0,4,44,549,0,50,1
2026-05-25,7,VaxCare Oriental Plaza,1,Vắc xin BCG (Bacille Calmette–Guérin),1,1,0,4.9,860,250000,0,5,0,4,118,544,0,45,0
2026-05-25,7,VaxCare Oriental Plaza,2,Vắc xin Viêm gan B (Hepatitis B),1,3,30,4.8,1420,350000,0,5,0,16,306,361,0,45,0
2026-05-25,7,VaxCare Oriental Plaza,3,Vắc xin Bạch hầu – Ho gà – Uốn ván (DTaP/Tdap),2,5,60,4.9,1180,520000,0,5,0,10,186,520,0,45,0
2026-05-25,7,VaxCare Oriental Plaza,4,Vắc xin Bại liệt (IPV),1,4,60,4.8,930,390000,0,5,0,11,228,679,0,45,0
2026-05-25,7,VaxCare Oriental Plaza,5,Vắc xin Hib (Haemophilus influenzae type b),1,3,60,4.9,760,420000,0,5,0,8,144,558,0,45,0
2026-05-25,7,VaxCare Oriental Plaza,6,Vắc xin MMR (Sởi – Quai bị – Rubella),2,2,28,4.9,1050,350000,0,5,0,10,315,606,0,45,0
2026-05-25,7,VaxCare Oriental Plaza,7,Vắc xin Thủy đậu (Varicella),2,2,28,4.8,980,850000,0,5,0,8,136,664,0,45,0
2026-05-25,7,VaxCare Oriental Plaza,8,Vắc xin Phế cầu (Pneumococcal),3,2,60,4.9,1360,1150000,0,5,0,16,70,435,0,45,0
2026-05-25,7,VaxCare Oriental Plaza,9,Vắc xin Viêm não Nhật Bản,2,3,28,4.8,720,450000,0,5,0,5,73,475,0,45,0
2026-05-25,7,VaxCare Oriental Plaza,10,Vắc xin Cúm mùa (Influenza),5,1,365,4.9,2180,450000,0,5,0,23,549,130,0,45,0
2026-05-25,7,VaxCare Oriental Plaza,11,Vắc xin HPV (Human Papillomavirus),2,2,180,4.9,1240,1790000,0,5,0,10,129,418,0,45,0
2026-05-25,7,VaxCare Oriental Plaza,12,Vắc xin COVID-19,3,2,180,4.7,1890,550000,0,5,0,8,179,527,0,45,0
2026-05-25,7,VaxCare Oriental Plaza,13,Vắc xin Zona (Shingrix),4,2,60,4.9,640,3200000,0,5,0,4,50,387,0,45,0
2026-05-25,8,VaxCare Hóc Môn - Đông Thạnh,1,Vắc xin BCG (Bacille Calmette–Guérin),1,1,0,4.9,860,250000,0,5,0,4,142,334,0,30,0
2026-05-25,8,VaxCare Hóc Môn - Đông Thạnh,2,Vắc xin Viêm gan B (Hepatitis B),1,3,30,4.8,1420,350000,0,5,0,10,173,263,0,30,0
2026-05-25,8,VaxCare Hóc Môn - Đông Thạnh,3,Vắc xin Bạch hầu – Ho gà – Uốn ván (DTaP/Tdap),2,5,60,4.9,1180,520000,0,5,0,5,63,608,0,30,0
2026-05-25,8,VaxCare Hóc Môn - Đông Thạnh,4,Vắc xin Bại liệt (IPV),1,4,60,4.8,930,390000,0,5,0,7,183,457,0,30,0
2026-05-25,8,VaxCare Hóc Môn - Đông Thạnh,5,Vắc xin Hib (Haemophilus influenzae type b),1,3,60,4.9,760,420000,0,5,0,4,78,516,0,30,0
2026-05-25,8,VaxCare Hóc Môn - Đông Thạnh,6,Vắc xin MMR (Sởi – Quai bị – Rubella),2,2,28,4.9,1050,350000,0,5,0,7,124,206,0,30,0
2026-05-25,8,VaxCare Hóc Môn - Đông Thạnh,7,Vắc xin Thủy đậu (Varicella),2,2,28,4.8,980,850000,0,5,0,4,105,330,0,30,0
2026-05-25,8,VaxCare Hóc Môn - Đông Thạnh,8,Vắc xin Phế cầu (Pneumococcal),3,2,60,4.9,1360,1150000,0,5,0,9,9,422,0,30,1
2026-05-25,8,VaxCare Hóc Môn - Đông Thạnh,9,Vắc xin Viêm não Nhật Bản,2,3,28,4.8,720,450000,0,5,0,5,108,278,0,30,0
2026-05-25,8,VaxCare Hóc Môn - Đông Thạnh,10,Vắc xin Cúm mùa (Influenza),5,1,365,4.9,2180,450000,0,5,0,15,324,158,0,30,0
2026-05-25,8,VaxCare Hóc Môn - Đông Thạnh,11,Vắc xin HPV (Human Papillomavirus),2,2,180,4.9,1240,1790000,0,5,0,7,43,381,0,30,0
2026-05-25,8,VaxCare Hóc Môn - Đông Thạnh,12,Vắc xin COVID-19,3,2,180,4.7,1890,550000,0,5,0,16,223,430,0,30,0
2026-05-25,8,VaxCare Hóc Môn - Đông Thạnh,13,Vắc xin Zona (Shingrix),4,2,60,4.9,640,3200000,0,5,0,3,18,313,0,30,1
2026-05-25,9,VaxCare Hiệp Bình,1,Vắc xin BCG (Bacille Calmette–Guérin),1,1,0,4.9,860,250000,0,5,0,8,157,350,0,40,0
2026-05-25,9,VaxCare Hiệp Bình,2,Vắc xin Viêm gan B (Hepatitis B),1,3,30,4.8,1420,350000,0,5,0,12,362,460,0,40,0
2026-05-25,9,VaxCare Hiệp Bình,3,Vắc xin Bạch hầu – Ho gà – Uốn ván (DTaP/Tdap),2,5,60,4.9,1180,520000,0,5,0,14,141,199,0,40,0
2026-05-25,9,VaxCare Hiệp Bình,4,Vắc xin Bại liệt (IPV),1,4,60,4.8,930,390000,0,5,0,8,207,461,0,40,0
2026-05-25,9,VaxCare Hiệp Bình,5,Vắc xin Hib (Haemophilus influenzae type b),1,3,60,4.9,760,420000,0,5,0,6,196,305,0,40,0
2026-05-25,9,VaxCare Hiệp Bình,6,Vắc xin MMR (Sởi – Quai bị – Rubella),2,2,28,4.9,1050,350000,0,5,0,7,276,381,0,40,0
2026-05-25,9,VaxCare Hiệp Bình,7,Vắc xin Thủy đậu (Varicella),2,2,28,4.8,980,850000,0,5,0,8,118,632,0,40,0
2026-05-25,9,VaxCare Hiệp Bình,8,Vắc xin Phế cầu (Pneumococcal),3,2,60,4.9,1360,1150000,0,5,0,9,62,464,0,40,0
2026-05-25,9,VaxCare Hiệp Bình,9,Vắc xin Viêm não Nhật Bản,2,3,28,4.8,720,450000,0,5,0,7,134,483,0,40,0
2026-05-25,9,VaxCare Hiệp Bình,10,Vắc xin Cúm mùa (Influenza),5,1,365,4.9,2180,450000,0,5,0,23,371,78,1,40,0
2026-05-25,9,VaxCare Hiệp Bình,11,Vắc xin HPV (Human Papillomavirus),2,2,180,4.9,1240,1790000,0,5,0,10,103,487,0,40,0
2026-05-25,9,VaxCare Hiệp Bình,12,Vắc xin COVID-19,3,2,180,4.7,1890,550000,0,5,0,10,145,448,0,40,0
2026-05-25,9,VaxCare Hiệp Bình,13,Vắc xin Zona (Shingrix),4,2,60,4.9,640,3200000,0,5,0,2,77,292,0,40,0
2026-05-25,10,VaxCare Tân Định,1,Vắc xin BCG (Bacille Calmette–Guérin),1,1,0,4.9,860,250000,0,5,0,10,162,572,0,50,0
2026-05-25,10,VaxCare Tân Định,2,Vắc xin Viêm gan B (Hepatitis B),1,3,30,4.8,1420,350000,0,5,0,19,334,599,0,50,0
2026-05-25,10,VaxCare Tân Định,3,Vắc xin Bạch hầu – Ho gà – Uốn ván (DTaP/Tdap),2,5,60,4.9,1180,520000,0,5,0,12,231,409,0,50,0
2026-05-25,10,VaxCare Tân Định,4,Vắc xin Bại liệt (IPV),1,4,60,4.8,930,390000,0,5,0,14,203,293,0,50,0
2026-05-25,10,VaxCare Tân Định,5,Vắc xin Hib (Haemophilus influenzae type b),1,3,60,4.9,760,420000,0,5,0,8,89,353,0,50,0
2026-05-25,10,VaxCare Tân Định,6,Vắc xin MMR (Sởi – Quai bị – Rubella),2,2,28,4.9,1050,350000,0,5,0,10,274,590,0,50,0
2026-05-25,10,VaxCare Tân Định,7,Vắc xin Thủy đậu (Varicella),2,2,28,4.8,980,850000,0,5,0,11,174,458,0,50,0
2026-05-25,10,VaxCare Tân Định,8,Vắc xin Phế cầu (Pneumococcal),3,2,60,4.9,1360,1150000,0,5,0,17,150,263,0,50,0
2026-05-25,10,VaxCare Tân Định,9,Vắc xin Viêm não Nhật Bản,2,3,28,4.8,720,450000,0,5,0,8,102,458,0,50,0
2026-05-25,10,VaxCare Tân Định,10,Vắc xin Cúm mùa (Influenza),5,1,365,4.9,2180,450000,0,5,0,30,409,198,0,50,0
2026-05-25,10,VaxCare Tân Định,11,Vắc xin HPV (Human Papillomavirus),2,2,180,4.9,1240,1790000,0,5,0,9,188,282,0,50,0
2026-05-25,10,VaxCare Tân Định,12,Vắc xin COVID-19,3,2,180,4.7,1890,550000,0,5,0,18,230,243,0,50,0
2026-05-25,10,VaxCare Tân Định,13,Vắc xin Zona (Shingrix),4,2,60,4.9,640,3200000,0,5,0,7,27,401,0,50,1
2026-05-25,11,VaxCare An Lạc,1,Vắc xin BCG (Bacille Calmette–Guérin),1,1,0,4.9,860,250000,0,5,0,5,135,273,0,40,0
2026-05-25,11,VaxCare An Lạc,2,Vắc xin Viêm gan B (Hepatitis B),1,3,30,4.8,1420,350000,0,5,0,11,254,265,0,40,0
2026-05-25,11,VaxCare An Lạc,3,Vắc xin Bạch hầu – Ho gà – Uốn ván (DTaP/Tdap),2,5,60,4.9,1180,520000,0,5,0,12,232,345,0,40,0
2026-05-25,11,VaxCare An Lạc,4,Vắc xin Bại liệt (IPV),1,4,60,4.8,930,390000,0,5,0,8,263,607,0,40,0
2026-05-25,11,VaxCare An Lạc,5,Vắc xin Hib (Haemophilus influenzae type b),1,3,60,4.9,760,420000,0,5,0,7,232,213,0,40,0
2026-05-25,11,VaxCare An Lạc,6,Vắc xin MMR (Sởi – Quai bị – Rubella),2,2,28,4.9,1050,350000,0,5,0,11,309,220,0,40,0
2026-05-25,11,VaxCare An Lạc,7,Vắc xin Thủy đậu (Varicella),2,2,28,4.8,980,850000,0,5,0,6,94,385,0,40,0
2026-05-25,11,VaxCare An Lạc,8,Vắc xin Phế cầu (Pneumococcal),3,2,60,4.9,1360,1150000,0,5,0,8,43,447,0,40,0
2026-05-25,11,VaxCare An Lạc,9,Vắc xin Viêm não Nhật Bản,2,3,28,4.8,720,450000,0,5,0,8,156,506,0,40,0
2026-05-25,11,VaxCare An Lạc,10,Vắc xin Cúm mùa (Influenza),5,1,365,4.9,2180,450000,0,5,0,18,328,152,0,40,0
2026-05-25,11,VaxCare An Lạc,11,Vắc xin HPV (Human Papillomavirus),2,2,180,4.9,1240,1790000,0,5,0,8,183,282,0,40,0
2026-05-25,11,VaxCare An Lạc,12,Vắc xin COVID-19,3,2,180,4.7,1890,550000,0,5,0,20,157,261,0,40,0
2026-05-25,11,VaxCare An Lạc,13,Vắc xin Zona (Shingrix),4,2,60,4.9,640,3200000,0,5,0,5,5,268,0,40,1
2026-05-25,12,VaxCare Phú Thuận,1,Vắc xin BCG (Bacille Calmette–Guérin),1,1,0,4.9,860,250000,0,5,0,10,264,318,0,35,0
2026-05-25,12,VaxCare Phú Thuận,2,Vắc xin Viêm gan B (Hepatitis B),1,3,30,4.8,1420,350000,0,5,0,15,379,496,0,35,0
2026-05-25,12,VaxCare Phú Thuận,3,Vắc xin Bạch hầu – Ho gà – Uốn ván (DTaP/Tdap),2,5,60,4.9,1180,520000,0,5,0,14,244,490,0,35,0
2026-05-25,12,VaxCare Phú Thuận,4,Vắc xin Bại liệt (IPV),1,4,60,4.8,930,390000,0,5,0,10,265,270,0,35,0
2026-05-25,12,VaxCare Phú Thuận,5,Vắc xin Hib (Haemophilus influenzae type b),1,3,60,4.9,760,420000,0,5,0,6,167,650,0,35,0
2026-05-25,12,VaxCare Phú Thuận,6,Vắc xin MMR (Sởi – Quai bị – Rubella),2,2,28,4.9,1050,350000,0,5,0,11,267,319,0,35,0
2026-05-25,12,VaxCare Phú Thuận,7,Vắc xin Thủy đậu (Varicella),2,2,28,4.8,980,850000,0,5,0,10,190,398,0,35,0
2026-05-25,12,VaxCare Phú Thuận,8,Vắc xin Phế cầu (Pneumococcal),3,2,60,4.9,1360,1150000,0,5,0,9,66,557,0,35,0
2026-05-25,12,VaxCare Phú Thuận,9,Vắc xin Viêm não Nhật Bản,2,3,28,4.8,720,450000,0,5,0,6,87,372,0,35,0
2026-05-25,12,VaxCare Phú Thuận,10,Vắc xin Cúm mùa (Influenza),5,1,365,4.9,2180,450000,0,5,0,22,496,50,1,35,0
2026-05-25,12,VaxCare Phú Thuận,11,Vắc xin HPV (Human Papillomavirus),2,2,180,4.9,1240,1790000,0,5,0,10,57,293,0,35,0
2026-05-25,12,VaxCare Phú Thuận,12,Vắc xin COVID-19,3,2,180,4.7,1890,550000,0,5,0,18,226,473,0,35,0
2026-05-25,12,VaxCare Phú Thuận,13,Vắc xin Zona (Shingrix),4,2,60,4.9,640,3200000,0,5,0,5,23,536,0,35,1
2026-05-26,1,VaxCare Phú Nhuận,1,Vắc xin BCG (Bacille Calmette–Guérin),1,1,0,4.9,860,250000,1,5,0,4,229,423,0,50,0
2026-05-26,1,VaxCare Phú Nhuận,2,Vắc xin Viêm gan B (Hepatitis B),1,3,30,4.8,1420,350000,1,5,0,22,235,519,0,50,0
2026-05-26,1,VaxCare Phú Nhuận,3,Vắc xin Bạch hầu – Ho gà – Uốn ván (DTaP/Tdap),2,5,60,4.9,1180,520000,1,5,0,15,115,369,0,50,0
2026-05-26,1,VaxCare Phú Nhuận,4,Vắc xin Bại liệt (IPV),1,4,60,4.8,930,390000,1,5,0,12,173,439,0,50,0
2026-05-26,1,VaxCare Phú Nhuận,5,Vắc xin Hib (Haemophilus influenzae type b),1,3,60,4.9,760,420000,1,5,0,9,205,510,0,50,0
2026-05-26,1,VaxCare Phú Nhuận,6,Vắc xin MMR (Sởi – Quai bị – Rubella),2,2,28,4.9,1050,350000,1,5,0,14,191,499,0,50,0
2026-05-26,1,VaxCare Phú Nhuận,7,Vắc xin Thủy đậu (Varicella),2,2,28,4.8,980,850000,1,5,0,13,195,552,0,50,0
2026-05-26,1,VaxCare Phú Nhuận,8,Vắc xin Phế cầu (Pneumococcal),3,2,60,4.9,1360,1150000,1,5,0,16,120,657,0,50,0
2026-05-26,1,VaxCare Phú Nhuận,9,Vắc xin Viêm não Nhật Bản,2,3,28,4.8,720,450000,1,5,0,8,115,547,0,50,0
2026-05-26,1,VaxCare Phú Nhuận,10,Vắc xin Cúm mùa (Influenza),5,1,365,4.9,2180,450000,1,5,0,31,494,175,0,50,0
2026-05-26,1,VaxCare Phú Nhuận,11,Vắc xin HPV (Human Papillomavirus),2,2,180,4.9,1240,1790000,1,5,0,11,214,211,0,50,0
2026-05-26,1,VaxCare Phú Nhuận,12,Vắc xin COVID-19,3,2,180,4.7,1890,550000,1,5,0,15,254,642,0,50,0
2026-05-26,1,VaxCare Phú Nhuận,13,Vắc xin Zona (Shingrix),4,2,60,4.9,640,3200000,1,5,0,5,5,554,0,50,1
2026-05-26,2,VaxCare Thủ Đức - Bình Chiểu,1,Vắc xin BCG (Bacille Calmette–Guérin),1,1,0,4.9,860,250000,1,5,0,8,160,368,0,40,0
2026-05-26,2,VaxCare Thủ Đức - Bình Chiểu,2,Vắc xin Viêm gan B (Hepatitis B),1,3,30,4.8,1420,350000,1,5,0,13,318,339,0,40,0
2026-05-26,2,VaxCare Thủ Đức - Bình Chiểu,3,Vắc xin Bạch hầu – Ho gà – Uốn ván (DTaP/Tdap),2,5,60,4.9,1180,520000,1,5,0,10,181,550,0,40,0
2026-05-26,2,VaxCare Thủ Đức - Bình Chiểu,4,Vắc xin Bại liệt (IPV),1,4,60,4.8,930,390000,1,5,0,6,210,571,0,40,0
2026-05-26,2,VaxCare Thủ Đức - Bình Chiểu,5,Vắc xin Hib (Haemophilus influenzae type b),1,3,60,4.9,760,420000,1,5,0,7,148,223,0,40,0
2026-05-26,2,VaxCare Thủ Đức - Bình Chiểu,6,Vắc xin MMR (Sởi – Quai bị – Rubella),2,2,28,4.9,1050,350000,1,5,0,12,150,407,0,40,0
2026-05-26,2,VaxCare Thủ Đức - Bình Chiểu,7,Vắc xin Thủy đậu (Varicella),2,2,28,4.8,980,850000,1,5,0,7,38,611,0,40,1
2026-05-26,2,VaxCare Thủ Đức - Bình Chiểu,8,Vắc xin Phế cầu (Pneumococcal),3,2,60,4.9,1360,1150000,1,5,0,10,67,635,0,40,0
2026-05-26,2,VaxCare Thủ Đức - Bình Chiểu,9,Vắc xin Viêm não Nhật Bản,2,3,28,4.8,720,450000,1,5,0,8,142,183,0,40,0
2026-05-26,2,VaxCare Thủ Đức - Bình Chiểu,10,Vắc xin Cúm mùa (Influenza),5,1,365,4.9,2180,450000,1,5,0,22,534,168,0,40,0
2026-05-26,2,VaxCare Thủ Đức - Bình Chiểu,11,Vắc xin HPV (Human Papillomavirus),2,2,180,4.9,1240,1790000,1,5,0,11,146,282,0,40,0
2026-05-26,2,VaxCare Thủ Đức - Bình Chiểu,12,Vắc xin COVID-19,3,2,180,4.7,1890,550000,1,5,0,22,244,663,0,40,0
2026-05-26,2,VaxCare Thủ Đức - Bình Chiểu,13,Vắc xin Zona (Shingrix),4,2,60,4.9,640,3200000,1,5,0,4,44,293,0,40,0
2026-05-26,3,VaxCare Nowzone,1,Vắc xin BCG (Bacille Calmette–Guérin),1,1,0,4.9,860,250000,1,5,0,10,183,414,0,60,0
2026-05-26,3,VaxCare Nowzone,2,Vắc xin Viêm gan B (Hepatitis B),1,3,30,4.8,1420,350000,1,5,0,18,271,359,0,60,0
2026-05-26,3,VaxCare Nowzone,3,Vắc xin Bạch hầu – Ho gà – Uốn ván (DTaP/Tdap),2,5,60,4.9,1180,520000,1,5,0,11,181,464,0,60,0
2026-05-26,3,VaxCare Nowzone,4,Vắc xin Bại liệt (IPV),1,4,60,4.8,930,390000,1,5,0,7,233,377,0,60,0
2026-05-26,3,VaxCare Nowzone,5,Vắc xin Hib (Haemophilus influenzae type b),1,3,60,4.9,760,420000,1,5,0,8,148,181,0,60,0
2026-05-26,3,VaxCare Nowzone,6,Vắc xin MMR (Sởi – Quai bị – Rubella),2,2,28,4.9,1050,350000,1,5,0,6,282,454,0,60,0
2026-05-26,3,VaxCare Nowzone,7,Vắc xin Thủy đậu (Varicella),2,2,28,4.8,980,850000,1,5,0,2,159,561,0,60,0
2026-05-26,3,VaxCare Nowzone,8,Vắc xin Phế cầu (Pneumococcal),3,2,60,4.9,1360,1150000,1,5,0,14,159,298,0,60,0
2026-05-26,3,VaxCare Nowzone,9,Vắc xin Viêm não Nhật Bản,2,3,28,4.8,720,450000,1,5,0,6,149,210,0,60,0
2026-05-26,3,VaxCare Nowzone,10,Vắc xin Cúm mùa (Influenza),5,1,365,4.9,2180,450000,1,5,0,22,601,111,0,60,0
2026-05-26,3,VaxCare Nowzone,11,Vắc xin HPV (Human Papillomavirus),2,2,180,4.9,1240,1790000,1,5,0,11,165,348,0,60,0
2026-05-26,3,VaxCare Nowzone,12,Vắc xin COVID-19,3,2,180,4.7,1890,550000,1,5,0,20,334,627,0,60,0
2026-05-26,3,VaxCare Nowzone,13,Vắc xin Zona (Shingrix),4,2,60,4.9,640,3200000,1,5,0,4,22,221,0,60,1
2026-05-26,4,VaxCare Củ Chi - Bình Mỹ,1,Vắc xin BCG (Bacille Calmette–Guérin),1,1,0,4.9,860,250000,1,5,0,9,114,426,0,30,0
2026-05-26,4,VaxCare Củ Chi - Bình Mỹ,2,Vắc xin Viêm gan B (Hepatitis B),1,3,30,4.8,1420,350000,1,5,0,10,174,204,0,30,0
2026-05-26,4,VaxCare Củ Chi - Bình Mỹ,3,Vắc xin Bạch hầu – Ho gà – Uốn ván (DTaP/Tdap),2,5,60,4.9,1180,520000,1,5,0,13,194,474,0,30,0
2026-05-26,4,VaxCare Củ Chi - Bình Mỹ,4,Vắc xin Bại liệt (IPV),1,4,60,4.8,930,390000,1,5,0,5,150,488,0,30,0
2026-05-26,4,VaxCare Củ Chi - Bình Mỹ,5,Vắc xin Hib (Haemophilus influenzae type b),1,3,60,4.9,760,420000,1,5,0,5,77,309,0,30,0
2026-05-26,4,VaxCare Củ Chi - Bình Mỹ,6,Vắc xin MMR (Sởi – Quai bị – Rubella),2,2,28,4.9,1050,350000,1,5,0,7,239,448,0,30,0
2026-05-26,4,VaxCare Củ Chi - Bình Mỹ,7,Vắc xin Thủy đậu (Varicella),2,2,28,4.8,980,850000,1,5,0,6,36,645,0,30,0
2026-05-26,4,VaxCare Củ Chi - Bình Mỹ,8,Vắc xin Phế cầu (Pneumococcal),3,2,60,4.9,1360,1150000,1,5,0,10,52,217,0,30,0
2026-05-26,4,VaxCare Củ Chi - Bình Mỹ,9,Vắc xin Viêm não Nhật Bản,2,3,28,4.8,720,450000,1,5,0,2,47,574,0,30,0
2026-05-26,4,VaxCare Củ Chi - Bình Mỹ,10,Vắc xin Cúm mùa (Influenza),5,1,365,4.9,2180,450000,1,5,0,24,266,173,0,30,0
2026-05-26,4,VaxCare Củ Chi - Bình Mỹ,11,Vắc xin HPV (Human Papillomavirus),2,2,180,4.9,1240,1790000,1,5,0,4,149,412,0,30,0
2026-05-26,4,VaxCare Củ Chi - Bình Mỹ,12,Vắc xin COVID-19,3,2,180,4.7,1890,550000,1,5,0,10,218,329,0,30,0
2026-05-26,4,VaxCare Củ Chi - Bình Mỹ,13,Vắc xin Zona (Shingrix),4,2,60,4.9,640,3200000,1,5,0,3,3,425,0,30,1
2026-05-26,5,VaxCare Trung Mỹ Tây,1,Vắc xin BCG (Bacille Calmette–Guérin),1,1,0,4.9,860,250000,1,5,0,9,206,194,0,40,0
2026-05-26,5,VaxCare Trung Mỹ Tây,2,Vắc xin Viêm gan B (Hepatitis B),1,3,30,4.8,1420,350000,1,5,0,13,249,510,0,40,0
2026-05-26,5,VaxCare Trung Mỹ Tây,3,Vắc xin Bạch hầu – Ho gà – Uốn ván (DTaP/Tdap),2,5,60,4.9,1180,520000,1,5,0,10,193,561,0,40,0
2026-05-26,5,VaxCare Trung Mỹ Tây,4,Vắc xin Bại liệt (IPV),1,4,60,4.8,930,390000,1,5,0,9,196,201,0,40,0
2026-05-26,5,VaxCare Trung Mỹ Tây,5,Vắc xin Hib (Haemophilus influenzae type b),1,3,60,4.9,760,420000,1,5,0,6,144,180,0,40,0
2026-05-26,5,VaxCare Trung Mỹ Tây,6,Vắc xin MMR (Sởi – Quai bị – Rubella),2,2,28,4.9,1050,350000,1,5,0,13,245,230,0,40,0
2026-05-26,5,VaxCare Trung Mỹ Tây,7,Vắc xin Thủy đậu (Varicella),2,2,28,4.8,980,850000,1,5,0,10,103,619,0,40,0
2026-05-26,5,VaxCare Trung Mỹ Tây,8,Vắc xin Phế cầu (Pneumococcal),3,2,60,4.9,1360,1150000,1,5,0,12,91,229,0,40,0
2026-05-26,5,VaxCare Trung Mỹ Tây,9,Vắc xin Viêm não Nhật Bản,2,3,28,4.8,720,450000,1,5,0,8,54,426,0,40,0
2026-05-26,5,VaxCare Trung Mỹ Tây,10,Vắc xin Cúm mùa (Influenza),5,1,365,4.9,2180,450000,1,5,0,24,369,143,0,40,0
2026-05-26,5,VaxCare Trung Mỹ Tây,11,Vắc xin HPV (Human Papillomavirus),2,2,180,4.9,1240,1790000,1,5,0,9,209,505,0,40,0
2026-05-26,5,VaxCare Trung Mỹ Tây,12,Vắc xin COVID-19,3,2,180,4.7,1890,550000,1,5,0,8,146,408,0,40,0
2026-05-26,5,VaxCare Trung Mỹ Tây,13,Vắc xin Zona (Shingrix),4,2,60,4.9,640,3200000,1,5,0,6,62,239,0,40,0
2026-05-26,6,VaxCare Co.opmart Quang Trung,1,Vắc xin BCG (Bacille Calmette–Guérin),1,1,0,4.9,860,250000,1,5,0,10,173,200,0,50,0
2026-05-26,6,VaxCare Co.opmart Quang Trung,2,Vắc xin Viêm gan B (Hepatitis B),1,3,30,4.8,1420,350000,1,5,0,10,305,588,0,50,0
2026-05-26,6,VaxCare Co.opmart Quang Trung,3,Vắc xin Bạch hầu – Ho gà – Uốn ván (DTaP/Tdap),2,5,60,4.9,1180,520000,1,5,0,13,201,587,0,50,0
2026-05-26,6,VaxCare Co.opmart Quang Trung,4,Vắc xin Bại liệt (IPV),1,4,60,4.8,930,390000,1,5,0,10,153,690,0,50,0
2026-05-26,6,VaxCare Co.opmart Quang Trung,5,Vắc xin Hib (Haemophilus influenzae type b),1,3,60,4.9,760,420000,1,5,0,6,206,189,0,50,0
2026-05-26,6,VaxCare Co.opmart Quang Trung,6,Vắc xin MMR (Sởi – Quai bị – Rubella),2,2,28,4.9,1050,350000,1,5,0,13,242,324,0,50,0
2026-05-26,6,VaxCare Co.opmart Quang Trung,7,Vắc xin Thủy đậu (Varicella),2,2,28,4.8,980,850000,1,5,0,9,146,488,0,50,0
2026-05-26,6,VaxCare Co.opmart Quang Trung,8,Vắc xin Phế cầu (Pneumococcal),3,2,60,4.9,1360,1150000,1,5,0,8,104,261,0,50,0
2026-05-26,6,VaxCare Co.opmart Quang Trung,9,Vắc xin Viêm não Nhật Bản,2,3,28,4.8,720,450000,1,5,0,5,103,293,0,50,0
2026-05-26,6,VaxCare Co.opmart Quang Trung,10,Vắc xin Cúm mùa (Influenza),5,1,365,4.9,2180,450000,1,5,0,24,490,131,0,50,0
2026-05-26,6,VaxCare Co.opmart Quang Trung,11,Vắc xin HPV (Human Papillomavirus),2,2,180,4.9,1240,1790000,1,5,0,7,138,526,0,50,0
2026-05-26,6,VaxCare Co.opmart Quang Trung,12,Vắc xin COVID-19,3,2,180,4.7,1890,550000,1,5,0,13,212,209,0,50,0
2026-05-26,6,VaxCare Co.opmart Quang Trung,13,Vắc xin Zona (Shingrix),4,2,60,4.9,640,3200000,1,5,0,5,5,567,0,50,1
2026-05-26,7,VaxCare Oriental Plaza,1,Vắc xin BCG (Bacille Calmette–Guérin),1,1,0,4.9,860,250000,1,5,0,7,118,557,0,45,0
2026-05-26,7,VaxCare Oriental Plaza,2,Vắc xin Viêm gan B (Hepatitis B),1,3,30,4.8,1420,350000,1,5,0,12,303,398,0,45,0
2026-05-26,7,VaxCare Oriental Plaza,3,Vắc xin Bạch hầu – Ho gà – Uốn ván (DTaP/Tdap),2,5,60,4.9,1180,520000,1,5,0,9,158,526,0,45,0
2026-05-26,7,VaxCare Oriental Plaza,4,Vắc xin Bại liệt (IPV),1,4,60,4.8,930,390000,1,5,0,10,194,365,0,45,0
2026-05-26,7,VaxCare Oriental Plaza,5,Vắc xin Hib (Haemophilus influenzae type b),1,3,60,4.9,760,420000,1,5,0,9,238,322,0,45,0
2026-05-26,7,VaxCare Oriental Plaza,6,Vắc xin MMR (Sởi – Quai bị – Rubella),2,2,28,4.9,1050,350000,1,5,0,6,235,466,0,45,0
2026-05-26,7,VaxCare Oriental Plaza,7,Vắc xin Thủy đậu (Varicella),2,2,28,4.8,980,850000,1,5,0,6,92,625,0,45,0
2026-05-26,7,VaxCare Oriental Plaza,8,Vắc xin Phế cầu (Pneumococcal),3,2,60,4.9,1360,1150000,1,5,0,5,104,341,0,45,0
2026-05-26,7,VaxCare Oriental Plaza,9,Vắc xin Viêm não Nhật Bản,2,3,28,4.8,720,450000,1,5,0,7,49,322,0,45,0
2026-05-26,7,VaxCare Oriental Plaza,10,Vắc xin Cúm mùa (Influenza),5,1,365,4.9,2180,450000,1,5,0,22,570,52,1,45,0
2026-05-26,7,VaxCare Oriental Plaza,11,Vắc xin HPV (Human Papillomavirus),2,2,180,4.9,1240,1790000,1,5,0,7,131,547,0,45,0
2026-05-26,7,VaxCare Oriental Plaza,12,Vắc xin COVID-19,3,2,180,4.7,1890,550000,1,5,0,15,286,571,0,45,0
2026-05-26,7,VaxCare Oriental Plaza,13,Vắc xin Zona (Shingrix),4,2,60,4.9,640,3200000,1,5,0,5,5,585,0,45,1
2026-05-26,8,VaxCare Hóc Môn - Đông Thạnh,1,Vắc xin BCG (Bacille Calmette–Guérin),1,1,0,4.9,860,250000,1,5,0,8,124,213,0,30,0
2026-05-26,8,VaxCare Hóc Môn - Đông Thạnh,2,Vắc xin Viêm gan B (Hepatitis B),1,3,30,4.8,1420,350000,1,5,0,8,299,340,0,30,0
2026-05-26,8,VaxCare Hóc Môn - Đông Thạnh,3,Vắc xin Bạch hầu – Ho gà – Uốn ván (DTaP/Tdap),2,5,60,4.9,1180,520000,1,5,0,8,110,546,0,30,0
2026-05-26,8,VaxCare Hóc Môn - Đông Thạnh,4,Vắc xin Bại liệt (IPV),1,4,60,4.8,930,390000,1,5,0,7,90,608,0,30,0
2026-05-26,8,VaxCare Hóc Môn - Đông Thạnh,5,Vắc xin Hib (Haemophilus influenzae type b),1,3,60,4.9,760,420000,1,5,0,7,107,425,0,30,0
2026-05-26,8,VaxCare Hóc Môn - Đông Thạnh,6,Vắc xin MMR (Sởi – Quai bị – Rubella),2,2,28,4.9,1050,350000,1,5,0,8,190,411,0,30,0
2026-05-26,8,VaxCare Hóc Môn - Đông Thạnh,7,Vắc xin Thủy đậu (Varicella),2,2,28,4.8,980,850000,1,5,0,9,25,243,0,30,1
2026-05-26,8,VaxCare Hóc Môn - Đông Thạnh,8,Vắc xin Phế cầu (Pneumococcal),3,2,60,4.9,1360,1150000,1,5,0,5,53,529,0,30,0
2026-05-26,8,VaxCare Hóc Môn - Đông Thạnh,9,Vắc xin Viêm não Nhật Bản,2,3,28,4.8,720,450000,1,5,0,5,15,368,0,30,1
2026-05-26,8,VaxCare Hóc Môn - Đông Thạnh,10,Vắc xin Cúm mùa (Influenza),5,1,365,4.9,2180,450000,1,5,0,14,367,101,0,30,0
2026-05-26,8,VaxCare Hóc Môn - Đông Thạnh,11,Vắc xin HPV (Human Papillomavirus),2,2,180,4.9,1240,1790000,1,5,0,7,148,557,0,30,0
2026-05-26,8,VaxCare Hóc Môn - Đông Thạnh,12,Vắc xin COVID-19,3,2,180,4.7,1890,550000,1,5,0,7,135,640,0,30,0
2026-05-26,8,VaxCare Hóc Môn - Đông Thạnh,13,Vắc xin Zona (Shingrix),4,2,60,4.9,640,3200000,1,5,0,4,23,180,0,30,1
2026-05-26,9,VaxCare Hiệp Bình,1,Vắc xin BCG (Bacille Calmette–Guérin),1,1,0,4.9,860,250000,1,5,0,9,169,402,0,40,0
2026-05-26,9,VaxCare Hiệp Bình,2,Vắc xin Viêm gan B (Hepatitis B),1,3,30,4.8,1420,350000,1,5,0,14,228,574,0,40,0
2026-05-26,9,VaxCare Hiệp Bình,3,Vắc xin Bạch hầu – Ho gà – Uốn ván (DTaP/Tdap),2,5,60,4.9,1180,520000,1,5,0,7,149,257,0,40,0
2026-05-26,9,VaxCare Hiệp Bình,4,Vắc xin Bại liệt (IPV),1,4,60,4.8,930,390000,1,5,0,11,121,631,0,40,0
2026-05-26,9,VaxCare Hiệp Bình,5,Vắc xin Hib (Haemophilus influenzae type b),1,3,60,4.9,760,420000,1,5,0,6,197,193,0,40,0
2026-05-26,9,VaxCare Hiệp Bình,6,Vắc xin MMR (Sởi – Quai bị – Rubella),2,2,28,4.9,1050,350000,1,5,0,8,314,482,0,40,0
2026-05-26,9,VaxCare Hiệp Bình,7,Vắc xin Thủy đậu (Varicella),2,2,28,4.8,980,850000,1,5,0,5,124,286,0,40,0
2026-05-26,9,VaxCare Hiệp Bình,8,Vắc xin Phế cầu (Pneumococcal),3,2,60,4.9,1360,1150000,1,5,0,10,59,618,0,40,0
2026-05-26,9,VaxCare Hiệp Bình,9,Vắc xin Viêm não Nhật Bản,2,3,28,4.8,720,450000,1,5,0,6,90,239,0,40,0
2026-05-26,9,VaxCare Hiệp Bình,10,Vắc xin Cúm mùa (Influenza),5,1,365,4.9,2180,450000,1,5,0,31,382,137,0,40,0
2026-05-26,9,VaxCare Hiệp Bình,11,Vắc xin HPV (Human Papillomavirus),2,2,180,4.9,1240,1790000,1,5,0,7,147,343,0,40,0
2026-05-26,9,VaxCare Hiệp Bình,12,Vắc xin COVID-19,3,2,180,4.7,1890,550000,1,5,0,13,244,236,0,40,0
2026-05-26,9,VaxCare Hiệp Bình,13,Vắc xin Zona (Shingrix),4,2,60,4.9,640,3200000,1,5,0,4,78,241,0,40,0
2026-05-26,10,VaxCare Tân Định,1,Vắc xin BCG (Bacille Calmette–Guérin),1,1,0,4.9,860,250000,1,5,0,8,186,296,0,50,0
2026-05-26,10,VaxCare Tân Định,2,Vắc xin Viêm gan B (Hepatitis B),1,3,30,4.8,1420,350000,1,5,0,11,265,575,0,50,0
2026-05-26,10,VaxCare Tân Định,3,Vắc xin Bạch hầu – Ho gà – Uốn ván (DTaP/Tdap),2,5,60,4.9,1180,520000,1,5,0,14,185,617,0,50,0
2026-05-26,10,VaxCare Tân Định,4,Vắc xin Bại liệt (IPV),1,4,60,4.8,930,390000,1,5,0,10,185,334,0,50,0
2026-05-26,10,VaxCare Tân Định,5,Vắc xin Hib (Haemophilus influenzae type b),1,3,60,4.9,760,420000,1,5,0,7,106,544,0,50,0
2026-05-26,10,VaxCare Tân Định,6,Vắc xin MMR (Sởi – Quai bị – Rubella),2,2,28,4.9,1050,350000,1,5,0,10,313,567,0,50,0
2026-05-26,10,VaxCare Tân Định,7,Vắc xin Thủy đậu (Varicella),2,2,28,4.8,980,850000,1,5,0,10,154,556,0,50,0
2026-05-26,10,VaxCare Tân Định,8,Vắc xin Phế cầu (Pneumococcal),3,2,60,4.9,1360,1150000,1,5,0,11,33,265,0,50,1
2026-05-26,10,VaxCare Tân Định,9,Vắc xin Viêm não Nhật Bản,2,3,28,4.8,720,450000,1,5,0,8,119,499,0,50,0
2026-05-26,10,VaxCare Tân Định,10,Vắc xin Cúm mùa (Influenza),5,1,365,4.9,2180,450000,1,5,0,28,459,92,0,50,0
2026-05-26,10,VaxCare Tân Định,11,Vắc xin HPV (Human Papillomavirus),2,2,180,4.9,1240,1790000,1,5,0,11,157,431,0,50,0
2026-05-26,10,VaxCare Tân Định,12,Vắc xin COVID-19,3,2,180,4.7,1890,550000,1,5,0,31,308,254,0,50,0
2026-05-26,10,VaxCare Tân Định,13,Vắc xin Zona (Shingrix),4,2,60,4.9,640,3200000,1,5,0,6,17,532,0,50,1
2026-05-26,11,VaxCare An Lạc,1,Vắc xin BCG (Bacille Calmette–Guérin),1,1,0,4.9,860,250000,1,5,0,9,171,393,0,40,0
2026-05-26,11,VaxCare An Lạc,2,Vắc xin Viêm gan B (Hepatitis B),1,3,30,4.8,1420,350000,1,5,0,15,198,444,0,40,0
2026-05-26,11,VaxCare An Lạc,3,Vắc xin Bạch hầu – Ho gà – Uốn ván (DTaP/Tdap),2,5,60,4.9,1180,520000,1,5,0,16,151,688,0,40,0
2026-05-26,11,VaxCare An Lạc,4,Vắc xin Bại liệt (IPV),1,4,60,4.8,930,390000,1,5,0,7,212,395,0,40,0
2026-05-26,11,VaxCare An Lạc,5,Vắc xin Hib (Haemophilus influenzae type b),1,3,60,4.9,760,420000,1,5,0,8,203,276,0,40,0
2026-05-26,11,VaxCare An Lạc,6,Vắc xin MMR (Sởi – Quai bị – Rubella),2,2,28,4.9,1050,350000,1,5,0,8,170,211,0,40,0
2026-05-26,11,VaxCare An Lạc,7,Vắc xin Thủy đậu (Varicella),2,2,28,4.8,980,850000,1,5,0,10,113,618,0,40,0
2026-05-26,11,VaxCare An Lạc,8,Vắc xin Phế cầu (Pneumococcal),3,2,60,4.9,1360,1150000,1,5,0,12,78,635,0,40,0
2026-05-26,11,VaxCare An Lạc,9,Vắc xin Viêm não Nhật Bản,2,3,28,4.8,720,450000,1,5,0,6,134,245,0,40,0
2026-05-26,11,VaxCare An Lạc,10,Vắc xin Cúm mùa (Influenza),5,1,365,4.9,2180,450000,1,5,0,30,485,101,0,40,0
2026-05-26,11,VaxCare An Lạc,11,Vắc xin HPV (Human Papillomavirus),2,2,180,4.9,1240,1790000,1,5,0,9,102,434,0,40,0
2026-05-26,11,VaxCare An Lạc,12,Vắc xin COVID-19,3,2,180,4.7,1890,550000,1,5,0,20,241,581,0,40,0
2026-05-26,11,VaxCare An Lạc,13,Vắc xin Zona (Shingrix),4,2,60,4.9,640,3200000,1,5,0,3,3,660,0,40,1
2026-05-26,12,VaxCare Phú Thuận,1,Vắc xin BCG (Bacille Calmette–Guérin),1,1,0,4.9,860,250000,1,5,0,13,247,631,0,35,0
2026-05-26,12,VaxCare Phú Thuận,2,Vắc xin Viêm gan B (Hepatitis B),1,3,30,4.8,1420,350000,1,5,0,11,244,348,0,35,0
2026-05-26,12,VaxCare Phú Thuận,3,Vắc xin Bạch hầu – Ho gà – Uốn ván (DTaP/Tdap),2,5,60,4.9,1180,520000,1,5,0,8,142,556,0,35,0
2026-05-26,12,VaxCare Phú Thuận,4,Vắc xin Bại liệt (IPV),1,4,60,4.8,930,390000,1,5,0,10,261,596,0,35,0
2026-05-26,12,VaxCare Phú Thuận,5,Vắc xin Hib (Haemophilus influenzae type b),1,3,60,4.9,760,420000,1,5,0,7,147,603,0,35,0
2026-05-26,12,VaxCare Phú Thuận,6,Vắc xin MMR (Sởi – Quai bị – Rubella),2,2,28,4.9,1050,350000,1,5,0,7,202,572,0,35,0
2026-05-26,12,VaxCare Phú Thuận,7,Vắc xin Thủy đậu (Varicella),2,2,28,4.8,980,850000,1,5,0,7,90,326,0,35,0
2026-05-26,12,VaxCare Phú Thuận,8,Vắc xin Phế cầu (Pneumococcal),3,2,60,4.9,1360,1150000,1,5,0,10,126,309,0,35,0
2026-05-26,12,VaxCare Phú Thuận,9,Vắc xin Viêm não Nhật Bản,2,3,28,4.8,720,450000,1,5,0,5,87,684,0,35,0
2026-05-26,12,VaxCare Phú Thuận,10,Vắc xin Cúm mùa (Influenza),5,1,365,4.9,2180,450000,1,5,0,22,392,111,0,35,0
2026-05-26,12,VaxCare Phú Thuận,11,Vắc xin HPV (Human Papillomavirus),2,2,180,4.9,1240,1790000,1,5,0,11,123,400,0,35,0
2026-05-26,12,VaxCare Phú Thuận,12,Vắc xin COVID-19,3,2,180,4.7,1890,550000,1,5,0,31,189,254,0,35,0
2026-05-26,12,VaxCare Phú Thuận,13,Vắc xin Zona (Shingrix),4,2,60,4.9,640,3200000,1,5,0,3,52,627,0,35,0
2026-05-27,1,VaxCare Phú Nhuận,1,Vắc xin BCG (Bacille Calmette–Guérin),1,1,0,4.9,860,250000,2,5,0,10,257,370,0,50,0
2026-05-27,1,VaxCare Phú Nhuận,2,Vắc xin Viêm gan B (Hepatitis B),1,3,30,4.8,1420,350000,2,5,0,16,275,685,0,50,0
2026-05-27,1,VaxCare Phú Nhuận,3,Vắc xin Bạch hầu – Ho gà – Uốn ván (DTaP/Tdap),2,5,60,4.9,1180,520000,2,5,0,13,229,533,0,50,0
2026-05-27,1,VaxCare Phú Nhuận,4,Vắc xin Bại liệt (IPV),1,4,60,4.8,930,390000,2,5,0,11,236,562,0,50,0
2026-05-27,1,VaxCare Phú Nhuận,5,Vắc xin Hib (Haemophilus influenzae type b),1,3,60,4.9,760,420000,2,5,0,8,138,233,0,50,0
2026-05-27,1,VaxCare Phú Nhuận,6,Vắc xin MMR (Sởi – Quai bị – Rubella),2,2,28,4.9,1050,350000,2,5,0,15,270,317,0,50,0
2026-05-27,1,VaxCare Phú Nhuận,7,Vắc xin Thủy đậu (Varicella),2,2,28,4.8,980,850000,2,5,0,11,59,327,0,50,0
2026-05-27,1,VaxCare Phú Nhuận,8,Vắc xin Phế cầu (Pneumococcal),3,2,60,4.9,1360,1150000,2,5,0,8,117,339,0,50,0
2026-05-27,1,VaxCare Phú Nhuận,9,Vắc xin Viêm não Nhật Bản,2,3,28,4.8,720,450000,2,5,0,5,116,245,0,50,0
2026-05-27,1,VaxCare Phú Nhuận,10,Vắc xin Cúm mùa (Influenza),5,1,365,4.9,2180,450000,2,5,0,32,551,132,0,50,0
2026-05-27,1,VaxCare Phú Nhuận,11,Vắc xin HPV (Human Papillomavirus),2,2,180,4.9,1240,1790000,2,5,0,12,137,584,0,50,0
2026-05-27,1,VaxCare Phú Nhuận,12,Vắc xin COVID-19,3,2,180,4.7,1890,550000,2,5,0,18,257,323,0,50,0
2026-05-27,1,VaxCare Phú Nhuận,13,Vắc xin Zona (Shingrix),4,2,60,4.9,640,3200000,2,5,0,6,8,184,0,50,1
2026-05-27,2,VaxCare Thủ Đức - Bình Chiểu,1,Vắc xin BCG (Bacille Calmette–Guérin),1,1,0,4.9,860,250000,2,5,0,9,174,335,0,40,0
2026-05-27,2,VaxCare Thủ Đức - Bình Chiểu,2,Vắc xin Viêm gan B (Hepatitis B),1,3,30,4.8,1420,350000,2,5,0,17,255,479,0,40,0
2026-05-27,2,VaxCare Thủ Đức - Bình Chiểu,3,Vắc xin Bạch hầu – Ho gà – Uốn ván (DTaP/Tdap),2,5,60,4.9,1180,520000,2,5,0,10,146,577,0,40,0
2026-05-27,2,VaxCare Thủ Đức - Bình Chiểu,4,Vắc xin Bại liệt (IPV),1,4,60,4.8,930,390000,2,5,0,10,230,397,0,40,0
2026-05-27,2,VaxCare Thủ Đức - Bình Chiểu,5,Vắc xin Hib (Haemophilus influenzae type b),1,3,60,4.9,760,420000,2,5,0,7,119,570,0,40,0
2026-05-27,2,VaxCare Thủ Đức - Bình Chiểu,6,Vắc xin MMR (Sởi – Quai bị – Rubella),2,2,28,4.9,1050,350000,2,5,0,7,185,595,0,40,0
2026-05-27,2,VaxCare Thủ Đức - Bình Chiểu,7,Vắc xin Thủy đậu (Varicella),2,2,28,4.8,980,850000,2,5,0,9,156,391,0,40,0
2026-05-27,2,VaxCare Thủ Đức - Bình Chiểu,8,Vắc xin Phế cầu (Pneumococcal),3,2,60,4.9,1360,1150000,2,5,0,14,57,439,0,40,0
2026-05-27,2,VaxCare Thủ Đức - Bình Chiểu,9,Vắc xin Viêm não Nhật Bản,2,3,28,4.8,720,450000,2,5,0,8,91,316,0,40,0
2026-05-27,2,VaxCare Thủ Đức - Bình Chiểu,10,Vắc xin Cúm mùa (Influenza),5,1,365,4.9,2180,450000,2,5,0,30,315,101,0,40,0
2026-05-27,2,VaxCare Thủ Đức - Bình Chiểu,11,Vắc xin HPV (Human Papillomavirus),2,2,180,4.9,1240,1790000,2,5,0,9,171,372,0,40,0
2026-05-27,2,VaxCare Thủ Đức - Bình Chiểu,12,Vắc xin COVID-19,3,2,180,4.7,1890,550000,2,5,0,12,191,275,0,40,0
2026-05-27,2,VaxCare Thủ Đức - Bình Chiểu,13,Vắc xin Zona (Shingrix),4,2,60,4.9,640,3200000,2,5,0,5,55,231,0,40,0
2026-05-27,3,VaxCare Nowzone,1,Vắc xin BCG (Bacille Calmette–Guérin),1,1,0,4.9,860,250000,2,5,0,9,305,290,0,60,0
2026-05-27,3,VaxCare Nowzone,2,Vắc xin Viêm gan B (Hepatitis B),1,3,30,4.8,1420,350000,2,5,0,17,399,292,0,60,0
2026-05-27,3,VaxCare Nowzone,3,Vắc xin Bạch hầu – Ho gà – Uốn ván (DTaP/Tdap),2,5,60,4.9,1180,520000,2,5,0,13,238,229,0,60,0
2026-05-27,3,VaxCare Nowzone,4,Vắc xin Bại liệt (IPV),1,4,60,4.8,930,390000,2,5,0,13,217,441,0,60,0
2026-05-27,3,VaxCare Nowzone,5,Vắc xin Hib (Haemophilus influenzae type b),1,3,60,4.9,760,420000,2,5,0,6,239,242,0,60,0
2026-05-27,3,VaxCare Nowzone,6,Vắc xin MMR (Sởi – Quai bị – Rubella),2,2,28,4.9,1050,350000,2,5,0,6,270,595,0,60,0
2026-05-27,3,VaxCare Nowzone,7,Vắc xin Thủy đậu (Varicella),2,2,28,4.8,980,850000,2,5,0,10,96,398,0,60,0
2026-05-27,3,VaxCare Nowzone,8,Vắc xin Phế cầu (Pneumococcal),3,2,60,4.9,1360,1150000,2,5,0,12,123,285,0,60,0
2026-05-27,3,VaxCare Nowzone,9,Vắc xin Viêm não Nhật Bản,2,3,28,4.8,720,450000,2,5,0,7,113,497,0,60,0
2026-05-27,3,VaxCare Nowzone,10,Vắc xin Cúm mùa (Influenza),5,1,365,4.9,2180,450000,2,5,0,18,501,42,1,60,0
2026-05-27,3,VaxCare Nowzone,11,Vắc xin HPV (Human Papillomavirus),2,2,180,4.9,1240,1790000,2,5,0,10,159,592,0,60,0
2026-05-27,3,VaxCare Nowzone,12,Vắc xin COVID-19,3,2,180,4.7,1890,550000,2,5,0,23,276,468,0,60,0
2026-05-27,3,VaxCare Nowzone,13,Vắc xin Zona (Shingrix),4,2,60,4.9,640,3200000,2,5,0,6,6,448,0,60,1
2026-05-27,4,VaxCare Củ Chi - Bình Mỹ,1,Vắc xin BCG (Bacille Calmette–Guérin),1,1,0,4.9,860,250000,2,5,0,2,125,653,0,30,0
2026-05-27,4,VaxCare Củ Chi - Bình Mỹ,2,Vắc xin Viêm gan B (Hepatitis B),1,3,30,4.8,1420,350000,2,5,0,10,281,389,0,30,0
2026-05-27,4,VaxCare Củ Chi - Bình Mỹ,3,Vắc xin Bạch hầu – Ho gà – Uốn ván (DTaP/Tdap),2,5,60,4.9,1180,520000,2,5,0,5,154,275,0,30,0
2026-05-27,4,VaxCare Củ Chi - Bình Mỹ,4,Vắc xin Bại liệt (IPV),1,4,60,4.8,930,390000,2,5,0,8,57,612,0,30,0
2026-05-27,4,VaxCare Củ Chi - Bình Mỹ,5,Vắc xin Hib (Haemophilus influenzae type b),1,3,60,4.9,760,420000,2,5,0,6,40,629,0,30,0
2026-05-27,4,VaxCare Củ Chi - Bình Mỹ,6,Vắc xin MMR (Sởi – Quai bị – Rubella),2,2,28,4.9,1050,350000,2,5,0,6,169,383,0,30,0
2026-05-27,4,VaxCare Củ Chi - Bình Mỹ,7,Vắc xin Thủy đậu (Varicella),2,2,28,4.8,980,850000,2,5,0,6,94,222,0,30,0
2026-05-27,4,VaxCare Củ Chi - Bình Mỹ,8,Vắc xin Phế cầu (Pneumococcal),3,2,60,4.9,1360,1150000,2,5,0,4,88,392,0,30,0
2026-05-27,4,VaxCare Củ Chi - Bình Mỹ,9,Vắc xin Viêm não Nhật Bản,2,3,28,4.8,720,450000,2,5,0,5,42,248,0,30,0
2026-05-27,4,VaxCare Củ Chi - Bình Mỹ,10,Vắc xin Cúm mùa (Influenza),5,1,365,4.9,2180,450000,2,5,0,18,304,142,0,30,0
2026-05-27,4,VaxCare Củ Chi - Bình Mỹ,11,Vắc xin HPV (Human Papillomavirus),2,2,180,4.9,1240,1790000,2,5,0,8,88,553,0,30,0
2026-05-27,4,VaxCare Củ Chi - Bình Mỹ,12,Vắc xin COVID-19,3,2,180,4.7,1890,550000,2,5,0,16,243,347,0,30,0
2026-05-27,4,VaxCare Củ Chi - Bình Mỹ,13,Vắc xin Zona (Shingrix),4,2,60,4.9,640,3200000,2,5,0,3,3,325,0,30,1
2026-05-27,5,VaxCare Trung Mỹ Tây,1,Vắc xin BCG (Bacille Calmette–Guérin),1,1,0,4.9,860,250000,2,5,0,6,105,224,0,40,0
2026-05-27,5,VaxCare Trung Mỹ Tây,2,Vắc xin Viêm gan B (Hepatitis B),1,3,30,4.8,1420,350000,2,5,0,12,204,454,0,40,0
2026-05-27,5,VaxCare Trung Mỹ Tây,3,Vắc xin Bạch hầu – Ho gà – Uốn ván (DTaP/Tdap),2,5,60,4.9,1180,520000,2,5,0,11,179,676,0,40,0
2026-05-27,5,VaxCare Trung Mỹ Tây,4,Vắc xin Bại liệt (IPV),1,4,60,4.8,930,390000,2,5,0,6,199,387,0,40,0
2026-05-27,5,VaxCare Trung Mỹ Tây,5,Vắc xin Hib (Haemophilus influenzae type b),1,3,60,4.9,760,420000,2,5,0,6,88,341,0,40,0
2026-05-27,5,VaxCare Trung Mỹ Tây,6,Vắc xin MMR (Sởi – Quai bị – Rubella),2,2,28,4.9,1050,350000,2,5,0,9,239,670,0,40,0
2026-05-27,5,VaxCare Trung Mỹ Tây,7,Vắc xin Thủy đậu (Varicella),2,2,28,4.8,980,850000,2,5,0,10,94,407,0,40,0
2026-05-27,5,VaxCare Trung Mỹ Tây,8,Vắc xin Phế cầu (Pneumococcal),3,2,60,4.9,1360,1150000,2,5,0,12,102,559,0,40,0
2026-05-27,5,VaxCare Trung Mỹ Tây,9,Vắc xin Viêm não Nhật Bản,2,3,28,4.8,720,450000,2,5,0,5,149,507,0,40,0
2026-05-27,5,VaxCare Trung Mỹ Tây,10,Vắc xin Cúm mùa (Influenza),5,1,365,4.9,2180,450000,2,5,0,23,337,139,0,40,0
2026-05-27,5,VaxCare Trung Mỹ Tây,11,Vắc xin HPV (Human Papillomavirus),2,2,180,4.9,1240,1790000,2,5,0,10,100,658,0,40,0
2026-05-27,5,VaxCare Trung Mỹ Tây,12,Vắc xin COVID-19,3,2,180,4.7,1890,550000,2,5,0,7,336,663,0,40,0
2026-05-27,5,VaxCare Trung Mỹ Tây,13,Vắc xin Zona (Shingrix),4,2,60,4.9,640,3200000,2,5,0,7,63,647,0,40,0
2026-05-27,6,VaxCare Co.opmart Quang Trung,1,Vắc xin BCG (Bacille Calmette–Guérin),1,1,0,4.9,860,250000,2,5,0,8,246,350,0,50,0
2026-05-27,6,VaxCare Co.opmart Quang Trung,2,Vắc xin Viêm gan B (Hepatitis B),1,3,30,4.8,1420,350000,2,5,0,11,326,646,0,50,0
2026-05-27,6,VaxCare Co.opmart Quang Trung,3,Vắc xin Bạch hầu – Ho gà – Uốn ván (DTaP/Tdap),2,5,60,4.9,1180,520000,2,5,0,11,242,693,0,50,0
2026-05-27,6,VaxCare Co.opmart Quang Trung,4,Vắc xin Bại liệt (IPV),1,4,60,4.8,930,390000,2,5,0,7,140,672,0,50,0
2026-05-27,6,VaxCare Co.opmart Quang Trung,5,Vắc xin Hib (Haemophilus influenzae type b),1,3,60,4.9,760,420000,2,5,0,4,128,181,0,50,0
2026-05-27,6,VaxCare Co.opmart Quang Trung,6,Vắc xin MMR (Sởi – Quai bị – Rubella),2,2,28,4.9,1050,350000,2,5,0,11,295,633,0,50,0
2026-05-27,6,VaxCare Co.opmart Quang Trung,7,Vắc xin Thủy đậu (Varicella),2,2,28,4.8,980,850000,2,5,0,8,141,229,0,50,0
2026-05-27,6,VaxCare Co.opmart Quang Trung,8,Vắc xin Phế cầu (Pneumococcal),3,2,60,4.9,1360,1150000,2,5,0,12,66,378,0,50,0
2026-05-27,6,VaxCare Co.opmart Quang Trung,9,Vắc xin Viêm não Nhật Bản,2,3,28,4.8,720,450000,2,5,0,4,71,401,0,50,0
2026-05-27,6,VaxCare Co.opmart Quang Trung,10,Vắc xin Cúm mùa (Influenza),5,1,365,4.9,2180,450000,2,5,0,24,587,198,0,50,0
2026-05-27,6,VaxCare Co.opmart Quang Trung,11,Vắc xin HPV (Human Papillomavirus),2,2,180,4.9,1240,1790000,2,5,0,9,97,276,0,50,0
2026-05-27,6,VaxCare Co.opmart Quang Trung,12,Vắc xin COVID-19,3,2,180,4.7,1890,550000,2,5,0,10,235,666,0,50,0
2026-05-27,6,VaxCare Co.opmart Quang Trung,13,Vắc xin Zona (Shingrix),4,2,60,4.9,640,3200000,2,5,0,3,12,624,0,50,1
2026-05-27,7,VaxCare Oriental Plaza,1,Vắc xin BCG (Bacille Calmette–Guérin),1,1,0,4.9,860,250000,2,5,0,11,138,646,0,45,0
2026-05-27,7,VaxCare Oriental Plaza,2,Vắc xin Viêm gan B (Hepatitis B),1,3,30,4.8,1420,350000,2,5,0,12,316,566,0,45,0
2026-05-27,7,VaxCare Oriental Plaza,3,Vắc xin Bạch hầu – Ho gà – Uốn ván (DTaP/Tdap),2,5,60,4.9,1180,520000,2,5,0,15,176,474,0,45,0
2026-05-27,7,VaxCare Oriental Plaza,4,Vắc xin Bại liệt (IPV),1,4,60,4.8,930,390000,2,5,0,7,246,555,0,45,0
2026-05-27,7,VaxCare Oriental Plaza,5,Vắc xin Hib (Haemophilus influenzae type b),1,3,60,4.9,760,420000,2,5,0,6,101,568,0,45,0
2026-05-27,7,VaxCare Oriental Plaza,6,Vắc xin MMR (Sởi – Quai bị – Rubella),2,2,28,4.9,1050,350000,2,5,0,9,235,649,0,45,0
2026-05-27,7,VaxCare Oriental Plaza,7,Vắc xin Thủy đậu (Varicella),2,2,28,4.8,980,850000,2,5,0,10,122,270,0,45,0
2026-05-27,7,VaxCare Oriental Plaza,8,Vắc xin Phế cầu (Pneumococcal),3,2,60,4.9,1360,1150000,2,5,0,12,55,193,0,45,0
2026-05-27,7,VaxCare Oriental Plaza,9,Vắc xin Viêm não Nhật Bản,2,3,28,4.8,720,450000,2,5,0,7,90,471,0,45,0
2026-05-27,7,VaxCare Oriental Plaza,10,Vắc xin Cúm mùa (Influenza),5,1,365,4.9,2180,450000,2,5,0,29,458,42,1,45,0
2026-05-27,7,VaxCare Oriental Plaza,11,Vắc xin HPV (Human Papillomavirus),2,2,180,4.9,1240,1790000,2,5,0,10,148,297,0,45,0
2026-05-27,7,VaxCare Oriental Plaza,12,Vắc xin COVID-19,3,2,180,4.7,1890,550000,2,5,0,9,158,278,0,45,0
2026-05-27,7,VaxCare Oriental Plaza,13,Vắc xin Zona (Shingrix),4,2,60,4.9,640,3200000,2,5,0,5,5,335,0,45,1
2026-05-27,8,VaxCare Hóc Môn - Đông Thạnh,1,Vắc xin BCG (Bacille Calmette–Guérin),1,1,0,4.9,860,250000,2,5,0,5,173,213,0,30,0
2026-05-27,8,VaxCare Hóc Môn - Đông Thạnh,2,Vắc xin Viêm gan B (Hepatitis B),1,3,30,4.8,1420,350000,2,5,0,12,150,393,0,30,0
2026-05-27,8,VaxCare Hóc Môn - Đông Thạnh,3,Vắc xin Bạch hầu – Ho gà – Uốn ván (DTaP/Tdap),2,5,60,4.9,1180,520000,2,5,0,9,88,646,0,30,0
2026-05-27,8,VaxCare Hóc Môn - Đông Thạnh,4,Vắc xin Bại liệt (IPV),1,4,60,4.8,930,390000,2,5,0,7,170,506,0,30,0
2026-05-27,8,VaxCare Hóc Môn - Đông Thạnh,5,Vắc xin Hib (Haemophilus influenzae type b),1,3,60,4.9,760,420000,2,5,0,5,104,683,0,30,0
2026-05-27,8,VaxCare Hóc Môn - Đông Thạnh,6,Vắc xin MMR (Sởi – Quai bị – Rubella),2,2,28,4.9,1050,350000,2,5,0,6,207,470,0,30,0
2026-05-27,8,VaxCare Hóc Môn - Đông Thạnh,7,Vắc xin Thủy đậu (Varicella),2,2,28,4.8,980,850000,2,5,0,6,42,273,0,30,0
2026-05-27,8,VaxCare Hóc Môn - Đông Thạnh,8,Vắc xin Phế cầu (Pneumococcal),3,2,60,4.9,1360,1150000,2,5,0,9,11,697,0,30,1
2026-05-27,8,VaxCare Hóc Môn - Đông Thạnh,9,Vắc xin Viêm não Nhật Bản,2,3,28,4.8,720,450000,2,5,0,5,43,425,0,30,0
2026-05-27,8,VaxCare Hóc Môn - Đông Thạnh,10,Vắc xin Cúm mùa (Influenza),5,1,365,4.9,2180,450000,2,5,0,13,421,53,1,30,0
2026-05-27,8,VaxCare Hóc Môn - Đông Thạnh,11,Vắc xin HPV (Human Papillomavirus),2,2,180,4.9,1240,1790000,2,5,0,6,93,322,0,30,0
2026-05-27,8,VaxCare Hóc Môn - Đông Thạnh,12,Vắc xin COVID-19,3,2,180,4.7,1890,550000,2,5,0,12,171,553,0,30,0
2026-05-27,8,VaxCare Hóc Môn - Đông Thạnh,13,Vắc xin Zona (Shingrix),4,2,60,4.9,640,3200000,2,5,0,4,13,582,0,30,1
2026-05-27,9,VaxCare Hiệp Bình,1,Vắc xin BCG (Bacille Calmette–Guérin),1,1,0,4.9,860,250000,2,5,0,5,193,350,0,40,0
2026-05-27,9,VaxCare Hiệp Bình,2,Vắc xin Viêm gan B (Hepatitis B),1,3,30,4.8,1420,350000,2,5,0,13,339,311,0,40,0
2026-05-27,9,VaxCare Hiệp Bình,3,Vắc xin Bạch hầu – Ho gà – Uốn ván (DTaP/Tdap),2,5,60,4.9,1180,520000,2,5,0,9,196,215,0,40,0
2026-05-27,9,VaxCare Hiệp Bình,4,Vắc xin Bại liệt (IPV),1,4,60,4.8,930,390000,2,5,0,10,209,580,0,40,0
2026-05-27,9,VaxCare Hiệp Bình,5,Vắc xin Hib (Haemophilus influenzae type b),1,3,60,4.9,760,420000,2,5,0,9,210,566,0,40,0
2026-05-27,9,VaxCare Hiệp Bình,6,Vắc xin MMR (Sởi – Quai bị – Rubella),2,2,28,4.9,1050,350000,2,5,0,6,246,204,0,40,0
2026-05-27,9,VaxCare Hiệp Bình,7,Vắc xin Thủy đậu (Varicella),2,2,28,4.8,980,850000,2,5,0,9,95,393,0,40,0
2026-05-27,9,VaxCare Hiệp Bình,8,Vắc xin Phế cầu (Pneumococcal),3,2,60,4.9,1360,1150000,2,5,0,13,39,590,0,40,1
2026-05-27,9,VaxCare Hiệp Bình,9,Vắc xin Viêm não Nhật Bản,2,3,28,4.8,720,450000,2,5,0,5,151,238,0,40,0
2026-05-27,9,VaxCare Hiệp Bình,10,Vắc xin Cúm mùa (Influenza),5,1,365,4.9,2180,450000,2,5,0,28,555,111,0,40,0
2026-05-27,9,VaxCare Hiệp Bình,11,Vắc xin HPV (Human Papillomavirus),2,2,180,4.9,1240,1790000,2,5,0,7,184,385,0,40,0
2026-05-27,9,VaxCare Hiệp Bình,12,Vắc xin COVID-19,3,2,180,4.7,1890,550000,2,5,0,21,319,238,0,40,0
2026-05-27,9,VaxCare Hiệp Bình,13,Vắc xin Zona (Shingrix),4,2,60,4.9,640,3200000,2,5,0,6,80,420,0,40,0
2026-05-27,10,VaxCare Tân Định,1,Vắc xin BCG (Bacille Calmette–Guérin),1,1,0,4.9,860,250000,2,5,0,8,134,296,0,50,0
2026-05-27,10,VaxCare Tân Định,2,Vắc xin Viêm gan B (Hepatitis B),1,3,30,4.8,1420,350000,2,5,0,15,370,225,0,50,0
2026-05-27,10,VaxCare Tân Định,3,Vắc xin Bạch hầu – Ho gà – Uốn ván (DTaP/Tdap),2,5,60,4.9,1180,520000,2,5,0,16,168,465,0,50,0
2026-05-27,10,VaxCare Tân Định,4,Vắc xin Bại liệt (IPV),1,4,60,4.8,930,390000,2,5,0,5,180,231,0,50,0
2026-05-27,10,VaxCare Tân Định,5,Vắc xin Hib (Haemophilus influenzae type b),1,3,60,4.9,760,420000,2,5,0,9,203,448,0,50,0
2026-05-27,10,VaxCare Tân Định,6,Vắc xin MMR (Sởi – Quai bị – Rubella),2,2,28,4.9,1050,350000,2,5,0,16,264,614,0,50,0
2026-05-27,10,VaxCare Tân Định,7,Vắc xin Thủy đậu (Varicella),2,2,28,4.8,980,850000,2,5,0,3,54,354,0,50,0
2026-05-27,10,VaxCare Tân Định,8,Vắc xin Phế cầu (Pneumococcal),3,2,60,4.9,1360,1150000,2,5,0,16,130,264,0,50,0
2026-05-27,10,VaxCare Tân Định,9,Vắc xin Viêm não Nhật Bản,2,3,28,4.8,720,450000,2,5,0,9,108,619,0,50,0
2026-05-27,10,VaxCare Tân Định,10,Vắc xin Cúm mùa (Influenza),5,1,365,4.9,2180,450000,2,5,0,24,527,176,0,50,0
2026-05-27,10,VaxCare Tân Định,11,Vắc xin HPV (Human Papillomavirus),2,2,180,4.9,1240,1790000,2,5,0,11,111,442,0,50,0
2026-05-27,10,VaxCare Tân Định,12,Vắc xin COVID-19,3,2,180,4.7,1890,550000,2,5,0,22,371,405,0,50,0
2026-05-27,10,VaxCare Tân Định,13,Vắc xin Zona (Shingrix),4,2,60,4.9,640,3200000,2,5,0,5,50,537,0,50,0
2026-05-27,11,VaxCare An Lạc,1,Vắc xin BCG (Bacille Calmette–Guérin),1,1,0,4.9,860,250000,2,5,0,11,239,430,0,40,0
2026-05-27,11,VaxCare An Lạc,2,Vắc xin Viêm gan B (Hepatitis B),1,3,30,4.8,1420,350000,2,5,0,14,166,387,0,40,0
2026-05-27,11,VaxCare An Lạc,3,Vắc xin Bạch hầu – Ho gà – Uốn ván (DTaP/Tdap),2,5,60,4.9,1180,520000,2,5,0,12,157,276,0,40,0
2026-05-27,11,VaxCare An Lạc,4,Vắc xin Bại liệt (IPV),1,4,60,4.8,930,390000,2,5,0,7,243,495,0,40,0
2026-05-27,11,VaxCare An Lạc,5,Vắc xin Hib (Haemophilus influenzae type b),1,3,60,4.9,760,420000,2,5,0,3,88,418,0,40,0
2026-05-27,11,VaxCare An Lạc,6,Vắc xin MMR (Sởi – Quai bị – Rubella),2,2,28,4.9,1050,350000,2,5,0,7,197,544,0,40,0
2026-05-27,11,VaxCare An Lạc,7,Vắc xin Thủy đậu (Varicella),2,2,28,4.8,980,850000,2,5,0,12,158,677,0,40,0
2026-05-27,11,VaxCare An Lạc,8,Vắc xin Phế cầu (Pneumococcal),3,2,60,4.9,1360,1150000,2,5,0,13,108,687,0,40,0
2026-05-27,11,VaxCare An Lạc,9,Vắc xin Viêm não Nhật Bản,2,3,28,4.8,720,450000,2,5,0,6,116,401,0,40,0
2026-05-27,11,VaxCare An Lạc,10,Vắc xin Cúm mùa (Influenza),5,1,365,4.9,2180,450000,2,5,0,25,440,169,0,40,0
2026-05-27,11,VaxCare An Lạc,11,Vắc xin HPV (Human Papillomavirus),2,2,180,4.9,1240,1790000,2,5,0,10,112,269,0,40,0
2026-05-27,11,VaxCare An Lạc,12,Vắc xin COVID-19,3,2,180,4.7,1890,550000,2,5,0,7,251,345,0,40,0
2026-05-27,11,VaxCare An Lạc,13,Vắc xin Zona (Shingrix),4,2,60,4.9,640,3200000,2,5,0,5,5,342,0,40,1
2026-05-27,12,VaxCare Phú Thuận,1,Vắc xin BCG (Bacille Calmette–Guérin),1,1,0,4.9,860,250000,2,5,0,5,119,634,0,35,0
2026-05-27,12,VaxCare Phú Thuận,2,Vắc xin Viêm gan B (Hepatitis B),1,3,30,4.8,1420,350000,2,5,0,12,333,379,0,35,0
2026-05-27,12,VaxCare Phú Thuận,3,Vắc xin Bạch hầu – Ho gà – Uốn ván (DTaP/Tdap),2,5,60,4.9,1180,520000,2,5,0,9,112,584,0,35,0
2026-05-27,12,VaxCare Phú Thuận,4,Vắc xin Bại liệt (IPV),1,4,60,4.8,930,390000,2,5,0,9,223,371,0,35,0
2026-05-27,12,VaxCare Phú Thuận,5,Vắc xin Hib (Haemophilus influenzae type b),1,3,60,4.9,760,420000,2,5,0,7,203,478,0,35,0
2026-05-27,12,VaxCare Phú Thuận,6,Vắc xin MMR (Sởi – Quai bị – Rubella),2,2,28,4.9,1050,350000,2,5,0,3,266,505,0,35,0
2026-05-27,12,VaxCare Phú Thuận,7,Vắc xin Thủy đậu (Varicella),2,2,28,4.8,980,850000,2,5,0,11,143,511,0,35,0
2026-05-27,12,VaxCare Phú Thuận,8,Vắc xin Phế cầu (Pneumococcal),3,2,60,4.9,1360,1150000,2,5,0,11,24,656,0,35,1
2026-05-27,12,VaxCare Phú Thuận,9,Vắc xin Viêm não Nhật Bản,2,3,28,4.8,720,450000,2,5,0,8,65,687,0,35,0
2026-05-27,12,VaxCare Phú Thuận,10,Vắc xin Cúm mùa (Influenza),5,1,365,4.9,2180,450000,2,5,0,21,463,78,1,35,0
2026-05-27,12,VaxCare Phú Thuận,11,Vắc xin HPV (Human Papillomavirus),2,2,180,4.9,1240,1790000,2,5,0,9,170,205,0,35,0
2026-05-27,12,VaxCare Phú Thuận,12,Vắc xin COVID-19,3,2,180,4.7,1890,550000,2,5,0,9,266,477,0,35,0
2026-05-27,12,VaxCare Phú Thuận,13,Vắc xin Zona (Shingrix),4,2,60,4.9,640,3200000,2,5,0,4,4,576,0,35,1
2026-05-28,1,VaxCare Phú Nhuận,1,Vắc xin BCG (Bacille Calmette–Guérin),1,1,0,4.9,860,250000,3,5,0,9,224,251,0,50,0
2026-05-28,1,VaxCare Phú Nhuận,2,Vắc xin Viêm gan B (Hepatitis B),1,3,30,4.8,1420,350000,3,5,0,18,441,540,0,50,0
2026-05-28,1,VaxCare Phú Nhuận,3,Vắc xin Bạch hầu – Ho gà – Uốn ván (DTaP/Tdap),2,5,60,4.9,1180,520000,3,5,0,11,241,275,0,50,0
2026-05-28,1,VaxCare Phú Nhuận,4,Vắc xin Bại liệt (IPV),1,4,60,4.8,930,390000,3,5,0,9,172,296,0,50,0
2026-05-28,1,VaxCare Phú Nhuận,5,Vắc xin Hib (Haemophilus influenzae type b),1,3,60,4.9,760,420000,3,5,0,6,216,618,0,50,0
2026-05-28,1,VaxCare Phú Nhuận,6,Vắc xin MMR (Sởi – Quai bị – Rubella),2,2,28,4.9,1050,350000,3,5,0,13,191,224,0,50,0
2026-05-28,1,VaxCare Phú Nhuận,7,Vắc xin Thủy đậu (Varicella),2,2,28,4.8,980,850000,3,5,0,9,94,456,0,50,0
2026-05-28,1,VaxCare Phú Nhuận,8,Vắc xin Phế cầu (Pneumococcal),3,2,60,4.9,1360,1150000,3,5,0,10,107,637,0,50,0
2026-05-28,1,VaxCare Phú Nhuận,9,Vắc xin Viêm não Nhật Bản,2,3,28,4.8,720,450000,3,5,0,7,77,654,0,50,0
2026-05-28,1,VaxCare Phú Nhuận,10,Vắc xin Cúm mùa (Influenza),5,1,365,4.9,2180,450000,3,5,0,18,688,34,1,50,0
2026-05-28,1,VaxCare Phú Nhuận,11,Vắc xin HPV (Human Papillomavirus),2,2,180,4.9,1240,1790000,3,5,0,8,189,306,0,50,0
2026-05-28,1,VaxCare Phú Nhuận,12,Vắc xin COVID-19,3,2,180,4.7,1890,550000,3,5,0,9,229,193,0,50,0
2026-05-28,1,VaxCare Phú Nhuận,13,Vắc xin Zona (Shingrix),4,2,60,4.9,640,3200000,3,5,0,4,4,216,0,50,1
2026-05-28,2,VaxCare Thủ Đức - Bình Chiểu,1,Vắc xin BCG (Bacille Calmette–Guérin),1,1,0,4.9,860,250000,3,5,0,8,212,203,0,40,0
2026-05-28,2,VaxCare Thủ Đức - Bình Chiểu,2,Vắc xin Viêm gan B (Hepatitis B),1,3,30,4.8,1420,350000,3,5,0,8,246,365,0,40,0
2026-05-28,2,VaxCare Thủ Đức - Bình Chiểu,3,Vắc xin Bạch hầu – Ho gà – Uốn ván (DTaP/Tdap),2,5,60,4.9,1180,520000,3,5,0,9,143,395,0,40,0
2026-05-28,2,VaxCare Thủ Đức - Bình Chiểu,4,Vắc xin Bại liệt (IPV),1,4,60,4.8,930,390000,3,5,0,10,262,352,0,40,0
2026-05-28,2,VaxCare Thủ Đức - Bình Chiểu,5,Vắc xin Hib (Haemophilus influenzae type b),1,3,60,4.9,760,420000,3,5,0,9,249,690,0,40,0
2026-05-28,2,VaxCare Thủ Đức - Bình Chiểu,6,Vắc xin MMR (Sởi – Quai bị – Rubella),2,2,28,4.9,1050,350000,3,5,0,11,279,447,0,40,0
2026-05-28,2,VaxCare Thủ Đức - Bình Chiểu,7,Vắc xin Thủy đậu (Varicella),2,2,28,4.8,980,850000,3,5,0,10,95,613,0,40,0
2026-05-28,2,VaxCare Thủ Đức - Bình Chiểu,8,Vắc xin Phế cầu (Pneumococcal),3,2,60,4.9,1360,1150000,3,5,0,11,11,424,0,40,1
2026-05-28,2,VaxCare Thủ Đức - Bình Chiểu,9,Vắc xin Viêm não Nhật Bản,2,3,28,4.8,720,450000,3,5,0,5,66,514,0,40,0
2026-05-28,2,VaxCare Thủ Đức - Bình Chiểu,10,Vắc xin Cúm mùa (Influenza),5,1,365,4.9,2180,450000,3,5,0,26,500,194,0,40,0
2026-05-28,2,VaxCare Thủ Đức - Bình Chiểu,11,Vắc xin HPV (Human Papillomavirus),2,2,180,4.9,1240,1790000,3,5,0,10,143,556,0,40,0
2026-05-28,2,VaxCare Thủ Đức - Bình Chiểu,12,Vắc xin COVID-19,3,2,180,4.7,1890,550000,3,5,0,14,258,230,0,40,0
2026-05-28,2,VaxCare Thủ Đức - Bình Chiểu,13,Vắc xin Zona (Shingrix),4,2,60,4.9,640,3200000,3,5,0,4,8,393,0,40,1
2026-05-28,3,VaxCare Nowzone,1,Vắc xin BCG (Bacille Calmette–Guérin),1,1,0,4.9,860,250000,3,5,0,10,192,561,0,60,0
2026-05-28,3,VaxCare Nowzone,2,Vắc xin Viêm gan B (Hepatitis B),1,3,30,4.8,1420,350000,3,5,0,20,275,247,0,60,0
2026-05-28,3,VaxCare Nowzone,3,Vắc xin Bạch hầu – Ho gà – Uốn ván (DTaP/Tdap),2,5,60,4.9,1180,520000,3,5,0,12,133,608,0,60,0
2026-05-28,3,VaxCare Nowzone,4,Vắc xin Bại liệt (IPV),1,4,60,4.8,930,390000,3,5,0,3,221,454,0,60,0
2026-05-28,3,VaxCare Nowzone,5,Vắc xin Hib (Haemophilus influenzae type b),1,3,60,4.9,760,420000,3,5,0,9,177,414,0,60,0
2026-05-28,3,VaxCare Nowzone,6,Vắc xin MMR (Sởi – Quai bị – Rubella),2,2,28,4.9,1050,350000,3,5,0,9,287,619,0,60,0
2026-05-28,3,VaxCare Nowzone,7,Vắc xin Thủy đậu (Varicella),2,2,28,4.8,980,850000,3,5,0,11,102,401,0,60,0
2026-05-28,3,VaxCare Nowzone,8,Vắc xin Phế cầu (Pneumococcal),3,2,60,4.9,1360,1150000,3,5,0,14,35,500,0,60,1
2026-05-28,3,VaxCare Nowzone,9,Vắc xin Viêm não Nhật Bản,2,3,28,4.8,720,450000,3,5,0,10,143,651,0,60,0
2026-05-28,3,VaxCare Nowzone,10,Vắc xin Cúm mùa (Influenza),5,1,365,4.9,2180,450000,3,5,0,23,460,160,0,60,0
2026-05-28,3,VaxCare Nowzone,11,Vắc xin HPV (Human Papillomavirus),2,2,180,4.9,1240,1790000,3,5,0,12,182,342,0,60,0
2026-05-28,3,VaxCare Nowzone,12,Vắc xin COVID-19,3,2,180,4.7,1890,550000,3,5,0,21,303,403,0,60,0
2026-05-28,3,VaxCare Nowzone,13,Vắc xin Zona (Shingrix),4,2,60,4.9,640,3200000,3,5,0,6,27,429,0,60,1
2026-05-28,4,VaxCare Củ Chi - Bình Mỹ,1,Vắc xin BCG (Bacille Calmette–Guérin),1,1,0,4.9,860,250000,3,5,0,1,136,525,0,30,0
2026-05-28,4,VaxCare Củ Chi - Bình Mỹ,2,Vắc xin Viêm gan B (Hepatitis B),1,3,30,4.8,1420,350000,3,5,0,9,289,204,0,30,0
2026-05-28,4,VaxCare Củ Chi - Bình Mỹ,3,Vắc xin Bạch hầu – Ho gà – Uốn ván (DTaP/Tdap),2,5,60,4.9,1180,520000,3,5,0,8,120,241,0,30,0
2026-05-28,4,VaxCare Củ Chi - Bình Mỹ,4,Vắc xin Bại liệt (IPV),1,4,60,4.8,930,390000,3,5,0,7,164,359,0,30,0
2026-05-28,4,VaxCare Củ Chi - Bình Mỹ,5,Vắc xin Hib (Haemophilus influenzae type b),1,3,60,4.9,760,420000,3,5,0,4,71,349,0,30,0
2026-05-28,4,VaxCare Củ Chi - Bình Mỹ,6,Vắc xin MMR (Sởi – Quai bị – Rubella),2,2,28,4.9,1050,350000,3,5,0,8,214,648,0,30,0
2026-05-28,4,VaxCare Củ Chi - Bình Mỹ,7,Vắc xin Thủy đậu (Varicella),2,2,28,4.8,980,850000,3,5,0,7,78,380,0,30,0
2026-05-28,4,VaxCare Củ Chi - Bình Mỹ,8,Vắc xin Phế cầu (Pneumococcal),3,2,60,4.9,1360,1150000,3,5,0,7,7,412,0,30,1
2026-05-28,4,VaxCare Củ Chi - Bình Mỹ,9,Vắc xin Viêm não Nhật Bản,2,3,28,4.8,720,450000,3,5,0,4,34,502,0,30,0
2026-05-28,4,VaxCare Củ Chi - Bình Mỹ,10,Vắc xin Cúm mùa (Influenza),5,1,365,4.9,2180,450000,3,5,0,18,277,190,0,30,0
2026-05-28,4,VaxCare Củ Chi - Bình Mỹ,11,Vắc xin HPV (Human Papillomavirus),2,2,180,4.9,1240,1790000,3,5,0,7,158,209,0,30,0
2026-05-28,4,VaxCare Củ Chi - Bình Mỹ,12,Vắc xin COVID-19,3,2,180,4.7,1890,550000,3,5,0,14,135,539,0,30,0
2026-05-28,4,VaxCare Củ Chi - Bình Mỹ,13,Vắc xin Zona (Shingrix),4,2,60,4.9,640,3200000,3,5,0,2,50,315,0,30,0
2026-05-28,5,VaxCare Trung Mỹ Tây,1,Vắc xin BCG (Bacille Calmette–Guérin),1,1,0,4.9,860,250000,3,5,0,14,254,531,0,40,0
2026-05-28,5,VaxCare Trung Mỹ Tây,2,Vắc xin Viêm gan B (Hepatitis B),1,3,30,4.8,1420,350000,3,5,0,6,221,276,0,40,0
2026-05-28,5,VaxCare Trung Mỹ Tây,3,Vắc xin Bạch hầu – Ho gà – Uốn ván (DTaP/Tdap),2,5,60,4.9,1180,520000,3,5,0,13,127,246,0,40,0
2026-05-28,5,VaxCare Trung Mỹ Tây,4,Vắc xin Bại liệt (IPV),1,4,60,4.8,930,390000,3,5,0,7,108,451,0,40,0
2026-05-28,5,VaxCare Trung Mỹ Tây,5,Vắc xin Hib (Haemophilus influenzae type b),1,3,60,4.9,760,420000,3,5,0,12,192,683,0,40,0
2026-05-28,5,VaxCare Trung Mỹ Tây,6,Vắc xin MMR (Sởi – Quai bị – Rubella),2,2,28,4.9,1050,350000,3,5,0,11,224,260,0,40,0
2026-05-28,5,VaxCare Trung Mỹ Tây,7,Vắc xin Thủy đậu (Varicella),2,2,28,4.8,980,850000,3,5,0,10,160,325,0,40,0
2026-05-28,5,VaxCare Trung Mỹ Tây,8,Vắc xin Phế cầu (Pneumococcal),3,2,60,4.9,1360,1150000,3,5,0,12,45,209,0,40,0
2026-05-28,5,VaxCare Trung Mỹ Tây,9,Vắc xin Viêm não Nhật Bản,2,3,28,4.8,720,450000,3,5,0,3,92,546,0,40,0
2026-05-28,5,VaxCare Trung Mỹ Tây,10,Vắc xin Cúm mùa (Influenza),5,1,365,4.9,2180,450000,3,5,0,22,323,68,1,40,0
2026-05-28,5,VaxCare Trung Mỹ Tây,11,Vắc xin HPV (Human Papillomavirus),2,2,180,4.9,1240,1790000,3,5,0,10,90,532,0,40,0
2026-05-28,5,VaxCare Trung Mỹ Tây,12,Vắc xin COVID-19,3,2,180,4.7,1890,550000,3,5,0,21,230,552,0,40,0
2026-05-28,5,VaxCare Trung Mỹ Tây,13,Vắc xin Zona (Shingrix),4,2,60,4.9,640,3200000,3,5,0,6,46,538,0,40,0
2026-05-28,6,VaxCare Co.opmart Quang Trung,1,Vắc xin BCG (Bacille Calmette–Guérin),1,1,0,4.9,860,250000,3,5,0,9,152,445,0,50,0
2026-05-28,6,VaxCare Co.opmart Quang Trung,2,Vắc xin Viêm gan B (Hepatitis B),1,3,30,4.8,1420,350000,3,5,0,16,255,262,0,50,0
2026-05-28,6,VaxCare Co.opmart Quang Trung,3,Vắc xin Bạch hầu – Ho gà – Uốn ván (DTaP/Tdap),2,5,60,4.9,1180,520000,3,5,0,9,152,260,0,50,0
2026-05-28,6,VaxCare Co.opmart Quang Trung,4,Vắc xin Bại liệt (IPV),1,4,60,4.8,930,390000,3,5,0,5,167,546,0,50,0
2026-05-28,6,VaxCare Co.opmart Quang Trung,5,Vắc xin Hib (Haemophilus influenzae type b),1,3,60,4.9,760,420000,3,5,0,6,160,644,0,50,0
2026-05-28,6,VaxCare Co.opmart Quang Trung,6,Vắc xin MMR (Sởi – Quai bị – Rubella),2,2,28,4.9,1050,350000,3,5,0,8,206,665,0,50,0
2026-05-28,6,VaxCare Co.opmart Quang Trung,7,Vắc xin Thủy đậu (Varicella),2,2,28,4.8,980,850000,3,5,0,7,123,646,0,50,0
2026-05-28,6,VaxCare Co.opmart Quang Trung,8,Vắc xin Phế cầu (Pneumococcal),3,2,60,4.9,1360,1150000,3,5,0,8,8,574,0,50,1
2026-05-28,6,VaxCare Co.opmart Quang Trung,9,Vắc xin Viêm não Nhật Bản,2,3,28,4.8,720,450000,3,5,0,5,69,505,0,50,0
2026-05-28,6,VaxCare Co.opmart Quang Trung,10,Vắc xin Cúm mùa (Influenza),5,1,365,4.9,2180,450000,3,5,0,18,520,72,1,50,0
2026-05-28,6,VaxCare Co.opmart Quang Trung,11,Vắc xin HPV (Human Papillomavirus),2,2,180,4.9,1240,1790000,3,5,0,7,134,357,0,50,0
2026-05-28,6,VaxCare Co.opmart Quang Trung,12,Vắc xin COVID-19,3,2,180,4.7,1890,550000,3,5,0,34,325,443,0,50,0
2026-05-28,6,VaxCare Co.opmart Quang Trung,13,Vắc xin Zona (Shingrix),4,2,60,4.9,640,3200000,3,5,0,3,3,343,0,50,1
2026-05-28,7,VaxCare Oriental Plaza,1,Vắc xin BCG (Bacille Calmette–Guérin),1,1,0,4.9,860,250000,3,5,0,9,176,419,0,45,0
2026-05-28,7,VaxCare Oriental Plaza,2,Vắc xin Viêm gan B (Hepatitis B),1,3,30,4.8,1420,350000,3,5,0,12,168,200,0,45,0
2026-05-28,7,VaxCare Oriental Plaza,3,Vắc xin Bạch hầu – Ho gà – Uốn ván (DTaP/Tdap),2,5,60,4.9,1180,520000,3,5,0,12,217,524,0,45,0
2026-05-28,7,VaxCare Oriental Plaza,4,Vắc xin Bại liệt (IPV),1,4,60,4.8,930,390000,3,5,0,8,208,685,0,45,0
2026-05-28,7,VaxCare Oriental Plaza,5,Vắc xin Hib (Haemophilus influenzae type b),1,3,60,4.9,760,420000,3,5,0,8,185,213,0,45,0
2026-05-28,7,VaxCare Oriental Plaza,6,Vắc xin MMR (Sởi – Quai bị – Rubella),2,2,28,4.9,1050,350000,3,5,0,9,262,608,0,45,0
2026-05-28,7,VaxCare Oriental Plaza,7,Vắc xin Thủy đậu (Varicella),2,2,28,4.8,980,850000,3,5,0,9,135,400,0,45,0
2026-05-28,7,VaxCare Oriental Plaza,8,Vắc xin Phế cầu (Pneumococcal),3,2,60,4.9,1360,1150000,3,5,0,6,80,219,0,45,0
2026-05-28,7,VaxCare Oriental Plaza,9,Vắc xin Viêm não Nhật Bản,2,3,28,4.8,720,450000,3,5,0,5,57,478,0,45,0
2026-05-28,7,VaxCare Oriental Plaza,10,Vắc xin Cúm mùa (Influenza),5,1,365,4.9,2180,450000,3,5,0,10,519,124,0,45,0
2026-05-28,7,VaxCare Oriental Plaza,11,Vắc xin HPV (Human Papillomavirus),2,2,180,4.9,1240,1790000,3,5,0,12,156,484,0,45,0
2026-05-28,7,VaxCare Oriental Plaza,12,Vắc xin COVID-19,3,2,180,4.7,1890,550000,3,5,0,24,241,359,0,45,0
2026-05-28,7,VaxCare Oriental Plaza,13,Vắc xin Zona (Shingrix),4,2,60,4.9,640,3200000,3,5,0,5,42,432,0,45,1
2026-05-28,8,VaxCare Hóc Môn - Đông Thạnh,1,Vắc xin BCG (Bacille Calmette–Guérin),1,1,0,4.9,860,250000,3,5,0,8,72,559,0,30,0
2026-05-28,8,VaxCare Hóc Môn - Đông Thạnh,2,Vắc xin Viêm gan B (Hepatitis B),1,3,30,4.8,1420,350000,3,5,0,8,148,245,0,30,0
2026-05-28,8,VaxCare Hóc Môn - Đông Thạnh,3,Vắc xin Bạch hầu – Ho gà – Uốn ván (DTaP/Tdap),2,5,60,4.9,1180,520000,3,5,0,11,66,204,0,30,0
2026-05-28,8,VaxCare Hóc Môn - Đông Thạnh,4,Vắc xin Bại liệt (IPV),1,4,60,4.8,930,390000,3,5,0,7,131,267,0,30,0
2026-05-28,8,VaxCare Hóc Môn - Đông Thạnh,5,Vắc xin Hib (Haemophilus influenzae type b),1,3,60,4.9,760,420000,3,5,0,5,130,486,0,30,0
2026-05-28,8,VaxCare Hóc Môn - Đông Thạnh,6,Vắc xin MMR (Sởi – Quai bị – Rubella),2,2,28,4.9,1050,350000,3,5,0,9,116,266,0,30,0
2026-05-28,8,VaxCare Hóc Môn - Đông Thạnh,7,Vắc xin Thủy đậu (Varicella),2,2,28,4.8,980,850000,3,5,0,8,114,675,0,30,0
2026-05-28,8,VaxCare Hóc Môn - Đông Thạnh,8,Vắc xin Phế cầu (Pneumococcal),3,2,60,4.9,1360,1150000,3,5,0,5,78,196,0,30,0
2026-05-28,8,VaxCare Hóc Môn - Đông Thạnh,9,Vắc xin Viêm não Nhật Bản,2,3,28,4.8,720,450000,3,5,0,6,105,658,0,30,0
2026-05-28,8,VaxCare Hóc Môn - Đông Thạnh,10,Vắc xin Cúm mùa (Influenza),5,1,365,4.9,2180,450000,3,5,0,15,319,116,0,30,0
2026-05-28,8,VaxCare Hóc Môn - Đông Thạnh,11,Vắc xin HPV (Human Papillomavirus),2,2,180,4.9,1240,1790000,3,5,0,7,65,345,0,30,0
2026-05-28,8,VaxCare Hóc Môn - Đông Thạnh,12,Vắc xin COVID-19,3,2,180,4.7,1890,550000,3,5,0,11,125,265,0,30,0
2026-05-28,8,VaxCare Hóc Môn - Đông Thạnh,13,Vắc xin Zona (Shingrix),4,2,60,4.9,640,3200000,3,5,0,2,2,339,0,30,1
2026-05-28,9,VaxCare Hiệp Bình,1,Vắc xin BCG (Bacille Calmette–Guérin),1,1,0,4.9,860,250000,3,5,0,6,165,257,0,40,0
2026-05-28,9,VaxCare Hiệp Bình,2,Vắc xin Viêm gan B (Hepatitis B),1,3,30,4.8,1420,350000,3,5,0,12,286,651,0,40,0
2026-05-28,9,VaxCare Hiệp Bình,3,Vắc xin Bạch hầu – Ho gà – Uốn ván (DTaP/Tdap),2,5,60,4.9,1180,520000,3,5,0,12,109,207,0,40,0
2026-05-28,9,VaxCare Hiệp Bình,4,Vắc xin Bại liệt (IPV),1,4,60,4.8,930,390000,3,5,0,9,130,181,0,40,0
2026-05-28,9,VaxCare Hiệp Bình,5,Vắc xin Hib (Haemophilus influenzae type b),1,3,60,4.9,760,420000,3,5,0,7,135,262,0,40,0
2026-05-28,9,VaxCare Hiệp Bình,6,Vắc xin MMR (Sởi – Quai bị – Rubella),2,2,28,4.9,1050,350000,3,5,0,12,212,440,0,40,0
2026-05-28,9,VaxCare Hiệp Bình,7,Vắc xin Thủy đậu (Varicella),2,2,28,4.8,980,850000,3,5,0,8,117,361,0,40,0
2026-05-28,9,VaxCare Hiệp Bình,8,Vắc xin Phế cầu (Pneumococcal),3,2,60,4.9,1360,1150000,3,5,0,16,16,429,0,40,1
2026-05-28,9,VaxCare Hiệp Bình,9,Vắc xin Viêm não Nhật Bản,2,3,28,4.8,720,450000,3,5,0,7,133,497,0,40,0
2026-05-28,9,VaxCare Hiệp Bình,10,Vắc xin Cúm mùa (Influenza),5,1,365,4.9,2180,450000,3,5,0,14,517,182,0,40,0
2026-05-28,9,VaxCare Hiệp Bình,11,Vắc xin HPV (Human Papillomavirus),2,2,180,4.9,1240,1790000,3,5,0,6,78,586,0,40,0
2026-05-28,9,VaxCare Hiệp Bình,12,Vắc xin COVID-19,3,2,180,4.7,1890,550000,3,5,0,20,212,188,0,40,0
2026-05-28,9,VaxCare Hiệp Bình,13,Vắc xin Zona (Shingrix),4,2,60,4.9,640,3200000,3,5,0,4,41,597,0,40,0
2026-05-28,10,VaxCare Tân Định,1,Vắc xin BCG (Bacille Calmette–Guérin),1,1,0,4.9,860,250000,3,5,0,7,223,536,0,50,0
2026-05-28,10,VaxCare Tân Định,2,Vắc xin Viêm gan B (Hepatitis B),1,3,30,4.8,1420,350000,3,5,0,15,338,329,0,50,0
2026-05-28,10,VaxCare Tân Định,3,Vắc xin Bạch hầu – Ho gà – Uốn ván (DTaP/Tdap),2,5,60,4.9,1180,520000,3,5,0,11,128,697,0,50,0
2026-05-28,10,VaxCare Tân Định,4,Vắc xin Bại liệt (IPV),1,4,60,4.8,930,390000,3,5,0,9,199,315,0,50,0
2026-05-28,10,VaxCare Tân Định,5,Vắc xin Hib (Haemophilus influenzae type b),1,3,60,4.9,760,420000,3,5,0,11,208,501,0,50,0
2026-05-28,10,VaxCare Tân Định,6,Vắc xin MMR (Sởi – Quai bị – Rubella),2,2,28,4.9,1050,350000,3,5,0,14,212,564,0,50,0
2026-05-28,10,VaxCare Tân Định,7,Vắc xin Thủy đậu (Varicella),2,2,28,4.8,980,850000,3,5,0,12,69,332,0,50,0
2026-05-28,10,VaxCare Tân Định,8,Vắc xin Phế cầu (Pneumococcal),3,2,60,4.9,1360,1150000,3,5,0,18,70,353,0,50,0
2026-05-28,10,VaxCare Tân Định,9,Vắc xin Viêm não Nhật Bản,2,3,28,4.8,720,450000,3,5,0,8,109,212,0,50,0
2026-05-28,10,VaxCare Tân Định,10,Vắc xin Cúm mùa (Influenza),5,1,365,4.9,2180,450000,3,5,0,26,623,49,1,50,0
2026-05-28,10,VaxCare Tân Định,11,Vắc xin HPV (Human Papillomavirus),2,2,180,4.9,1240,1790000,3,5,0,11,162,304,0,50,0
2026-05-28,10,VaxCare Tân Định,12,Vắc xin COVID-19,3,2,180,4.7,1890,550000,3,5,0,28,278,605,0,50,0
2026-05-28,10,VaxCare Tân Định,13,Vắc xin Zona (Shingrix),4,2,60,4.9,640,3200000,3,5,0,6,70,268,0,50,0
2026-05-28,11,VaxCare An Lạc,1,Vắc xin BCG (Bacille Calmette–Guérin),1,1,0,4.9,860,250000,3,5,0,7,166,569,0,40,0
2026-05-28,11,VaxCare An Lạc,2,Vắc xin Viêm gan B (Hepatitis B),1,3,30,4.8,1420,350000,3,5,0,10,272,493,0,40,0
2026-05-28,11,VaxCare An Lạc,3,Vắc xin Bạch hầu – Ho gà – Uốn ván (DTaP/Tdap),2,5,60,4.9,1180,520000,3,5,0,8,144,368,0,40,0
2026-05-28,11,VaxCare An Lạc,4,Vắc xin Bại liệt (IPV),1,4,60,4.8,930,390000,3,5,0,9,170,312,0,40,0
2026-05-28,11,VaxCare An Lạc,5,Vắc xin Hib (Haemophilus influenzae type b),1,3,60,4.9,760,420000,3,5,0,5,165,231,0,40,0
2026-05-28,11,VaxCare An Lạc,6,Vắc xin MMR (Sởi – Quai bị – Rubella),2,2,28,4.9,1050,350000,3,5,0,11,335,296,0,40,0
2026-05-28,11,VaxCare An Lạc,7,Vắc xin Thủy đậu (Varicella),2,2,28,4.8,980,850000,3,5,0,4,92,553,0,40,0
2026-05-28,11,VaxCare An Lạc,8,Vắc xin Phế cầu (Pneumococcal),3,2,60,4.9,1360,1150000,3,5,0,16,141,508,0,40,0
2026-05-28,11,VaxCare An Lạc,9,Vắc xin Viêm não Nhật Bản,2,3,28,4.8,720,450000,3,5,0,5,82,186,0,40,0
2026-05-28,11,VaxCare An Lạc,10,Vắc xin Cúm mùa (Influenza),5,1,365,4.9,2180,450000,3,5,0,16,508,58,1,40,0
2026-05-28,11,VaxCare An Lạc,11,Vắc xin HPV (Human Papillomavirus),2,2,180,4.9,1240,1790000,3,5,0,8,215,451,0,40,0
2026-05-28,11,VaxCare An Lạc,12,Vắc xin COVID-19,3,2,180,4.7,1890,550000,3,5,0,27,273,445,0,40,0
2026-05-28,11,VaxCare An Lạc,13,Vắc xin Zona (Shingrix),4,2,60,4.9,640,3200000,3,5,0,4,9,663,0,40,1
2026-05-28,12,VaxCare Phú Thuận,1,Vắc xin BCG (Bacille Calmette–Guérin),1,1,0,4.9,860,250000,3,5,0,6,108,526,0,35,0
2026-05-28,12,VaxCare Phú Thuận,2,Vắc xin Viêm gan B (Hepatitis B),1,3,30,4.8,1420,350000,3,5,0,14,313,370,0,35,0
2026-05-28,12,VaxCare Phú Thuận,3,Vắc xin Bạch hầu – Ho gà – Uốn ván (DTaP/Tdap),2,5,60,4.9,1180,520000,3,5,0,11,110,421,0,35,0
2026-05-28,12,VaxCare Phú Thuận,4,Vắc xin Bại liệt (IPV),1,4,60,4.8,930,390000,3,5,0,10,228,693,0,35,0
2026-05-28,12,VaxCare Phú Thuận,5,Vắc xin Hib (Haemophilus influenzae type b),1,3,60,4.9,760,420000,3,5,0,5,170,426,0,35,0
2026-05-28,12,VaxCare Phú Thuận,6,Vắc xin MMR (Sởi – Quai bị – Rubella),2,2,28,4.9,1050,350000,3,5,0,12,189,317,0,35,0
2026-05-28,12,VaxCare Phú Thuận,7,Vắc xin Thủy đậu (Varicella),2,2,28,4.8,980,850000,3,5,0,9,96,631,0,35,0
2026-05-28,12,VaxCare Phú Thuận,8,Vắc xin Phế cầu (Pneumococcal),3,2,60,4.9,1360,1150000,3,5,0,15,109,552,0,35,0
2026-05-28,12,VaxCare Phú Thuận,9,Vắc xin Viêm não Nhật Bản,2,3,28,4.8,720,450000,3,5,0,6,44,380,0,35,0
2026-05-28,12,VaxCare Phú Thuận,10,Vắc xin Cúm mùa (Influenza),5,1,365,4.9,2180,450000,3,5,0,20,430,103,0,35,0
2026-05-28,12,VaxCare Phú Thuận,11,Vắc xin HPV (Human Papillomavirus),2,2,180,4.9,1240,1790000,3,5,0,9,196,323,0,35,0
2026-05-28,12,VaxCare Phú Thuận,12,Vắc xin COVID-19,3,2,180,4.7,1890,550000,3,5,0,26,196,569,0,35,0
2026-05-28,12,VaxCare Phú Thuận,13,Vắc xin Zona (Shingrix),4,2,60,4.9,640,3200000,3,5,0,5,27,580,0,35,1
2026-05-29,1,VaxCare Phú Nhuận,1,Vắc xin BCG (Bacille Calmette–Guérin),1,1,0,4.9,860,250000,4,5,0,8,299,614,0,50,0
2026-05-29,1,VaxCare Phú Nhuận,2,Vắc xin Viêm gan B (Hepatitis B),1,3,30,4.8,1420,350000,4,5,0,25,275,483,0,50,0
2026-05-29,1,VaxCare Phú Nhuận,3,Vắc xin Bạch hầu – Ho gà – Uốn ván (DTaP/Tdap),2,5,60,4.9,1180,520000,4,5,0,11,282,648,0,50,0
2026-05-29,1,VaxCare Phú Nhuận,4,Vắc xin Bại liệt (IPV),1,4,60,4.8,930,390000,4,5,0,9,256,485,0,50,0
2026-05-29,1,VaxCare Phú Nhuận,5,Vắc xin Hib (Haemophilus influenzae type b),1,3,60,4.9,760,420000,4,5,0,10,186,370,0,50,0
2026-05-29,1,VaxCare Phú Nhuận,6,Vắc xin MMR (Sởi – Quai bị – Rubella),2,2,28,4.9,1050,350000,4,5,0,11,237,586,0,50,0
2026-05-29,1,VaxCare Phú Nhuận,7,Vắc xin Thủy đậu (Varicella),2,2,28,4.8,980,850000,4,5,0,7,121,605,0,50,0
2026-05-29,1,VaxCare Phú Nhuận,8,Vắc xin Phế cầu (Pneumococcal),3,2,60,4.9,1360,1150000,4,5,0,16,104,577,0,50,0
2026-05-29,1,VaxCare Phú Nhuận,9,Vắc xin Viêm não Nhật Bản,2,3,28,4.8,720,450000,4,5,0,11,61,674,0,50,0
2026-05-29,1,VaxCare Phú Nhuận,10,Vắc xin Cúm mùa (Influenza),5,1,365,4.9,2180,450000,4,5,0,16,659,171,0,50,0
2026-05-29,1,VaxCare Phú Nhuận,11,Vắc xin HPV (Human Papillomavirus),2,2,180,4.9,1240,1790000,4,5,0,13,166,208,0,50,0
2026-05-29,1,VaxCare Phú Nhuận,12,Vắc xin COVID-19,3,2,180,4.7,1890,550000,4,5,0,17,263,413,0,50,0
2026-05-29,1,VaxCare Phú Nhuận,13,Vắc xin Zona (Shingrix),4,2,60,4.9,640,3200000,4,5,0,3,56,260,0,50,0
2026-05-29,2,VaxCare Thủ Đức - Bình Chiểu,1,Vắc xin BCG (Bacille Calmette–Guérin),1,1,0,4.9,860,250000,4,5,0,10,250,328,0,40,0
2026-05-29,2,VaxCare Thủ Đức - Bình Chiểu,2,Vắc xin Viêm gan B (Hepatitis B),1,3,30,4.8,1420,350000,4,5,0,8,381,351,0,40,0
2026-05-29,2,VaxCare Thủ Đức - Bình Chiểu,3,Vắc xin Bạch hầu – Ho gà – Uốn ván (DTaP/Tdap),2,5,60,4.9,1180,520000,4,5,0,9,204,517,0,40,0
2026-05-29,2,VaxCare Thủ Đức - Bình Chiểu,4,Vắc xin Bại liệt (IPV),1,4,60,4.8,930,390000,4,5,0,8,170,224,0,40,0
2026-05-29,2,VaxCare Thủ Đức - Bình Chiểu,5,Vắc xin Hib (Haemophilus influenzae type b),1,3,60,4.9,760,420000,4,5,0,7,238,328,0,40,0
2026-05-29,2,VaxCare Thủ Đức - Bình Chiểu,6,Vắc xin MMR (Sởi – Quai bị – Rubella),2,2,28,4.9,1050,350000,4,5,0,13,284,642,0,40,0
2026-05-29,2,VaxCare Thủ Đức - Bình Chiểu,7,Vắc xin Thủy đậu (Varicella),2,2,28,4.8,980,850000,4,5,0,7,89,671,0,40,0
2026-05-29,2,VaxCare Thủ Đức - Bình Chiểu,8,Vắc xin Phế cầu (Pneumococcal),3,2,60,4.9,1360,1150000,4,5,0,14,47,269,0,40,0
2026-05-29,2,VaxCare Thủ Đức - Bình Chiểu,9,Vắc xin Viêm não Nhật Bản,2,3,28,4.8,720,450000,4,5,0,6,63,590,0,40,0
2026-05-29,2,VaxCare Thủ Đức - Bình Chiểu,10,Vắc xin Cúm mùa (Influenza),5,1,365,4.9,2180,450000,4,5,0,13,441,144,0,40,0
2026-05-29,2,VaxCare Thủ Đức - Bình Chiểu,11,Vắc xin HPV (Human Papillomavirus),2,2,180,4.9,1240,1790000,4,5,0,10,126,668,0,40,0
2026-05-29,2,VaxCare Thủ Đức - Bình Chiểu,12,Vắc xin COVID-19,3,2,180,4.7,1890,550000,4,5,0,29,265,238,0,40,0
2026-05-29,2,VaxCare Thủ Đức - Bình Chiểu,13,Vắc xin Zona (Shingrix),4,2,60,4.9,640,3200000,4,5,0,4,25,682,0,40,1
2026-05-29,3,VaxCare Nowzone,1,Vắc xin BCG (Bacille Calmette–Guérin),1,1,0,4.9,860,250000,4,5,0,7,165,599,0,60,0
2026-05-29,3,VaxCare Nowzone,2,Vắc xin Viêm gan B (Hepatitis B),1,3,30,4.8,1420,350000,4,5,0,14,345,277,0,60,0
2026-05-29,3,VaxCare Nowzone,3,Vắc xin Bạch hầu – Ho gà – Uốn ván (DTaP/Tdap),2,5,60,4.9,1180,520000,4,5,0,8,231,623,0,60,0
2026-05-29,3,VaxCare Nowzone,4,Vắc xin Bại liệt (IPV),1,4,60,4.8,930,390000,4,5,0,11,181,500,0,60,0
2026-05-29,3,VaxCare Nowzone,5,Vắc xin Hib (Haemophilus influenzae type b),1,3,60,4.9,760,420000,4,5,0,5,177,597,0,60,0
2026-05-29,3,VaxCare Nowzone,6,Vắc xin MMR (Sởi – Quai bị – Rubella),2,2,28,4.9,1050,350000,4,5,0,13,252,652,0,60,0
2026-05-29,3,VaxCare Nowzone,7,Vắc xin Thủy đậu (Varicella),2,2,28,4.8,980,850000,4,5,0,9,153,639,0,60,0
2026-05-29,3,VaxCare Nowzone,8,Vắc xin Phế cầu (Pneumococcal),3,2,60,4.9,1360,1150000,4,5,0,15,51,608,0,60,1
2026-05-29,3,VaxCare Nowzone,9,Vắc xin Viêm não Nhật Bản,2,3,28,4.8,720,450000,4,5,0,7,72,679,0,60,0
2026-05-29,3,VaxCare Nowzone,10,Vắc xin Cúm mùa (Influenza),5,1,365,4.9,2180,450000,4,5,0,28,673,176,0,60,0
2026-05-29,3,VaxCare Nowzone,11,Vắc xin HPV (Human Papillomavirus),2,2,180,4.9,1240,1790000,4,5,0,8,211,234,0,60,0
2026-05-29,3,VaxCare Nowzone,12,Vắc xin COVID-19,3,2,180,4.7,1890,550000,4,5,0,22,289,228,0,60,0
2026-05-29,3,VaxCare Nowzone,13,Vắc xin Zona (Shingrix),4,2,60,4.9,640,3200000,4,5,0,4,42,193,0,60,1
2026-05-29,4,VaxCare Củ Chi - Bình Mỹ,1,Vắc xin BCG (Bacille Calmette–Guérin),1,1,0,4.9,860,250000,4,5,0,7,95,536,0,30,0
2026-05-29,4,VaxCare Củ Chi - Bình Mỹ,2,Vắc xin Viêm gan B (Hepatitis B),1,3,30,4.8,1420,350000,4,5,0,10,167,578,0,30,0
2026-05-29,4,VaxCare Củ Chi - Bình Mỹ,3,Vắc xin Bạch hầu – Ho gà – Uốn ván (DTaP/Tdap),2,5,60,4.9,1180,520000,4,5,0,10,105,303,0,30,0
2026-05-29,4,VaxCare Củ Chi - Bình Mỹ,4,Vắc xin Bại liệt (IPV),1,4,60,4.8,930,390000,4,5,0,6,158,661,0,30,0
2026-05-29,4,VaxCare Củ Chi - Bình Mỹ,5,Vắc xin Hib (Haemophilus influenzae type b),1,3,60,4.9,760,420000,4,5,0,4,96,217,0,30,0
2026-05-29,4,VaxCare Củ Chi - Bình Mỹ,6,Vắc xin MMR (Sởi – Quai bị – Rubella),2,2,28,4.9,1050,350000,4,5,0,8,225,237,0,30,0
2026-05-29,4,VaxCare Củ Chi - Bình Mỹ,7,Vắc xin Thủy đậu (Varicella),2,2,28,4.8,980,850000,4,5,0,9,74,545,0,30,0
2026-05-29,4,VaxCare Củ Chi - Bình Mỹ,8,Vắc xin Phế cầu (Pneumococcal),3,2,60,4.9,1360,1150000,4,5,0,10,40,520,0,30,0
2026-05-29,4,VaxCare Củ Chi - Bình Mỹ,9,Vắc xin Viêm não Nhật Bản,2,3,28,4.8,720,450000,4,5,0,4,55,611,0,30,0
2026-05-29,4,VaxCare Củ Chi - Bình Mỹ,10,Vắc xin Cúm mùa (Influenza),5,1,365,4.9,2180,450000,4,5,0,16,425,183,0,30,0
2026-05-29,4,VaxCare Củ Chi - Bình Mỹ,11,Vắc xin HPV (Human Papillomavirus),2,2,180,4.9,1240,1790000,4,5,0,6,151,673,0,30,0
2026-05-29,4,VaxCare Củ Chi - Bình Mỹ,12,Vắc xin COVID-19,3,2,180,4.7,1890,550000,4,5,0,9,231,337,0,30,0
2026-05-29,4,VaxCare Củ Chi - Bình Mỹ,13,Vắc xin Zona (Shingrix),4,2,60,4.9,640,3200000,4,5,0,3,3,530,0,30,1
2026-05-29,5,VaxCare Trung Mỹ Tây,1,Vắc xin BCG (Bacille Calmette–Guérin),1,1,0,4.9,860,250000,4,5,0,8,120,368,0,40,0
2026-05-29,5,VaxCare Trung Mỹ Tây,2,Vắc xin Viêm gan B (Hepatitis B),1,3,30,4.8,1420,350000,4,5,0,11,302,440,0,40,0
2026-05-29,5,VaxCare Trung Mỹ Tây,3,Vắc xin Bạch hầu – Ho gà – Uốn ván (DTaP/Tdap),2,5,60,4.9,1180,520000,4,5,0,9,150,288,0,40,0
2026-05-29,5,VaxCare Trung Mỹ Tây,4,Vắc xin Bại liệt (IPV),1,4,60,4.8,930,390000,4,5,0,9,244,372,0,40,0
2026-05-29,5,VaxCare Trung Mỹ Tây,5,Vắc xin Hib (Haemophilus influenzae type b),1,3,60,4.9,760,420000,4,5,0,6,178,584,0,40,0
2026-05-29,5,VaxCare Trung Mỹ Tây,6,Vắc xin MMR (Sởi – Quai bị – Rubella),2,2,28,4.9,1050,350000,4,5,0,10,173,444,0,40,0
2026-05-29,5,VaxCare Trung Mỹ Tây,7,Vắc xin Thủy đậu (Varicella),2,2,28,4.8,980,850000,4,5,0,7,99,437,0,40,0
2026-05-29,5,VaxCare Trung Mỹ Tây,8,Vắc xin Phế cầu (Pneumococcal),3,2,60,4.9,1360,1150000,4,5,0,12,95,578,0,40,0
2026-05-29,5,VaxCare Trung Mỹ Tây,9,Vắc xin Viêm não Nhật Bản,2,3,28,4.8,720,450000,4,5,0,6,122,428,0,40,0
2026-05-29,5,VaxCare Trung Mỹ Tây,10,Vắc xin Cúm mùa (Influenza),5,1,365,4.9,2180,450000,4,5,0,26,285,132,0,40,0
2026-05-29,5,VaxCare Trung Mỹ Tây,11,Vắc xin HPV (Human Papillomavirus),2,2,180,4.9,1240,1790000,4,5,0,8,132,227,0,40,0
2026-05-29,5,VaxCare Trung Mỹ Tây,12,Vắc xin COVID-19,3,2,180,4.7,1890,550000,4,5,0,4,232,493,0,40,0
2026-05-29,5,VaxCare Trung Mỹ Tây,13,Vắc xin Zona (Shingrix),4,2,60,4.9,640,3200000,4,5,0,4,4,464,0,40,1
2026-05-29,6,VaxCare Co.opmart Quang Trung,1,Vắc xin BCG (Bacille Calmette–Guérin),1,1,0,4.9,860,250000,4,5,0,9,290,360,0,50,0
2026-05-29,6,VaxCare Co.opmart Quang Trung,2,Vắc xin Viêm gan B (Hepatitis B),1,3,30,4.8,1420,350000,4,5,0,12,278,372,0,50,0
2026-05-29,6,VaxCare Co.opmart Quang Trung,3,Vắc xin Bạch hầu – Ho gà – Uốn ván (DTaP/Tdap),2,5,60,4.9,1180,520000,4,5,0,10,188,590,0,50,0
2026-05-29,6,VaxCare Co.opmart Quang Trung,4,Vắc xin Bại liệt (IPV),1,4,60,4.8,930,390000,4,5,0,10,220,400,0,50,0
2026-05-29,6,VaxCare Co.opmart Quang Trung,5,Vắc xin Hib (Haemophilus influenzae type b),1,3,60,4.9,760,420000,4,5,0,10,154,619,0,50,0
2026-05-29,6,VaxCare Co.opmart Quang Trung,6,Vắc xin MMR (Sởi – Quai bị – Rubella),2,2,28,4.9,1050,350000,4,5,0,13,187,319,0,50,0
2026-05-29,6,VaxCare Co.opmart Quang Trung,7,Vắc xin Thủy đậu (Varicella),2,2,28,4.8,980,850000,4,5,0,9,99,480,0,50,0
2026-05-29,6,VaxCare Co.opmart Quang Trung,8,Vắc xin Phế cầu (Pneumococcal),3,2,60,4.9,1360,1150000,4,5,0,12,103,315,0,50,0
2026-05-29,6,VaxCare Co.opmart Quang Trung,9,Vắc xin Viêm não Nhật Bản,2,3,28,4.8,720,450000,4,5,0,7,128,456,0,50,0
2026-05-29,6,VaxCare Co.opmart Quang Trung,10,Vắc xin Cúm mùa (Influenza),5,1,365,4.9,2180,450000,4,5,0,10,369,45,1,50,0
2026-05-29,6,VaxCare Co.opmart Quang Trung,11,Vắc xin HPV (Human Papillomavirus),2,2,180,4.9,1240,1790000,4,5,0,12,131,420,0,50,0
2026-05-29,6,VaxCare Co.opmart Quang Trung,12,Vắc xin COVID-19,3,2,180,4.7,1890,550000,4,5,0,26,206,276,0,50,0
2026-05-29,6,VaxCare Co.opmart Quang Trung,13,Vắc xin Zona (Shingrix),4,2,60,4.9,640,3200000,4,5,0,3,90,497,0,50,0
2026-05-29,7,VaxCare Oriental Plaza,1,Vắc xin BCG (Bacille Calmette–Guérin),1,1,0,4.9,860,250000,4,5,0,8,178,457,0,45,0
2026-05-29,7,VaxCare Oriental Plaza,2,Vắc xin Viêm gan B (Hepatitis B),1,3,30,4.8,1420,350000,4,5,0,19,259,466,0,45,0
2026-05-29,7,VaxCare Oriental Plaza,3,Vắc xin Bạch hầu – Ho gà – Uốn ván (DTaP/Tdap),2,5,60,4.9,1180,520000,4,5,0,12,110,495,0,45,0
2026-05-29,7,VaxCare Oriental Plaza,4,Vắc xin Bại liệt (IPV),1,4,60,4.8,930,390000,4,5,0,7,172,273,0,45,0
2026-05-29,7,VaxCare Oriental Plaza,5,Vắc xin Hib (Haemophilus influenzae type b),1,3,60,4.9,760,420000,4,5,0,9,82,246,0,45,0
2026-05-29,7,VaxCare Oriental Plaza,6,Vắc xin MMR (Sởi – Quai bị – Rubella),2,2,28,4.9,1050,350000,4,5,0,10,247,188,0,45,0
2026-05-29,7,VaxCare Oriental Plaza,7,Vắc xin Thủy đậu (Varicella),2,2,28,4.8,980,850000,4,5,0,11,90,496,0,45,0
2026-05-29,7,VaxCare Oriental Plaza,8,Vắc xin Phế cầu (Pneumococcal),3,2,60,4.9,1360,1150000,4,5,0,11,86,246,0,45,0
2026-05-29,7,VaxCare Oriental Plaza,9,Vắc xin Viêm não Nhật Bản,2,3,28,4.8,720,450000,4,5,0,3,67,507,0,45,0
2026-05-29,7,VaxCare Oriental Plaza,10,Vắc xin Cúm mùa (Influenza),5,1,365,4.9,2180,450000,4,5,0,34,409,113,0,45,0
2026-05-29,7,VaxCare Oriental Plaza,11,Vắc xin HPV (Human Papillomavirus),2,2,180,4.9,1240,1790000,4,5,0,7,222,363,0,45,0
2026-05-29,7,VaxCare Oriental Plaza,12,Vắc xin COVID-19,3,2,180,4.7,1890,550000,4,5,0,15,275,252,0,45,0
2026-05-29,7,VaxCare Oriental Plaza,13,Vắc xin Zona (Shingrix),4,2,60,4.9,640,3200000,4,5,0,6,21,572,0,45,1
2026-05-29,8,VaxCare Hóc Môn - Đông Thạnh,1,Vắc xin BCG (Bacille Calmette–Guérin),1,1,0,4.9,860,250000,4,5,0,9,96,359,0,30,0
2026-05-29,8,VaxCare Hóc Môn - Đông Thạnh,2,Vắc xin Viêm gan B (Hepatitis B),1,3,30,4.8,1420,350000,4,5,0,10,151,671,0,30,0
2026-05-29,8,VaxCare Hóc Môn - Đông Thạnh,3,Vắc xin Bạch hầu – Ho gà – Uốn ván (DTaP/Tdap),2,5,60,4.9,1180,520000,4,5,0,9,62,613,0,30,0
2026-05-29,8,VaxCare Hóc Môn - Đông Thạnh,4,Vắc xin Bại liệt (IPV),1,4,60,4.8,930,390000,4,5,0,5,156,535,0,30,0
2026-05-29,8,VaxCare Hóc Môn - Đông Thạnh,5,Vắc xin Hib (Haemophilus influenzae type b),1,3,60,4.9,760,420000,4,5,0,5,33,436,0,30,0
2026-05-29,8,VaxCare Hóc Môn - Đông Thạnh,6,Vắc xin MMR (Sởi – Quai bị – Rubella),2,2,28,4.9,1050,350000,4,5,0,9,166,376,0,30,0
2026-05-29,8,VaxCare Hóc Môn - Đông Thạnh,7,Vắc xin Thủy đậu (Varicella),2,2,28,4.8,980,850000,4,5,0,7,123,416,0,30,0
2026-05-29,8,VaxCare Hóc Môn - Đông Thạnh,8,Vắc xin Phế cầu (Pneumococcal),3,2,60,4.9,1360,1150000,4,5,0,11,29,467,0,30,1
2026-05-29,8,VaxCare Hóc Môn - Đông Thạnh,9,Vắc xin Viêm não Nhật Bản,2,3,28,4.8,720,450000,4,5,0,3,78,182,0,30,0
2026-05-29,8,VaxCare Hóc Môn - Đông Thạnh,10,Vắc xin Cúm mùa (Influenza),5,1,365,4.9,2180,450000,4,5,0,8,319,78,1,30,0
2026-05-29,8,VaxCare Hóc Môn - Đông Thạnh,11,Vắc xin HPV (Human Papillomavirus),2,2,180,4.9,1240,1790000,4,5,0,6,81,487,0,30,0
2026-05-29,8,VaxCare Hóc Môn - Đông Thạnh,12,Vắc xin COVID-19,3,2,180,4.7,1890,550000,4,5,0,10,199,443,0,30,0
2026-05-29,8,VaxCare Hóc Môn - Đông Thạnh,13,Vắc xin Zona (Shingrix),4,2,60,4.9,640,3200000,4,5,0,4,4,570,0,30,1
2026-05-29,9,VaxCare Hiệp Bình,1,Vắc xin BCG (Bacille Calmette–Guérin),1,1,0,4.9,860,250000,4,5,0,8,181,218,0,40,0
2026-05-29,9,VaxCare Hiệp Bình,2,Vắc xin Viêm gan B (Hepatitis B),1,3,30,4.8,1420,350000,4,5,0,10,283,474,0,40,0
2026-05-29,9,VaxCare Hiệp Bình,3,Vắc xin Bạch hầu – Ho gà – Uốn ván (DTaP/Tdap),2,5,60,4.9,1180,520000,4,5,0,12,154,360,0,40,0
2026-05-29,9,VaxCare Hiệp Bình,4,Vắc xin Bại liệt (IPV),1,4,60,4.8,930,390000,4,5,0,7,188,517,0,40,0
2026-05-29,9,VaxCare Hiệp Bình,5,Vắc xin Hib (Haemophilus influenzae type b),1,3,60,4.9,760,420000,4,5,0,5,92,389,0,40,0
2026-05-29,9,VaxCare Hiệp Bình,6,Vắc xin MMR (Sởi – Quai bị – Rubella),2,2,28,4.9,1050,350000,4,5,0,12,251,535,0,40,0
2026-05-29,9,VaxCare Hiệp Bình,7,Vắc xin Thủy đậu (Varicella),2,2,28,4.8,980,850000,4,5,0,11,72,458,0,40,0
2026-05-29,9,VaxCare Hiệp Bình,8,Vắc xin Phế cầu (Pneumococcal),3,2,60,4.9,1360,1150000,4,5,0,13,53,188,0,40,0
2026-05-29,9,VaxCare Hiệp Bình,9,Vắc xin Viêm não Nhật Bản,2,3,28,4.8,720,450000,4,5,0,5,46,612,0,40,0
2026-05-29,9,VaxCare Hiệp Bình,10,Vắc xin Cúm mùa (Influenza),5,1,365,4.9,2180,450000,4,5,0,17,403,183,0,40,0
2026-05-29,9,VaxCare Hiệp Bình,11,Vắc xin HPV (Human Papillomavirus),2,2,180,4.9,1240,1790000,4,5,0,10,53,516,0,40,0
2026-05-29,9,VaxCare Hiệp Bình,12,Vắc xin COVID-19,3,2,180,4.7,1890,550000,4,5,0,22,123,386,0,40,0
2026-05-29,9,VaxCare Hiệp Bình,13,Vắc xin Zona (Shingrix),4,2,60,4.9,640,3200000,4,5,0,4,4,319,0,40,1
2026-05-29,10,VaxCare Tân Định,1,Vắc xin BCG (Bacille Calmette–Guérin),1,1,0,4.9,860,250000,4,5,0,12,186,461,0,50,0
2026-05-29,10,VaxCare Tân Định,2,Vắc xin Viêm gan B (Hepatitis B),1,3,30,4.8,1420,350000,4,5,0,9,393,566,0,50,0
2026-05-29,10,VaxCare Tân Định,3,Vắc xin Bạch hầu – Ho gà – Uốn ván (DTaP/Tdap),2,5,60,4.9,1180,520000,4,5,0,11,155,640,0,50,0
2026-05-29,10,VaxCare Tân Định,4,Vắc xin Bại liệt (IPV),1,4,60,4.8,930,390000,4,5,0,15,216,196,0,50,0
2026-05-29,10,VaxCare Tân Định,5,Vắc xin Hib (Haemophilus influenzae type b),1,3,60,4.9,760,420000,4,5,0,8,217,202,0,50,0
2026-05-29,10,VaxCare Tân Định,6,Vắc xin MMR (Sởi – Quai bị – Rubella),2,2,28,4.9,1050,350000,4,5,0,10,289,232,0,50,0
2026-05-29,10,VaxCare Tân Định,7,Vắc xin Thủy đậu (Varicella),2,2,28,4.8,980,850000,4,5,0,11,83,630,0,50,0
2026-05-29,10,VaxCare Tân Định,8,Vắc xin Phế cầu (Pneumococcal),3,2,60,4.9,1360,1150000,4,5,0,10,138,400,0,50,0
2026-05-29,10,VaxCare Tân Định,9,Vắc xin Viêm não Nhật Bản,2,3,28,4.8,720,450000,4,5,0,4,135,638,0,50,0
2026-05-29,10,VaxCare Tân Định,10,Vắc xin Cúm mùa (Influenza),5,1,365,4.9,2180,450000,4,5,0,50,363,121,0,50,0
2026-05-29,10,VaxCare Tân Định,11,Vắc xin HPV (Human Papillomavirus),2,2,180,4.9,1240,1790000,4,5,0,8,123,526,0,50,0
2026-05-29,10,VaxCare Tân Định,12,Vắc xin COVID-19,3,2,180,4.7,1890,550000,4,5,0,22,157,278,0,50,0
2026-05-29,10,VaxCare Tân Định,13,Vắc xin Zona (Shingrix),4,2,60,4.9,640,3200000,4,5,0,5,13,365,0,50,1
2026-05-29,11,VaxCare An Lạc,1,Vắc xin BCG (Bacille Calmette–Guérin),1,1,0,4.9,860,250000,4,5,0,9,169,625,0,40,0
2026-05-29,11,VaxCare An Lạc,2,Vắc xin Viêm gan B (Hepatitis B),1,3,30,4.8,1420,350000,4,5,0,11,269,464,0,40,0
2026-05-29,11,VaxCare An Lạc,3,Vắc xin Bạch hầu – Ho gà – Uốn ván (DTaP/Tdap),2,5,60,4.9,1180,520000,4,5,0,5,195,523,0,40,0
2026-05-29,11,VaxCare An Lạc,4,Vắc xin Bại liệt (IPV),1,4,60,4.8,930,390000,4,5,0,7,184,414,0,40,0
2026-05-29,11,VaxCare An Lạc,5,Vắc xin Hib (Haemophilus influenzae type b),1,3,60,4.9,760,420000,4,5,0,7,128,318,0,40,0
2026-05-29,11,VaxCare An Lạc,6,Vắc xin MMR (Sởi – Quai bị – Rubella),2,2,28,4.9,1050,350000,4,5,0,10,250,625,0,40,0
2026-05-29,11,VaxCare An Lạc,7,Vắc xin Thủy đậu (Varicella),2,2,28,4.8,980,850000,4,5,0,11,84,636,0,40,0
2026-05-29,11,VaxCare An Lạc,8,Vắc xin Phế cầu (Pneumococcal),3,2,60,4.9,1360,1150000,4,5,0,10,79,518,0,40,0
2026-05-29,11,VaxCare An Lạc,9,Vắc xin Viêm não Nhật Bản,2,3,28,4.8,720,450000,4,5,0,7,80,511,0,40,0
2026-05-29,11,VaxCare An Lạc,10,Vắc xin Cúm mùa (Influenza),5,1,365,4.9,2180,450000,4,5,0,15,501,74,1,40,0
2026-05-29,11,VaxCare An Lạc,11,Vắc xin HPV (Human Papillomavirus),2,2,180,4.9,1240,1790000,4,5,0,8,145,253,0,40,0
2026-05-29,11,VaxCare An Lạc,12,Vắc xin COVID-19,3,2,180,4.7,1890,550000,4,5,0,30,278,474,0,40,0
2026-05-29,11,VaxCare An Lạc,13,Vắc xin Zona (Shingrix),4,2,60,4.9,640,3200000,4,5,0,4,4,233,0,40,1
2026-05-29,12,VaxCare Phú Thuận,1,Vắc xin BCG (Bacille Calmette–Guérin),1,1,0,4.9,860,250000,4,5,0,8,225,539,0,35,0
2026-05-29,12,VaxCare Phú Thuận,2,Vắc xin Viêm gan B (Hepatitis B),1,3,30,4.8,1420,350000,4,5,0,17,265,261,0,35,0
2026-05-29,12,VaxCare Phú Thuận,3,Vắc xin Bạch hầu – Ho gà – Uốn ván (DTaP/Tdap),2,5,60,4.9,1180,520000,4,5,0,16,217,566,0,35,0
2026-05-29,12,VaxCare Phú Thuận,4,Vắc xin Bại liệt (IPV),1,4,60,4.8,930,390000,4,5,0,10,250,393,0,35,0
2026-05-29,12,VaxCare Phú Thuận,5,Vắc xin Hib (Haemophilus influenzae type b),1,3,60,4.9,760,420000,4,5,0,8,97,695,0,35,0
2026-05-29,12,VaxCare Phú Thuận,6,Vắc xin MMR (Sởi – Quai bị – Rubella),2,2,28,4.9,1050,350000,4,5,0,7,300,681,0,35,0
2026-05-29,12,VaxCare Phú Thuận,7,Vắc xin Thủy đậu (Varicella),2,2,28,4.8,980,850000,4,5,0,9,71,666,0,35,0
2026-05-29,12,VaxCare Phú Thuận,8,Vắc xin Phế cầu (Pneumococcal),3,2,60,4.9,1360,1150000,4,5,0,10,54,515,0,35,0
2026-05-29,12,VaxCare Phú Thuận,9,Vắc xin Viêm não Nhật Bản,2,3,28,4.8,720,450000,4,5,0,7,123,612,0,35,0
2026-05-29,12,VaxCare Phú Thuận,10,Vắc xin Cúm mùa (Influenza),5,1,365,4.9,2180,450000,4,5,0,19,369,102,0,35,0
2026-05-29,12,VaxCare Phú Thuận,11,Vắc xin HPV (Human Papillomavirus),2,2,180,4.9,1240,1790000,4,5,0,8,92,700,0,35,0
2026-05-29,12,VaxCare Phú Thuận,12,Vắc xin COVID-19,3,2,180,4.7,1890,550000,4,5,0,9,252,430,0,35,0
2026-05-29,12,VaxCare Phú Thuận,13,Vắc xin Zona (Shingrix),4,2,60,4.9,640,3200000,4,5,0,4,68,334,0,35,0
2026-05-30,1,VaxCare Phú Nhuận,1,Vắc xin BCG (Bacille Calmette–Guérin),1,1,0,4.9,860,250000,5,5,1,5,170,611,0,50,0
2026-05-30,1,VaxCare Phú Nhuận,2,Vắc xin Viêm gan B (Hepatitis B),1,3,30,4.8,1420,350000,5,5,1,4,295,405,0,50,0
2026-05-30,1,VaxCare Phú Nhuận,3,Vắc xin Bạch hầu – Ho gà – Uốn ván (DTaP/Tdap),2,5,60,4.9,1180,520000,5,5,1,5,188,466,0,50,0
2026-05-30,1,VaxCare Phú Nhuận,4,Vắc xin Bại liệt (IPV),1,4,60,4.8,930,390000,5,5,1,5,223,618,0,50,0
2026-05-30,1,VaxCare Phú Nhuận,5,Vắc xin Hib (Haemophilus influenzae type b),1,3,60,4.9,760,420000,5,5,1,4,92,577,0,50,0
2026-05-30,1,VaxCare Phú Nhuận,6,Vắc xin MMR (Sởi – Quai bị – Rubella),2,2,28,4.9,1050,350000,5,5,1,5,181,500,0,50,0
2026-05-30,1,VaxCare Phú Nhuận,7,Vắc xin Thủy đậu (Varicella),2,2,28,4.8,980,850000,5,5,1,5,101,451,0,50,0
2026-05-30,1,VaxCare Phú Nhuận,8,Vắc xin Phế cầu (Pneumococcal),3,2,60,4.9,1360,1150000,5,5,1,6,91,459,0,50,0
2026-05-30,1,VaxCare Phú Nhuận,9,Vắc xin Viêm não Nhật Bản,2,3,28,4.8,720,450000,5,5,1,4,137,694,0,50,0
2026-05-30,1,VaxCare Phú Nhuận,10,Vắc xin Cúm mùa (Influenza),5,1,365,4.9,2180,450000,5,5,1,10,601,120,0,50,0
2026-05-30,1,VaxCare Phú Nhuận,11,Vắc xin HPV (Human Papillomavirus),2,2,180,4.9,1240,1790000,5,5,1,5,160,650,0,50,0
2026-05-30,1,VaxCare Phú Nhuận,12,Vắc xin COVID-19,3,2,180,4.7,1890,550000,5,5,1,12,387,425,0,50,0
2026-05-30,1,VaxCare Phú Nhuận,13,Vắc xin Zona (Shingrix),4,2,60,4.9,640,3200000,5,5,1,2,2,666,0,50,1
2026-05-30,2,VaxCare Thủ Đức - Bình Chiểu,1,Vắc xin BCG (Bacille Calmette–Guérin),1,1,0,4.9,860,250000,5,5,1,4,141,203,0,40,0
2026-05-30,2,VaxCare Thủ Đức - Bình Chiểu,2,Vắc xin Viêm gan B (Hepatitis B),1,3,30,4.8,1420,350000,5,5,1,8,316,658,0,40,0
2026-05-30,2,VaxCare Thủ Đức - Bình Chiểu,3,Vắc xin Bạch hầu – Ho gà – Uốn ván (DTaP/Tdap),2,5,60,4.9,1180,520000,5,5,1,4,139,635,0,40,0
2026-05-30,2,VaxCare Thủ Đức - Bình Chiểu,4,Vắc xin Bại liệt (IPV),1,4,60,4.8,930,390000,5,5,1,4,139,257,0,40,0
2026-05-30,2,VaxCare Thủ Đức - Bình Chiểu,5,Vắc xin Hib (Haemophilus influenzae type b),1,3,60,4.9,760,420000,5,5,1,3,103,392,0,40,0
2026-05-30,2,VaxCare Thủ Đức - Bình Chiểu,6,Vắc xin MMR (Sởi – Quai bị – Rubella),2,2,28,4.9,1050,350000,5,5,1,6,249,239,0,40,0
2026-05-30,2,VaxCare Thủ Đức - Bình Chiểu,7,Vắc xin Thủy đậu (Varicella),2,2,28,4.8,980,850000,5,5,1,4,174,464,0,40,0
2026-05-30,2,VaxCare Thủ Đức - Bình Chiểu,8,Vắc xin Phế cầu (Pneumococcal),3,2,60,4.9,1360,1150000,5,5,1,6,33,587,0,40,1
2026-05-30,2,VaxCare Thủ Đức - Bình Chiểu,9,Vắc xin Viêm não Nhật Bản,2,3,28,4.8,720,450000,5,5,1,3,90,477,0,40,0
2026-05-30,2,VaxCare Thủ Đức - Bình Chiểu,10,Vắc xin Cúm mùa (Influenza),5,1,365,4.9,2180,450000,5,5,1,8,482,164,0,40,0
2026-05-30,2,VaxCare Thủ Đức - Bình Chiểu,11,Vắc xin HPV (Human Papillomavirus),2,2,180,4.9,1240,1790000,5,5,1,5,167,612,0,40,0
2026-05-30,2,VaxCare Thủ Đức - Bình Chiểu,12,Vắc xin COVID-19,3,2,180,4.7,1890,550000,5,5,1,7,198,385,0,40,0
2026-05-30,2,VaxCare Thủ Đức - Bình Chiểu,13,Vắc xin Zona (Shingrix),4,2,60,4.9,640,3200000,5,5,1,3,53,620,0,40,0
2026-05-30,3,VaxCare Nowzone,1,Vắc xin BCG (Bacille Calmette–Guérin),1,1,0,4.9,860,250000,5,5,1,6,326,446,0,60,0
2026-05-30,3,VaxCare Nowzone,2,Vắc xin Viêm gan B (Hepatitis B),1,3,30,4.8,1420,350000,5,5,1,8,356,241,0,60,0
2026-05-30,3,VaxCare Nowzone,3,Vắc xin Bạch hầu – Ho gà – Uốn ván (DTaP/Tdap),2,5,60,4.9,1180,520000,5,5,1,5,214,550,0,60,0
2026-05-30,3,VaxCare Nowzone,4,Vắc xin Bại liệt (IPV),1,4,60,4.8,930,390000,5,5,1,5,292,693,0,60,0
2026-05-30,3,VaxCare Nowzone,5,Vắc xin Hib (Haemophilus influenzae type b),1,3,60,4.9,760,420000,5,5,1,3,144,262,0,60,0
2026-05-30,3,VaxCare Nowzone,6,Vắc xin MMR (Sởi – Quai bị – Rubella),2,2,28,4.9,1050,350000,5,5,1,5,250,505,0,60,0
2026-05-30,3,VaxCare Nowzone,7,Vắc xin Thủy đậu (Varicella),2,2,28,4.8,980,850000,5,5,1,3,94,463,0,60,0
2026-05-30,3,VaxCare Nowzone,8,Vắc xin Phế cầu (Pneumococcal),3,2,60,4.9,1360,1150000,5,5,1,5,114,493,0,60,0
2026-05-30,3,VaxCare Nowzone,9,Vắc xin Viêm não Nhật Bản,2,3,28,4.8,720,450000,5,5,1,3,55,598,0,60,1
2026-05-30,3,VaxCare Nowzone,10,Vắc xin Cúm mùa (Influenza),5,1,365,4.9,2180,450000,5,5,1,6,561,148,0,60,0
2026-05-30,3,VaxCare Nowzone,11,Vắc xin HPV (Human Papillomavirus),2,2,180,4.9,1240,1790000,5,5,1,5,137,572,0,60,0
2026-05-30,3,VaxCare Nowzone,12,Vắc xin COVID-19,3,2,180,4.7,1890,550000,5,5,1,9,315,196,0,60,0
2026-05-30,3,VaxCare Nowzone,13,Vắc xin Zona (Shingrix),4,2,60,4.9,640,3200000,5,5,1,3,58,593,0,60,1
2026-05-30,4,VaxCare Củ Chi - Bình Mỹ,1,Vắc xin BCG (Bacille Calmette–Guérin),1,1,0,4.9,860,250000,5,5,1,3,92,249,0,30,0
2026-05-30,4,VaxCare Củ Chi - Bình Mỹ,2,Vắc xin Viêm gan B (Hepatitis B),1,3,30,4.8,1420,350000,5,5,1,6,196,418,0,30,0
2026-05-30,4,VaxCare Củ Chi - Bình Mỹ,3,Vắc xin Bạch hầu – Ho gà – Uốn ván (DTaP/Tdap),2,5,60,4.9,1180,520000,5,5,1,4,181,364,0,30,0
2026-05-30,4,VaxCare Củ Chi - Bình Mỹ,4,Vắc xin Bại liệt (IPV),1,4,60,4.8,930,390000,5,5,1,5,149,612,0,30,0
2026-05-30,4,VaxCare Củ Chi - Bình Mỹ,5,Vắc xin Hib (Haemophilus influenzae type b),1,3,60,4.9,760,420000,5,5,1,2,177,464,0,30,0
2026-05-30,4,VaxCare Củ Chi - Bình Mỹ,6,Vắc xin MMR (Sởi – Quai bị – Rubella),2,2,28,4.9,1050,350000,5,5,1,4,215,612,0,30,0
2026-05-30,4,VaxCare Củ Chi - Bình Mỹ,7,Vắc xin Thủy đậu (Varicella),2,2,28,4.8,980,850000,5,5,1,2,53,439,0,30,0
2026-05-30,4,VaxCare Củ Chi - Bình Mỹ,8,Vắc xin Phế cầu (Pneumococcal),3,2,60,4.9,1360,1150000,5,5,1,5,56,270,0,30,0
2026-05-30,4,VaxCare Củ Chi - Bình Mỹ,9,Vắc xin Viêm não Nhật Bản,2,3,28,4.8,720,450000,5,5,1,2,5,495,0,30,1
2026-05-30,4,VaxCare Củ Chi - Bình Mỹ,10,Vắc xin Cúm mùa (Influenza),5,1,365,4.9,2180,450000,5,5,1,7,272,84,1,30,0
2026-05-30,4,VaxCare Củ Chi - Bình Mỹ,11,Vắc xin HPV (Human Papillomavirus),2,2,180,4.9,1240,1790000,5,5,1,3,130,644,0,30,0
2026-05-30,4,VaxCare Củ Chi - Bình Mỹ,12,Vắc xin COVID-19,3,2,180,4.7,1890,550000,5,5,1,5,174,447,0,30,0
2026-05-30,4,VaxCare Củ Chi - Bình Mỹ,13,Vắc xin Zona (Shingrix),4,2,60,4.9,640,3200000,5,5,1,1,1,182,0,30,1
2026-05-30,5,VaxCare Trung Mỹ Tây,1,Vắc xin BCG (Bacille Calmette–Guérin),1,1,0,4.9,860,250000,5,5,1,4,135,285,0,40,0
2026-05-30,5,VaxCare Trung Mỹ Tây,2,Vắc xin Viêm gan B (Hepatitis B),1,3,30,4.8,1420,350000,5,5,1,4,224,411,0,40,0
2026-05-30,5,VaxCare Trung Mỹ Tây,3,Vắc xin Bạch hầu – Ho gà – Uốn ván (DTaP/Tdap),2,5,60,4.9,1180,520000,5,5,1,6,157,411,0,40,0
2026-05-30,5,VaxCare Trung Mỹ Tây,4,Vắc xin Bại liệt (IPV),1,4,60,4.8,930,390000,5,5,1,4,270,596,0,40,0
2026-05-30,5,VaxCare Trung Mỹ Tây,5,Vắc xin Hib (Haemophilus influenzae type b),1,3,60,4.9,760,420000,5,5,1,3,103,489,0,40,0
2026-05-30,5,VaxCare Trung Mỹ Tây,6,Vắc xin MMR (Sởi – Quai bị – Rubella),2,2,28,4.9,1050,350000,5,5,1,4,205,555,0,40,0
2026-05-30,5,VaxCare Trung Mỹ Tây,7,Vắc xin Thủy đậu (Varicella),2,2,28,4.8,980,850000,5,5,1,4,73,324,0,40,0
2026-05-30,5,VaxCare Trung Mỹ Tây,8,Vắc xin Phế cầu (Pneumococcal),3,2,60,4.9,1360,1150000,5,5,1,7,36,453,0,40,1
2026-05-30,5,VaxCare Trung Mỹ Tây,9,Vắc xin Viêm não Nhật Bản,2,3,28,4.8,720,450000,5,5,1,5,88,505,0,40,0
2026-05-30,5,VaxCare Trung Mỹ Tây,10,Vắc xin Cúm mùa (Influenza),5,1,365,4.9,2180,450000,5,5,1,14,496,83,1,40,0
2026-05-30,5,VaxCare Trung Mỹ Tây,11,Vắc xin HPV (Human Papillomavirus),2,2,180,4.9,1240,1790000,5,5,1,5,165,351,0,40,0
2026-05-30,5,VaxCare Trung Mỹ Tây,12,Vắc xin COVID-19,3,2,180,4.7,1890,550000,5,5,1,6,230,515,0,40,0
2026-05-30,5,VaxCare Trung Mỹ Tây,13,Vắc xin Zona (Shingrix),4,2,60,4.9,640,3200000,5,5,1,2,76,490,0,40,0
2026-05-30,6,VaxCare Co.opmart Quang Trung,1,Vắc xin BCG (Bacille Calmette–Guérin),1,1,0,4.9,860,250000,5,5,1,4,252,564,0,50,0
2026-05-30,6,VaxCare Co.opmart Quang Trung,2,Vắc xin Viêm gan B (Hepatitis B),1,3,30,4.8,1420,350000,5,5,1,7,296,651,0,50,0
2026-05-30,6,VaxCare Co.opmart Quang Trung,3,Vắc xin Bạch hầu – Ho gà – Uốn ván (DTaP/Tdap),2,5,60,4.9,1180,520000,5,5,1,5,154,390,0,50,0
2026-05-30,6,VaxCare Co.opmart Quang Trung,4,Vắc xin Bại liệt (IPV),1,4,60,4.8,930,390000,5,5,1,5,283,405,0,50,0
2026-05-30,6,VaxCare Co.opmart Quang Trung,5,Vắc xin Hib (Haemophilus influenzae type b),1,3,60,4.9,760,420000,5,5,1,3,182,222,0,50,0
2026-05-30,6,VaxCare Co.opmart Quang Trung,6,Vắc xin MMR (Sởi – Quai bị – Rubella),2,2,28,4.9,1050,350000,5,5,1,3,276,246,0,50,0
2026-05-30,6,VaxCare Co.opmart Quang Trung,7,Vắc xin Thủy đậu (Varicella),2,2,28,4.8,980,850000,5,5,1,5,78,445,0,50,0
2026-05-30,6,VaxCare Co.opmart Quang Trung,8,Vắc xin Phế cầu (Pneumococcal),3,2,60,4.9,1360,1150000,5,5,1,6,55,340,0,50,0
2026-05-30,6,VaxCare Co.opmart Quang Trung,9,Vắc xin Viêm não Nhật Bản,2,3,28,4.8,720,450000,5,5,1,3,55,654,0,50,0
2026-05-30,6,VaxCare Co.opmart Quang Trung,10,Vắc xin Cúm mùa (Influenza),5,1,365,4.9,2180,450000,5,5,1,5,534,43,1,50,0
2026-05-30,6,VaxCare Co.opmart Quang Trung,11,Vắc xin HPV (Human Papillomavirus),2,2,180,4.9,1240,1790000,5,5,1,5,198,244,0,50,0
2026-05-30,6,VaxCare Co.opmart Quang Trung,12,Vắc xin COVID-19,3,2,180,4.7,1890,550000,5,5,1,16,260,377,0,50,0
2026-05-30,6,VaxCare Co.opmart Quang Trung,13,Vắc xin Zona (Shingrix),4,2,60,4.9,640,3200000,5,5,1,2,58,591,0,50,0
2026-05-30,7,VaxCare Oriental Plaza,1,Vắc xin BCG (Bacille Calmette–Guérin),1,1,0,4.9,860,250000,5,5,1,3,145,520,0,45,0
2026-05-30,7,VaxCare Oriental Plaza,2,Vắc xin Viêm gan B (Hepatitis B),1,3,30,4.8,1420,350000,5,5,1,7,331,380,0,45,0
2026-05-30,7,VaxCare Oriental Plaza,3,Vắc xin Bạch hầu – Ho gà – Uốn ván (DTaP/Tdap),2,5,60,4.9,1180,520000,5,5,1,6,241,408,0,45,0
2026-05-30,7,VaxCare Oriental Plaza,4,Vắc xin Bại liệt (IPV),1,4,60,4.8,930,390000,5,5,1,5,184,494,0,45,0
2026-05-30,7,VaxCare Oriental Plaza,5,Vắc xin Hib (Haemophilus influenzae type b),1,3,60,4.9,760,420000,5,5,1,3,90,270,0,45,0
2026-05-30,7,VaxCare Oriental Plaza,6,Vắc xin MMR (Sởi – Quai bị – Rubella),2,2,28,4.9,1050,350000,5,5,1,4,281,597,0,45,0
2026-05-30,7,VaxCare Oriental Plaza,7,Vắc xin Thủy đậu (Varicella),2,2,28,4.8,980,850000,5,5,1,3,87,500,0,45,0
2026-05-30,7,VaxCare Oriental Plaza,8,Vắc xin Phế cầu (Pneumococcal),3,2,60,4.9,1360,1150000,5,5,1,6,22,622,0,45,1
2026-05-30,7,VaxCare Oriental Plaza,9,Vắc xin Viêm não Nhật Bản,2,3,28,4.8,720,450000,5,5,1,3,56,490,0,45,0
2026-05-30,7,VaxCare Oriental Plaza,10,Vắc xin Cúm mùa (Influenza),5,1,365,4.9,2180,450000,5,5,1,14,369,181,0,45,0
2026-05-30,7,VaxCare Oriental Plaza,11,Vắc xin HPV (Human Papillomavirus),2,2,180,4.9,1240,1790000,5,5,1,5,57,453,0,45,0
2026-05-30,7,VaxCare Oriental Plaza,12,Vắc xin COVID-19,3,2,180,4.7,1890,550000,5,5,1,11,261,494,0,45,0
2026-05-30,7,VaxCare Oriental Plaza,13,Vắc xin Zona (Shingrix),4,2,60,4.9,640,3200000,5,5,1,2,62,609,0,45,0
2026-05-30,8,VaxCare Hóc Môn - Đông Thạnh,1,Vắc xin BCG (Bacille Calmette–Guérin),1,1,0,4.9,860,250000,5,5,1,2,140,569,0,30,0
2026-05-30,8,VaxCare Hóc Môn - Đông Thạnh,2,Vắc xin Viêm gan B (Hepatitis B),1,3,30,4.8,1420,350000,5,5,1,6,256,240,0,30,0
2026-05-30,8,VaxCare Hóc Môn - Đông Thạnh,3,Vắc xin Bạch hầu – Ho gà – Uốn ván (DTaP/Tdap),2,5,60,4.9,1180,520000,5,5,1,4,151,436,0,30,0
2026-05-30,8,VaxCare Hóc Môn - Đông Thạnh,4,Vắc xin Bại liệt (IPV),1,4,60,4.8,930,390000,5,5,1,3,137,324,0,30,0
2026-05-30,8,VaxCare Hóc Môn - Đông Thạnh,5,Vắc xin Hib (Haemophilus influenzae type b),1,3,60,4.9,760,420000,5,5,1,3,104,265,0,30,0
2026-05-30,8,VaxCare Hóc Môn - Đông Thạnh,6,Vắc xin MMR (Sởi – Quai bị – Rubella),2,2,28,4.9,1050,350000,5,5,1,4,127,591,0,30,0
2026-05-30,8,VaxCare Hóc Môn - Đông Thạnh,7,Vắc xin Thủy đậu (Varicella),2,2,28,4.8,980,850000,5,5,1,2,11,570,0,30,1
2026-05-30,8,VaxCare Hóc Môn - Đông Thạnh,8,Vắc xin Phế cầu (Pneumococcal),3,2,60,4.9,1360,1150000,5,5,1,3,104,378,0,30,0
2026-05-30,8,VaxCare Hóc Môn - Đông Thạnh,9,Vắc xin Viêm não Nhật Bản,2,3,28,4.8,720,450000,5,5,1,2,27,268,0,30,1
2026-05-30,8,VaxCare Hóc Môn - Đông Thạnh,10,Vắc xin Cúm mùa (Influenza),5,1,365,4.9,2180,450000,5,5,1,6,413,175,0,30,0
2026-05-30,8,VaxCare Hóc Môn - Đông Thạnh,11,Vắc xin HPV (Human Papillomavirus),2,2,180,4.9,1240,1790000,5,5,1,3,57,312,0,30,0
2026-05-30,8,VaxCare Hóc Môn - Đông Thạnh,12,Vắc xin COVID-19,3,2,180,4.7,1890,550000,5,5,1,6,144,386,0,30,0
2026-05-30,8,VaxCare Hóc Môn - Đông Thạnh,13,Vắc xin Zona (Shingrix),4,2,60,4.9,640,3200000,5,5,1,2,31,654,0,30,0
2026-05-30,9,VaxCare Hiệp Bình,1,Vắc xin BCG (Bacille Calmette–Guérin),1,1,0,4.9,860,250000,5,5,1,4,232,527,0,40,0
2026-05-30,9,VaxCare Hiệp Bình,2,Vắc xin Viêm gan B (Hepatitis B),1,3,30,4.8,1420,350000,5,5,1,8,311,375,0,40,0
2026-05-30,9,VaxCare Hiệp Bình,3,Vắc xin Bạch hầu – Ho gà – Uốn ván (DTaP/Tdap),2,5,60,4.9,1180,520000,5,5,1,5,204,538,0,40,0
2026-05-30,9,VaxCare Hiệp Bình,4,Vắc xin Bại liệt (IPV),1,4,60,4.8,930,390000,5,5,1,6,111,225,0,40,0
2026-05-30,9,VaxCare Hiệp Bình,5,Vắc xin Hib (Haemophilus influenzae type b),1,3,60,4.9,760,420000,5,5,1,3,189,330,0,40,0
2026-05-30,9,VaxCare Hiệp Bình,6,Vắc xin MMR (Sởi – Quai bị – Rubella),2,2,28,4.9,1050,350000,5,5,1,5,226,569,0,40,0
2026-05-30,9,VaxCare Hiệp Bình,7,Vắc xin Thủy đậu (Varicella),2,2,28,4.8,980,850000,5,5,1,2,105,366,0,40,0
2026-05-30,9,VaxCare Hiệp Bình,8,Vắc xin Phế cầu (Pneumococcal),3,2,60,4.9,1360,1150000,5,5,1,6,20,547,0,40,1
2026-05-30,9,VaxCare Hiệp Bình,9,Vắc xin Viêm não Nhật Bản,2,3,28,4.8,720,450000,5,5,1,4,68,641,0,40,0
2026-05-30,9,VaxCare Hiệp Bình,10,Vắc xin Cúm mùa (Influenza),5,1,365,4.9,2180,450000,5,5,1,14,528,185,0,40,0
2026-05-30,9,VaxCare Hiệp Bình,11,Vắc xin HPV (Human Papillomavirus),2,2,180,4.9,1240,1790000,5,5,1,3,226,203,0,40,0
2026-05-30,9,VaxCare Hiệp Bình,12,Vắc xin COVID-19,3,2,180,4.7,1890,550000,5,5,1,12,255,694,0,40,0
2026-05-30,9,VaxCare Hiệp Bình,13,Vắc xin Zona (Shingrix),4,2,60,4.9,640,3200000,5,5,1,2,28,581,0,40,1
2026-05-30,10,VaxCare Tân Định,1,Vắc xin BCG (Bacille Calmette–Guérin),1,1,0,4.9,860,250000,5,5,1,3,270,216,0,50,0
2026-05-30,10,VaxCare Tân Định,2,Vắc xin Viêm gan B (Hepatitis B),1,3,30,4.8,1420,350000,5,5,1,12,205,542,0,50,0
2026-05-30,10,VaxCare Tân Định,3,Vắc xin Bạch hầu – Ho gà – Uốn ván (DTaP/Tdap),2,5,60,4.9,1180,520000,5,5,1,8,194,683,0,50,0
2026-05-30,10,VaxCare Tân Định,4,Vắc xin Bại liệt (IPV),1,4,60,4.8,930,390000,5,5,1,6,186,570,0,50,0
2026-05-30,10,VaxCare Tân Định,5,Vắc xin Hib (Haemophilus influenzae type b),1,3,60,4.9,760,420000,5,5,1,4,168,390,0,50,0
2026-05-30,10,VaxCare Tân Định,6,Vắc xin MMR (Sởi – Quai bị – Rubella),2,2,28,4.9,1050,350000,5,5,1,8,291,311,0,50,0
2026-05-30,10,VaxCare Tân Định,7,Vắc xin Thủy đậu (Varicella),2,2,28,4.8,980,850000,5,5,1,4,179,203,0,50,0
2026-05-30,10,VaxCare Tân Định,8,Vắc xin Phế cầu (Pneumococcal),3,2,60,4.9,1360,1150000,5,5,1,10,161,378,0,50,0
2026-05-30,10,VaxCare Tân Định,9,Vắc xin Viêm não Nhật Bản,2,3,28,4.8,720,450000,5,5,1,4,155,673,0,50,0
2026-05-30,10,VaxCare Tân Định,10,Vắc xin Cúm mùa (Influenza),5,1,365,4.9,2180,450000,5,5,1,16,610,144,0,50,0
2026-05-30,10,VaxCare Tân Định,11,Vắc xin HPV (Human Papillomavirus),2,2,180,4.9,1240,1790000,5,5,1,6,253,195,0,50,0
2026-05-30,10,VaxCare Tân Định,12,Vắc xin COVID-19,3,2,180,4.7,1890,550000,5,5,1,6,271,517,0,50,0
2026-05-30,10,VaxCare Tân Định,13,Vắc xin Zona (Shingrix),4,2,60,4.9,640,3200000,5,5,1,2,9,510,0,50,1
2026-05-30,11,VaxCare An Lạc,1,Vắc xin BCG (Bacille Calmette–Guérin),1,1,0,4.9,860,250000,5,5,1,5,243,476,0,40,0
2026-05-30,11,VaxCare An Lạc,2,Vắc xin Viêm gan B (Hepatitis B),1,3,30,4.8,1420,350000,5,5,1,5,288,650,0,40,0
2026-05-30,11,VaxCare An Lạc,3,Vắc xin Bạch hầu – Ho gà – Uốn ván (DTaP/Tdap),2,5,60,4.9,1180,520000,5,5,1,7,238,418,0,40,0
2026-05-30,11,VaxCare An Lạc,4,Vắc xin Bại liệt (IPV),1,4,60,4.8,930,390000,5,5,1,5,178,425,0,40,0
2026-05-30,11,VaxCare An Lạc,5,Vắc xin Hib (Haemophilus influenzae type b),1,3,60,4.9,760,420000,5,5,1,2,216,598,0,40,0
2026-05-30,11,VaxCare An Lạc,6,Vắc xin MMR (Sởi – Quai bị – Rubella),2,2,28,4.9,1050,350000,5,5,1,5,270,519,0,40,0
2026-05-30,11,VaxCare An Lạc,7,Vắc xin Thủy đậu (Varicella),2,2,28,4.8,980,850000,5,5,1,4,144,583,0,40,0
2026-05-30,11,VaxCare An Lạc,8,Vắc xin Phế cầu (Pneumococcal),3,2,60,4.9,1360,1150000,5,5,1,4,53,593,0,40,0
2026-05-30,11,VaxCare An Lạc,9,Vắc xin Viêm não Nhật Bản,2,3,28,4.8,720,450000,5,5,1,3,83,519,0,40,0
2026-05-30,11,VaxCare An Lạc,10,Vắc xin Cúm mùa (Influenza),5,1,365,4.9,2180,450000,5,5,1,5,435,72,1,40,0
2026-05-30,11,VaxCare An Lạc,11,Vắc xin HPV (Human Papillomavirus),2,2,180,4.9,1240,1790000,5,5,1,5,126,348,0,40,0
2026-05-30,11,VaxCare An Lạc,12,Vắc xin COVID-19,3,2,180,4.7,1890,550000,5,5,1,6,328,293,0,40,0
2026-05-30,11,VaxCare An Lạc,13,Vắc xin Zona (Shingrix),4,2,60,4.9,640,3200000,5,5,1,2,35,562,0,40,1
2026-05-30,12,VaxCare Phú Thuận,1,Vắc xin BCG (Bacille Calmette–Guérin),1,1,0,4.9,860,250000,5,5,1,4,116,531,0,35,0
2026-05-30,12,VaxCare Phú Thuận,2,Vắc xin Viêm gan B (Hepatitis B),1,3,30,4.8,1420,350000,5,5,1,9,263,612,0,35,0
2026-05-30,12,VaxCare Phú Thuận,3,Vắc xin Bạch hầu – Ho gà – Uốn ván (DTaP/Tdap),2,5,60,4.9,1180,520000,5,5,1,4,125,687,0,35,0
2026-05-30,12,VaxCare Phú Thuận,4,Vắc xin Bại liệt (IPV),1,4,60,4.8,930,390000,5,5,1,4,134,511,0,35,0
2026-05-30,12,VaxCare Phú Thuận,5,Vắc xin Hib (Haemophilus influenzae type b),1,3,60,4.9,760,420000,5,5,1,3,201,455,0,35,0
2026-05-30,12,VaxCare Phú Thuận,6,Vắc xin MMR (Sởi – Quai bị – Rubella),2,2,28,4.9,1050,350000,5,5,1,5,248,666,0,35,0
2026-05-30,12,VaxCare Phú Thuận,7,Vắc xin Thủy đậu (Varicella),2,2,28,4.8,980,850000,5,5,1,4,129,545,0,35,0
2026-05-30,12,VaxCare Phú Thuận,8,Vắc xin Phế cầu (Pneumococcal),3,2,60,4.9,1360,1150000,5,5,1,5,118,510,0,35,0
2026-05-30,12,VaxCare Phú Thuận,9,Vắc xin Viêm não Nhật Bản,2,3,28,4.8,720,450000,5,5,1,3,111,342,0,35,0
2026-05-30,12,VaxCare Phú Thuận,10,Vắc xin Cúm mùa (Influenza),5,1,365,4.9,2180,450000,5,5,1,3,506,167,0,35,0
2026-05-30,12,VaxCare Phú Thuận,11,Vắc xin HPV (Human Papillomavirus),2,2,180,4.9,1240,1790000,5,5,1,6,125,245,0,35,0
2026-05-30,12,VaxCare Phú Thuận,12,Vắc xin COVID-19,3,2,180,4.7,1890,550000,5,5,1,8,260,575,0,35,0
2026-05-30,12,VaxCare Phú Thuận,13,Vắc xin Zona (Shingrix),4,2,60,4.9,640,3200000,5,5,1,3,46,634,0,35,0
2026-05-31,1,VaxCare Phú Nhuận,1,Vắc xin BCG (Bacille Calmette–Guérin),1,1,0,4.9,860,250000,6,5,1,4,255,300,0,50,0
2026-05-31,1,VaxCare Phú Nhuận,2,Vắc xin Viêm gan B (Hepatitis B),1,3,30,4.8,1420,350000,6,5,1,10,341,443,0,50,0
2026-05-31,1,VaxCare Phú Nhuận,3,Vắc xin Bạch hầu – Ho gà – Uốn ván (DTaP/Tdap),2,5,60,4.9,1180,520000,6,5,1,5,163,596,0,50,0
2026-05-31,1,VaxCare Phú Nhuận,4,Vắc xin Bại liệt (IPV),1,4,60,4.8,930,390000,6,5,1,5,169,546,0,50,0
2026-05-31,1,VaxCare Phú Nhuận,5,Vắc xin Hib (Haemophilus influenzae type b),1,3,60,4.9,760,420000,6,5,1,3,165,294,0,50,0
2026-05-31,1,VaxCare Phú Nhuận,6,Vắc xin MMR (Sởi – Quai bị – Rubella),2,2,28,4.9,1050,350000,6,5,1,5,239,617,0,50,0
2026-05-31,1,VaxCare Phú Nhuận,7,Vắc xin Thủy đậu (Varicella),2,2,28,4.8,980,850000,6,5,1,4,158,231,0,50,0
2026-05-31,1,VaxCare Phú Nhuận,8,Vắc xin Phế cầu (Pneumococcal),3,2,60,4.9,1360,1150000,6,5,1,7,97,696,0,50,0
2026-05-31,1,VaxCare Phú Nhuận,9,Vắc xin Viêm não Nhật Bản,2,3,28,4.8,720,450000,6,5,1,5,171,585,0,50,0
2026-05-31,1,VaxCare Phú Nhuận,10,Vắc xin Cúm mùa (Influenza),5,1,365,4.9,2180,450000,6,5,1,14,635,113,0,50,0
2026-05-31,1,VaxCare Phú Nhuận,11,Vắc xin HPV (Human Papillomavirus),2,2,180,4.9,1240,1790000,6,5,1,8,170,467,0,50,0
2026-05-31,1,VaxCare Phú Nhuận,12,Vắc xin COVID-19,3,2,180,4.7,1890,550000,6,5,1,13,217,400,0,50,0
2026-05-31,1,VaxCare Phú Nhuận,13,Vắc xin Zona (Shingrix),4,2,60,4.9,640,3200000,6,5,1,2,43,570,0,50,1
2026-05-31,2,VaxCare Thủ Đức - Bình Chiểu,1,Vắc xin BCG (Bacille Calmette–Guérin),1,1,0,4.9,860,250000,6,5,1,6,229,440,0,40,0
2026-05-31,2,VaxCare Thủ Đức - Bình Chiểu,2,Vắc xin Viêm gan B (Hepatitis B),1,3,30,4.8,1420,350000,6,5,1,8,304,698,0,40,0
2026-05-31,2,VaxCare Thủ Đức - Bình Chiểu,3,Vắc xin Bạch hầu – Ho gà – Uốn ván (DTaP/Tdap),2,5,60,4.9,1180,520000,6,5,1,4,184,388,0,40,0
2026-05-31,2,VaxCare Thủ Đức - Bình Chiểu,4,Vắc xin Bại liệt (IPV),1,4,60,4.8,930,390000,6,5,1,4,134,185,0,40,0
2026-05-31,2,VaxCare Thủ Đức - Bình Chiểu,5,Vắc xin Hib (Haemophilus influenzae type b),1,3,60,4.9,760,420000,6,5,1,4,87,629,0,40,0
2026-05-31,2,VaxCare Thủ Đức - Bình Chiểu,6,Vắc xin MMR (Sởi – Quai bị – Rubella),2,2,28,4.9,1050,350000,6,5,1,5,255,588,0,40,0
2026-05-31,2,VaxCare Thủ Đức - Bình Chiểu,7,Vắc xin Thủy đậu (Varicella),2,2,28,4.8,980,850000,6,5,1,5,40,534,0,40,0
2026-05-31,2,VaxCare Thủ Đức - Bình Chiểu,8,Vắc xin Phế cầu (Pneumococcal),3,2,60,4.9,1360,1150000,6,5,1,6,39,196,0,40,1
2026-05-31,2,VaxCare Thủ Đức - Bình Chiểu,9,Vắc xin Viêm não Nhật Bản,2,3,28,4.8,720,450000,6,5,1,3,94,221,0,40,0
2026-05-31,2,VaxCare Thủ Đức - Bình Chiểu,10,Vắc xin Cúm mùa (Influenza),5,1,365,4.9,2180,450000,6,5,1,12,431,98,0,40,0
2026-05-31,2,VaxCare Thủ Đức - Bình Chiểu,11,Vắc xin HPV (Human Papillomavirus),2,2,180,4.9,1240,1790000,6,5,1,5,131,321,0,40,0
2026-05-31,2,VaxCare Thủ Đức - Bình Chiểu,12,Vắc xin COVID-19,3,2,180,4.7,1890,550000,6,5,1,8,291,520,0,40,0
2026-05-31,2,VaxCare Thủ Đức - Bình Chiểu,13,Vắc xin Zona (Shingrix),4,2,60,4.9,640,3200000,6,5,1,2,2,486,0,40,1
2026-05-31,3,VaxCare Nowzone,1,Vắc xin BCG (Bacille Calmette–Guérin),1,1,0,4.9,860,250000,6,5,1,5,278,336,0,60,0
2026-05-31,3,VaxCare Nowzone,2,Vắc xin Viêm gan B (Hepatitis B),1,3,30,4.8,1420,350000,6,5,1,10,355,635,0,60,0
2026-05-31,3,VaxCare Nowzone,3,Vắc xin Bạch hầu – Ho gà – Uốn ván (DTaP/Tdap),2,5,60,4.9,1180,520000,6,5,1,7,249,693,0,60,0
2026-05-31,3,VaxCare Nowzone,4,Vắc xin Bại liệt (IPV),1,4,60,4.8,930,390000,6,5,1,4,233,267,0,60,0
2026-05-31,3,VaxCare Nowzone,5,Vắc xin Hib (Haemophilus influenzae type b),1,3,60,4.9,760,420000,6,5,1,4,208,402,0,60,0
2026-05-31,3,VaxCare Nowzone,6,Vắc xin MMR (Sởi – Quai bị – Rubella),2,2,28,4.9,1050,350000,6,5,1,6,326,689,0,60,0
2026-05-31,3,VaxCare Nowzone,7,Vắc xin Thủy đậu (Varicella),2,2,28,4.8,980,850000,6,5,1,5,109,322,0,60,0
2026-05-31,3,VaxCare Nowzone,8,Vắc xin Phế cầu (Pneumococcal),3,2,60,4.9,1360,1150000,6,5,1,5,67,366,0,60,0
2026-05-31,3,VaxCare Nowzone,9,Vắc xin Viêm não Nhật Bản,2,3,28,4.8,720,450000,6,5,1,4,125,559,0,60,0
2026-05-31,3,VaxCare Nowzone,10,Vắc xin Cúm mùa (Influenza),5,1,365,4.9,2180,450000,6,5,1,18,468,131,0,60,0
2026-05-31,3,VaxCare Nowzone,11,Vắc xin HPV (Human Papillomavirus),2,2,180,4.9,1240,1790000,6,5,1,6,151,531,0,60,0
2026-05-31,3,VaxCare Nowzone,12,Vắc xin COVID-19,3,2,180,4.7,1890,550000,6,5,1,11,261,696,0,60,0
2026-05-31,3,VaxCare Nowzone,13,Vắc xin Zona (Shingrix),4,2,60,4.9,640,3200000,6,5,1,2,2,559,0,60,1
2026-05-31,4,VaxCare Củ Chi - Bình Mỹ,1,Vắc xin BCG (Bacille Calmette–Guérin),1,1,0,4.9,860,250000,6,5,1,3,73,278,0,30,0
2026-05-31,4,VaxCare Củ Chi - Bình Mỹ,2,Vắc xin Viêm gan B (Hepatitis B),1,3,30,4.8,1420,350000,6,5,1,4,249,390,0,30,0
2026-05-31,4,VaxCare Củ Chi - Bình Mỹ,3,Vắc xin Bạch hầu – Ho gà – Uốn ván (DTaP/Tdap),2,5,60,4.9,1180,520000,6,5,1,4,75,362,0,30,0
2026-05-31,4,VaxCare Củ Chi - Bình Mỹ,4,Vắc xin Bại liệt (IPV),1,4,60,4.8,930,390000,6,5,1,3,145,524,0,30,0
2026-05-31,4,VaxCare Củ Chi - Bình Mỹ,5,Vắc xin Hib (Haemophilus influenzae type b),1,3,60,4.9,760,420000,6,5,1,2,66,630,0,30,0
2026-05-31,4,VaxCare Củ Chi - Bình Mỹ,6,Vắc xin MMR (Sởi – Quai bị – Rubella),2,2,28,4.9,1050,350000,6,5,1,3,135,506,0,30,0
2026-05-31,4,VaxCare Củ Chi - Bình Mỹ,7,Vắc xin Thủy đậu (Varicella),2,2,28,4.8,980,850000,6,5,1,2,118,199,0,30,0
2026-05-31,4,VaxCare Củ Chi - Bình Mỹ,8,Vắc xin Phế cầu (Pneumococcal),3,2,60,4.9,1360,1150000,6,5,1,4,26,449,0,30,1
2026-05-31,4,VaxCare Củ Chi - Bình Mỹ,9,Vắc xin Viêm não Nhật Bản,2,3,28,4.8,720,450000,6,5,1,2,87,493,0,30,0
2026-05-31,4,VaxCare Củ Chi - Bình Mỹ,10,Vắc xin Cúm mùa (Influenza),5,1,365,4.9,2180,450000,6,5,1,8,228,150,0,30,0
2026-05-31,4,VaxCare Củ Chi - Bình Mỹ,11,Vắc xin HPV (Human Papillomavirus),2,2,180,4.9,1240,1790000,6,5,1,3,139,600,0,30,0
2026-05-31,4,VaxCare Củ Chi - Bình Mỹ,12,Vắc xin COVID-19,3,2,180,4.7,1890,550000,6,5,1,10,208,182,0,30,0
2026-05-31,4,VaxCare Củ Chi - Bình Mỹ,13,Vắc xin Zona (Shingrix),4,2,60,4.9,640,3200000,6,5,1,2,12,235,0,30,1
2026-05-31,5,VaxCare Trung Mỹ Tây,1,Vắc xin BCG (Bacille Calmette–Guérin),1,1,0,4.9,860,250000,6,5,1,4,200,295,0,40,0
2026-05-31,5,VaxCare Trung Mỹ Tây,2,Vắc xin Viêm gan B (Hepatitis B),1,3,30,4.8,1420,350000,6,5,1,10,244,654,0,40,0
2026-05-31,5,VaxCare Trung Mỹ Tây,3,Vắc xin Bạch hầu – Ho gà – Uốn ván (DTaP/Tdap),2,5,60,4.9,1180,520000,6,5,1,6,211,228,0,40,0
2026-05-31,5,VaxCare Trung Mỹ Tây,4,Vắc xin Bại liệt (IPV),1,4,60,4.8,930,390000,6,5,1,3,127,438,0,40,0
2026-05-31,5,VaxCare Trung Mỹ Tây,5,Vắc xin Hib (Haemophilus influenzae type b),1,3,60,4.9,760,420000,6,5,1,3,174,474,0,40,0
2026-05-31,5,VaxCare Trung Mỹ Tây,6,Vắc xin MMR (Sởi – Quai bị – Rubella),2,2,28,4.9,1050,350000,6,5,1,8,219,253,0,40,0
2026-05-31,5,VaxCare Trung Mỹ Tây,7,Vắc xin Thủy đậu (Varicella),2,2,28,4.8,980,850000,6,5,1,3,121,675,0,40,0
2026-05-31,5,VaxCare Trung Mỹ Tây,8,Vắc xin Phế cầu (Pneumococcal),3,2,60,4.9,1360,1150000,6,5,1,5,26,659,0,40,1
2026-05-31,5,VaxCare Trung Mỹ Tây,9,Vắc xin Viêm não Nhật Bản,2,3,28,4.8,720,450000,6,5,1,4,107,440,0,40,0
2026-05-31,5,VaxCare Trung Mỹ Tây,10,Vắc xin Cúm mùa (Influenza),5,1,365,4.9,2180,450000,6,5,1,7,323,195,0,40,0
2026-05-31,5,VaxCare Trung Mỹ Tây,11,Vắc xin HPV (Human Papillomavirus),2,2,180,4.9,1240,1790000,6,5,1,5,123,277,0,40,0
2026-05-31,5,VaxCare Trung Mỹ Tây,12,Vắc xin COVID-19,3,2,180,4.7,1890,550000,6,5,1,12,216,563,0,40,0
2026-05-31,5,VaxCare Trung Mỹ Tây,13,Vắc xin Zona (Shingrix),4,2,60,4.9,640,3200000,6,5,1,2,2,423,0,40,1
2026-05-31,6,VaxCare Co.opmart Quang Trung,1,Vắc xin BCG (Bacille Calmette–Guérin),1,1,0,4.9,860,250000,6,5,1,6,217,537,0,50,0
2026-05-31,6,VaxCare Co.opmart Quang Trung,2,Vắc xin Viêm gan B (Hepatitis B),1,3,30,4.8,1420,350000,6,5,1,6,276,488,0,50,0
2026-05-31,6,VaxCare Co.opmart Quang Trung,3,Vắc xin Bạch hầu – Ho gà – Uốn ván (DTaP/Tdap),2,5,60,4.9,1180,520000,6,5,1,6,186,280,0,50,0
2026-05-31,6,VaxCare Co.opmart Quang Trung,4,Vắc xin Bại liệt (IPV),1,4,60,4.8,930,390000,6,5,1,2,142,339,0,50,0
2026-05-31,6,VaxCare Co.opmart Quang Trung,5,Vắc xin Hib (Haemophilus influenzae type b),1,3,60,4.9,760,420000,6,5,1,4,174,300,0,50,0
2026-05-31,6,VaxCare Co.opmart Quang Trung,6,Vắc xin MMR (Sởi – Quai bị – Rubella),2,2,28,4.9,1050,350000,6,5,1,6,209,424,0,50,0
2026-05-31,6,VaxCare Co.opmart Quang Trung,7,Vắc xin Thủy đậu (Varicella),2,2,28,4.8,980,850000,6,5,1,5,67,181,0,50,0
2026-05-31,6,VaxCare Co.opmart Quang Trung,8,Vắc xin Phế cầu (Pneumococcal),3,2,60,4.9,1360,1150000,6,5,1,5,5,437,0,50,1
2026-05-31,6,VaxCare Co.opmart Quang Trung,9,Vắc xin Viêm não Nhật Bản,2,3,28,4.8,720,450000,6,5,1,2,46,278,0,50,1
2026-05-31,6,VaxCare Co.opmart Quang Trung,10,Vắc xin Cúm mùa (Influenza),5,1,365,4.9,2180,450000,6,5,1,15,344,181,0,50,0
2026-05-31,6,VaxCare Co.opmart Quang Trung,11,Vắc xin HPV (Human Papillomavirus),2,2,180,4.9,1240,1790000,6,5,1,3,140,307,0,50,0
2026-05-31,6,VaxCare Co.opmart Quang Trung,12,Vắc xin COVID-19,3,2,180,4.7,1890,550000,6,5,1,6,238,528,0,50,0
2026-05-31,6,VaxCare Co.opmart Quang Trung,13,Vắc xin Zona (Shingrix),4,2,60,4.9,640,3200000,6,5,1,2,58,470,0,50,0
2026-05-31,7,VaxCare Oriental Plaza,1,Vắc xin BCG (Bacille Calmette–Guérin),1,1,0,4.9,860,250000,6,5,1,5,118,305,0,45,0
2026-05-31,7,VaxCare Oriental Plaza,2,Vắc xin Viêm gan B (Hepatitis B),1,3,30,4.8,1420,350000,6,5,1,9,295,577,0,45,0
2026-05-31,7,VaxCare Oriental Plaza,3,Vắc xin Bạch hầu – Ho gà – Uốn ván (DTaP/Tdap),2,5,60,4.9,1180,520000,6,5,1,8,165,536,0,45,0
2026-05-31,7,VaxCare Oriental Plaza,4,Vắc xin Bại liệt (IPV),1,4,60,4.8,930,390000,6,5,1,4,247,220,0,45,0
2026-05-31,7,VaxCare Oriental Plaza,5,Vắc xin Hib (Haemophilus influenzae type b),1,3,60,4.9,760,420000,6,5,1,4,144,216,0,45,0
2026-05-31,7,VaxCare Oriental Plaza,6,Vắc xin MMR (Sởi – Quai bị – Rubella),2,2,28,4.9,1050,350000,6,5,1,5,245,456,0,45,0
2026-05-31,7,VaxCare Oriental Plaza,7,Vắc xin Thủy đậu (Varicella),2,2,28,4.8,980,850000,6,5,1,4,67,622,0,45,0
2026-05-31,7,VaxCare Oriental Plaza,8,Vắc xin Phế cầu (Pneumococcal),3,2,60,4.9,1360,1150000,6,5,1,6,93,500,0,45,0
2026-05-31,7,VaxCare Oriental Plaza,9,Vắc xin Viêm não Nhật Bản,2,3,28,4.8,720,450000,6,5,1,3,121,339,0,45,0
2026-05-31,7,VaxCare Oriental Plaza,10,Vắc xin Cúm mùa (Influenza),5,1,365,4.9,2180,450000,6,5,1,15,334,90,0,45,0
2026-05-31,7,VaxCare Oriental Plaza,11,Vắc xin HPV (Human Papillomavirus),2,2,180,4.9,1240,1790000,6,5,1,3,101,591,0,45,0
2026-05-31,7,VaxCare Oriental Plaza,12,Vắc xin COVID-19,3,2,180,4.7,1890,550000,6,5,1,12,244,618,0,45,0
2026-05-31,7,VaxCare Oriental Plaza,13,Vắc xin Zona (Shingrix),4,2,60,4.9,640,3200000,6,5,1,2,37,544,0,45,1
2026-05-31,8,VaxCare Hóc Môn - Đông Thạnh,1,Vắc xin BCG (Bacille Calmette–Guérin),1,1,0,4.9,860,250000,6,5,1,2,94,680,0,30,0
2026-05-31,8,VaxCare Hóc Môn - Đông Thạnh,2,Vắc xin Viêm gan B (Hepatitis B),1,3,30,4.8,1420,350000,6,5,1,5,149,399,0,30,0
2026-05-31,8,VaxCare Hóc Môn - Đông Thạnh,3,Vắc xin Bạch hầu – Ho gà – Uốn ván (DTaP/Tdap),2,5,60,4.9,1180,520000,6,5,1,5,130,416,0,30,0
2026-05-31,8,VaxCare Hóc Môn - Đông Thạnh,4,Vắc xin Bại liệt (IPV),1,4,60,4.8,930,390000,6,5,1,3,207,378,0,30,0
2026-05-31,8,VaxCare Hóc Môn - Đông Thạnh,5,Vắc xin Hib (Haemophilus influenzae type b),1,3,60,4.9,760,420000,6,5,1,2,152,374,0,30,0
2026-05-31,8,VaxCare Hóc Môn - Đông Thạnh,6,Vắc xin MMR (Sởi – Quai bị – Rubella),2,2,28,4.9,1050,350000,6,5,1,3,60,348,0,30,0
2026-05-31,8,VaxCare Hóc Môn - Đông Thạnh,7,Vắc xin Thủy đậu (Varicella),2,2,28,4.8,980,850000,6,5,1,3,57,412,0,30,0
2026-05-31,8,VaxCare Hóc Môn - Đông Thạnh,8,Vắc xin Phế cầu (Pneumococcal),3,2,60,4.9,1360,1150000,6,5,1,4,46,671,0,30,0
2026-05-31,8,VaxCare Hóc Môn - Đông Thạnh,9,Vắc xin Viêm não Nhật Bản,2,3,28,4.8,720,450000,6,5,1,2,24,244,0,30,1
2026-05-31,8,VaxCare Hóc Môn - Đông Thạnh,10,Vắc xin Cúm mùa (Influenza),5,1,365,4.9,2180,450000,6,5,1,10,397,35,1,30,0
2026-05-31,8,VaxCare Hóc Môn - Đông Thạnh,11,Vắc xin HPV (Human Papillomavirus),2,2,180,4.9,1240,1790000,6,5,1,3,119,232,0,30,0
2026-05-31,8,VaxCare Hóc Môn - Đông Thạnh,12,Vắc xin COVID-19,3,2,180,4.7,1890,550000,6,5,1,9,242,552,0,30,0
2026-05-31,8,VaxCare Hóc Môn - Đông Thạnh,13,Vắc xin Zona (Shingrix),4,2,60,4.9,640,3200000,6,5,1,2,2,337,0,30,1
2026-05-31,9,VaxCare Hiệp Bình,1,Vắc xin BCG (Bacille Calmette–Guérin),1,1,0,4.9,860,250000,6,5,1,4,225,358,0,40,0
2026-05-31,9,VaxCare Hiệp Bình,2,Vắc xin Viêm gan B (Hepatitis B),1,3,30,4.8,1420,350000,6,5,1,4,338,605,0,40,0
2026-05-31,9,VaxCare Hiệp Bình,3,Vắc xin Bạch hầu – Ho gà – Uốn ván (DTaP/Tdap),2,5,60,4.9,1180,520000,6,5,1,5,101,450,0,40,0
2026-05-31,9,VaxCare Hiệp Bình,4,Vắc xin Bại liệt (IPV),1,4,60,4.8,930,390000,6,5,1,4,241,698,0,40,0
2026-05-31,9,VaxCare Hiệp Bình,5,Vắc xin Hib (Haemophilus influenzae type b),1,3,60,4.9,760,420000,6,5,1,4,145,286,0,40,0
2026-05-31,9,VaxCare Hiệp Bình,6,Vắc xin MMR (Sởi – Quai bị – Rubella),2,2,28,4.9,1050,350000,6,5,1,3,189,311,0,40,0
2026-05-31,9,VaxCare Hiệp Bình,7,Vắc xin Thủy đậu (Varicella),2,2,28,4.8,980,850000,6,5,1,2,141,450,0,40,0
2026-05-31,9,VaxCare Hiệp Bình,8,Vắc xin Phế cầu (Pneumococcal),3,2,60,4.9,1360,1150000,6,5,1,3,83,342,0,40,0
2026-05-31,9,VaxCare Hiệp Bình,9,Vắc xin Viêm não Nhật Bản,2,3,28,4.8,720,450000,6,5,1,3,147,680,0,40,0
2026-05-31,9,VaxCare Hiệp Bình,10,Vắc xin Cúm mùa (Influenza),5,1,365,4.9,2180,450000,6,5,1,6,531,188,0,40,0
2026-05-31,9,VaxCare Hiệp Bình,11,Vắc xin HPV (Human Papillomavirus),2,2,180,4.9,1240,1790000,6,5,1,5,129,506,0,40,0
2026-05-31,9,VaxCare Hiệp Bình,12,Vắc xin COVID-19,3,2,180,4.7,1890,550000,6,5,1,8,224,459,0,40,0
2026-05-31,9,VaxCare Hiệp Bình,13,Vắc xin Zona (Shingrix),4,2,60,4.9,640,3200000,6,5,1,1,14,399,0,40,1
2026-05-31,10,VaxCare Tân Định,1,Vắc xin BCG (Bacille Calmette–Guérin),1,1,0,4.9,860,250000,6,5,1,6,160,473,0,50,0
2026-05-31,10,VaxCare Tân Định,2,Vắc xin Viêm gan B (Hepatitis B),1,3,30,4.8,1420,350000,6,5,1,8,460,279,0,50,0
2026-05-31,10,VaxCare Tân Định,3,Vắc xin Bạch hầu – Ho gà – Uốn ván (DTaP/Tdap),2,5,60,4.9,1180,520000,6,5,1,8,203,398,0,50,0
2026-05-31,10,VaxCare Tân Định,4,Vắc xin Bại liệt (IPV),1,4,60,4.8,930,390000,6,5,1,5,146,198,0,50,0
2026-05-31,10,VaxCare Tân Định,5,Vắc xin Hib (Haemophilus influenzae type b),1,3,60,4.9,760,420000,6,5,1,5,207,391,0,50,0
2026-05-31,10,VaxCare Tân Định,6,Vắc xin MMR (Sởi – Quai bị – Rubella),2,2,28,4.9,1050,350000,6,5,1,7,326,401,0,50,0
2026-05-31,10,VaxCare Tân Định,7,Vắc xin Thủy đậu (Varicella),2,2,28,4.8,980,850000,6,5,1,3,77,488,0,50,0
2026-05-31,10,VaxCare Tân Định,8,Vắc xin Phế cầu (Pneumococcal),3,2,60,4.9,1360,1150000,6,5,1,5,84,262,0,50,0
2026-05-31,10,VaxCare Tân Định,9,Vắc xin Viêm não Nhật Bản,2,3,28,4.8,720,450000,6,5,1,3,98,208,0,50,0
2026-05-31,10,VaxCare Tân Định,10,Vắc xin Cúm mùa (Influenza),5,1,365,4.9,2180,450000,6,5,1,3,642,163,0,50,0
2026-05-31,10,VaxCare Tân Định,11,Vắc xin HPV (Human Papillomavirus),2,2,180,4.9,1240,1790000,6,5,1,6,141,453,0,50,0
2026-05-31,10,VaxCare Tân Định,12,Vắc xin COVID-19,3,2,180,4.7,1890,550000,6,5,1,12,398,369,0,50,0
2026-05-31,10,VaxCare Tân Định,13,Vắc xin Zona (Shingrix),4,2,60,4.9,640,3200000,6,5,1,3,46,191,0,50,1
2026-05-31,11,VaxCare An Lạc,1,Vắc xin BCG (Bacille Calmette–Guérin),1,1,0,4.9,860,250000,6,5,1,2,119,584,0,40,0
2026-05-31,11,VaxCare An Lạc,2,Vắc xin Viêm gan B (Hepatitis B),1,3,30,4.8,1420,350000,6,5,1,5,309,227,0,40,0
2026-05-31,11,VaxCare An Lạc,3,Vắc xin Bạch hầu – Ho gà – Uốn ván (DTaP/Tdap),2,5,60,4.9,1180,520000,6,5,1,4,232,674,0,40,0
2026-05-31,11,VaxCare An Lạc,4,Vắc xin Bại liệt (IPV),1,4,60,4.8,930,390000,6,5,1,6,199,656,0,40,0
2026-05-31,11,VaxCare An Lạc,5,Vắc xin Hib (Haemophilus influenzae type b),1,3,60,4.9,760,420000,6,5,1,4,112,674,0,40,0
2026-05-31,11,VaxCare An Lạc,6,Vắc xin MMR (Sởi – Quai bị – Rubella),2,2,28,4.9,1050,350000,6,5,1,3,176,247,0,40,0
2026-05-31,11,VaxCare An Lạc,7,Vắc xin Thủy đậu (Varicella),2,2,28,4.8,980,850000,6,5,1,4,118,690,0,40,0
2026-05-31,11,VaxCare An Lạc,8,Vắc xin Phế cầu (Pneumococcal),3,2,60,4.9,1360,1150000,6,5,1,6,33,584,0,40,1
2026-05-31,11,VaxCare An Lạc,9,Vắc xin Viêm não Nhật Bản,2,3,28,4.8,720,450000,6,5,1,3,70,693,0,40,0
2026-05-31,11,VaxCare An Lạc,10,Vắc xin Cúm mùa (Influenza),5,1,365,4.9,2180,450000,6,5,1,18,419,87,1,40,0
2026-05-31,11,VaxCare An Lạc,11,Vắc xin HPV (Human Papillomavirus),2,2,180,4.9,1240,1790000,6,5,1,2,179,484,0,40,0
2026-05-31,11,VaxCare An Lạc,12,Vắc xin COVID-19,3,2,180,4.7,1890,550000,6,5,1,3,212,619,0,40,0
2026-05-31,11,VaxCare An Lạc,13,Vắc xin Zona (Shingrix),4,2,60,4.9,640,3200000,6,5,1,2,73,265,0,40,0
2026-05-31,12,VaxCare Phú Thuận,1,Vắc xin BCG (Bacille Calmette–Guérin),1,1,0,4.9,860,250000,6,5,1,3,172,416,0,35,0
2026-05-31,12,VaxCare Phú Thuận,2,Vắc xin Viêm gan B (Hepatitis B),1,3,30,4.8,1420,350000,6,5,1,8,343,436,0,35,0
2026-05-31,12,VaxCare Phú Thuận,3,Vắc xin Bạch hầu – Ho gà – Uốn ván (DTaP/Tdap),2,5,60,4.9,1180,520000,6,5,1,3,244,678,0,35,0
2026-05-31,12,VaxCare Phú Thuận,4,Vắc xin Bại liệt (IPV),1,4,60,4.8,930,390000,6,5,1,5,209,313,0,35,0
2026-05-31,12,VaxCare Phú Thuận,5,Vắc xin Hib (Haemophilus influenzae type b),1,3,60,4.9,760,420000,6,5,1,3,189,641,0,35,0
2026-05-31,12,VaxCare Phú Thuận,6,Vắc xin MMR (Sởi – Quai bị – Rubella),2,2,28,4.9,1050,350000,6,5,1,7,298,250,0,35,0
2026-05-31,12,VaxCare Phú Thuận,7,Vắc xin Thủy đậu (Varicella),2,2,28,4.8,980,850000,6,5,1,3,109,282,0,35,0
2026-05-31,12,VaxCare Phú Thuận,8,Vắc xin Phế cầu (Pneumococcal),3,2,60,4.9,1360,1150000,6,5,1,7,66,580,0,35,0
2026-05-31,12,VaxCare Phú Thuận,9,Vắc xin Viêm não Nhật Bản,2,3,28,4.8,720,450000,6,5,1,4,134,463,0,35,0
2026-05-31,12,VaxCare Phú Thuận,10,Vắc xin Cúm mùa (Influenza),5,1,365,4.9,2180,450000,6,5,1,7,340,47,1,35,0
2026-05-31,12,VaxCare Phú Thuận,11,Vắc xin HPV (Human Papillomavirus),2,2,180,4.9,1240,1790000,6,5,1,3,104,321,0,35,0
2026-05-31,12,VaxCare Phú Thuận,12,Vắc xin COVID-19,3,2,180,4.7,1890,550000,6,5,1,12,258,591,0,35,0
2026-05-31,12,VaxCare Phú Thuận,13,Vắc xin Zona (Shingrix),4,2,60,4.9,640,3200000,6,5,1,2,41,295,0,35,0
2026-06-01,1,VaxCare Phú Nhuận,1,Vắc xin BCG (Bacille Calmette–Guérin),1,1,0,4.9,860,250000,0,6,0,9,263,646,0,50,0
2026-06-01,1,VaxCare Phú Nhuận,2,Vắc xin Viêm gan B (Hepatitis B),1,3,30,4.8,1420,350000,0,6,0,22,289,190,0,50,0
2026-06-01,1,VaxCare Phú Nhuận,3,Vắc xin Bạch hầu – Ho gà – Uốn ván (DTaP/Tdap),2,5,60,4.9,1180,520000,0,6,0,15,155,556,0,50,0
2026-06-01,1,VaxCare Phú Nhuận,4,Vắc xin Bại liệt (IPV),1,4,60,4.8,930,390000,0,6,0,8,196,264,0,50,0
2026-06-01,1,VaxCare Phú Nhuận,5,Vắc xin Hib (Haemophilus influenzae type b),1,3,60,4.9,760,420000,0,6,0,7,107,425,0,50,0
2026-06-01,1,VaxCare Phú Nhuận,6,Vắc xin MMR (Sởi – Quai bị – Rubella),2,2,28,4.9,1050,350000,0,6,0,13,297,671,0,50,0
2026-06-01,1,VaxCare Phú Nhuận,7,Vắc xin Thủy đậu (Varicella),2,2,28,4.8,980,850000,0,6,0,10,90,402,0,50,0
2026-06-01,1,VaxCare Phú Nhuận,8,Vắc xin Phế cầu (Pneumococcal),3,2,60,4.9,1360,1150000,0,6,0,15,70,206,0,50,0
2026-06-01,1,VaxCare Phú Nhuận,9,Vắc xin Viêm não Nhật Bản,2,3,28,4.8,720,450000,0,6,0,9,182,228,0,50,0
2026-06-01,1,VaxCare Phú Nhuận,10,Vắc xin Cúm mùa (Influenza),5,1,365,4.9,2180,450000,0,6,0,38,673,169,0,50,0
2026-06-01,1,VaxCare Phú Nhuận,11,Vắc xin HPV (Human Papillomavirus),2,2,180,4.9,1240,1790000,0,6,0,10,179,518,0,50,0
2026-06-01,1,VaxCare Phú Nhuận,12,Vắc xin COVID-19,3,2,180,4.7,1890,550000,0,6,0,38,216,192,0,50,0
2026-06-01,1,VaxCare Phú Nhuận,13,Vắc xin Zona (Shingrix),4,2,60,4.9,640,3200000,0,6,0,6,46,644,0,50,1
2026-06-01,2,VaxCare Thủ Đức - Bình Chiểu,1,Vắc xin BCG (Bacille Calmette–Guérin),1,1,0,4.9,860,250000,0,6,0,9,82,677,0,40,0
2026-06-01,2,VaxCare Thủ Đức - Bình Chiểu,2,Vắc xin Viêm gan B (Hepatitis B),1,3,30,4.8,1420,350000,0,6,0,13,316,533,0,40,0
2026-06-01,2,VaxCare Thủ Đức - Bình Chiểu,3,Vắc xin Bạch hầu – Ho gà – Uốn ván (DTaP/Tdap),2,5,60,4.9,1180,520000,0,6,0,12,92,490,0,40,0
2026-06-01,2,VaxCare Thủ Đức - Bình Chiểu,4,Vắc xin Bại liệt (IPV),1,4,60,4.8,930,390000,0,6,0,5,123,571,0,40,0
2026-06-01,2,VaxCare Thủ Đức - Bình Chiểu,5,Vắc xin Hib (Haemophilus influenzae type b),1,3,60,4.9,760,420000,0,6,0,7,145,439,0,40,0
2026-06-01,2,VaxCare Thủ Đức - Bình Chiểu,6,Vắc xin MMR (Sởi – Quai bị – Rubella),2,2,28,4.9,1050,350000,0,6,0,13,254,508,0,40,0
2026-06-01,2,VaxCare Thủ Đức - Bình Chiểu,7,Vắc xin Thủy đậu (Varicella),2,2,28,4.8,980,850000,0,6,0,8,31,445,0,40,1
2026-06-01,2,VaxCare Thủ Đức - Bình Chiểu,8,Vắc xin Phế cầu (Pneumococcal),3,2,60,4.9,1360,1150000,0,6,0,6,6,593,0,40,1
2026-06-01,2,VaxCare Thủ Đức - Bình Chiểu,9,Vắc xin Viêm não Nhật Bản,2,3,28,4.8,720,450000,0,6,0,5,28,189,0,40,1
2026-06-01,2,VaxCare Thủ Đức - Bình Chiểu,10,Vắc xin Cúm mùa (Influenza),5,1,365,4.9,2180,450000,0,6,0,19,426,113,0,40,0
2026-06-01,2,VaxCare Thủ Đức - Bình Chiểu,11,Vắc xin HPV (Human Papillomavirus),2,2,180,4.9,1240,1790000,0,6,0,10,130,418,0,40,0
2026-06-01,2,VaxCare Thủ Đức - Bình Chiểu,12,Vắc xin COVID-19,3,2,180,4.7,1890,550000,0,6,0,13,253,422,0,40,0
2026-06-01,2,VaxCare Thủ Đức - Bình Chiểu,13,Vắc xin Zona (Shingrix),4,2,60,4.9,640,3200000,0,6,0,3,14,450,0,40,1
2026-06-01,3,VaxCare Nowzone,1,Vắc xin BCG (Bacille Calmette–Guérin),1,1,0,4.9,860,250000,0,6,0,8,198,642,0,60,0
2026-06-01,3,VaxCare Nowzone,2,Vắc xin Viêm gan B (Hepatitis B),1,3,30,4.8,1420,350000,0,6,0,23,243,528,0,60,0
2026-06-01,3,VaxCare Nowzone,3,Vắc xin Bạch hầu – Ho gà – Uốn ván (DTaP/Tdap),2,5,60,4.9,1180,520000,0,6,0,20,186,467,0,60,0
2026-06-01,3,VaxCare Nowzone,4,Vắc xin Bại liệt (IPV),1,4,60,4.8,930,390000,0,6,0,11,318,490,0,60,0
2026-06-01,3,VaxCare Nowzone,5,Vắc xin Hib (Haemophilus influenzae type b),1,3,60,4.9,760,420000,0,6,0,9,167,402,0,60,0
2026-06-01,3,VaxCare Nowzone,6,Vắc xin MMR (Sởi – Quai bị – Rubella),2,2,28,4.9,1050,350000,0,6,0,15,362,576,0,60,0
2026-06-01,3,VaxCare Nowzone,7,Vắc xin Thủy đậu (Varicella),2,2,28,4.8,980,850000,0,6,0,7,61,346,0,60,0
2026-06-01,3,VaxCare Nowzone,8,Vắc xin Phế cầu (Pneumococcal),3,2,60,4.9,1360,1150000,0,6,0,11,36,548,0,60,1
2026-06-01,3,VaxCare Nowzone,9,Vắc xin Viêm não Nhật Bản,2,3,28,4.8,720,450000,0,6,0,4,131,668,0,60,0
2026-06-01,3,VaxCare Nowzone,10,Vắc xin Cúm mùa (Influenza),5,1,365,4.9,2180,450000,0,6,0,28,527,57,1,60,0
2026-06-01,3,VaxCare Nowzone,11,Vắc xin HPV (Human Papillomavirus),2,2,180,4.9,1240,1790000,0,6,0,10,60,494,0,60,0
2026-06-01,3,VaxCare Nowzone,12,Vắc xin COVID-19,3,2,180,4.7,1890,550000,0,6,0,15,326,539,0,60,0
2026-06-01,3,VaxCare Nowzone,13,Vắc xin Zona (Shingrix),4,2,60,4.9,640,3200000,0,6,0,8,8,646,0,60,1
2026-06-01,4,VaxCare Củ Chi - Bình Mỹ,1,Vắc xin BCG (Bacille Calmette–Guérin),1,1,0,4.9,860,250000,0,6,0,8,60,395,0,30,0
2026-06-01,4,VaxCare Củ Chi - Bình Mỹ,2,Vắc xin Viêm gan B (Hepatitis B),1,3,30,4.8,1420,350000,0,6,0,10,152,205,0,30,0
2026-06-01,4,VaxCare Củ Chi - Bình Mỹ,3,Vắc xin Bạch hầu – Ho gà – Uốn ván (DTaP/Tdap),2,5,60,4.9,1180,520000,0,6,0,7,183,699,0,30,0
2026-06-01,4,VaxCare Củ Chi - Bình Mỹ,4,Vắc xin Bại liệt (IPV),1,4,60,4.8,930,390000,0,6,0,7,59,537,0,30,0
2026-06-01,4,VaxCare Củ Chi - Bình Mỹ,5,Vắc xin Hib (Haemophilus influenzae type b),1,3,60,4.9,760,420000,0,6,0,5,167,568,0,30,0
2026-06-01,4,VaxCare Củ Chi - Bình Mỹ,6,Vắc xin MMR (Sởi – Quai bị – Rubella),2,2,28,4.9,1050,350000,0,6,0,7,201,597,0,30,0
2026-06-01,4,VaxCare Củ Chi - Bình Mỹ,7,Vắc xin Thủy đậu (Varicella),2,2,28,4.8,980,850000,0,6,0,5,55,667,0,30,0
2026-06-01,4,VaxCare Củ Chi - Bình Mỹ,8,Vắc xin Phế cầu (Pneumococcal),3,2,60,4.9,1360,1150000,0,6,0,9,9,647,0,30,1
2026-06-01,4,VaxCare Củ Chi - Bình Mỹ,9,Vắc xin Viêm não Nhật Bản,2,3,28,4.8,720,450000,0,6,0,5,38,221,0,30,0
2026-06-01,4,VaxCare Củ Chi - Bình Mỹ,10,Vắc xin Cúm mùa (Influenza),5,1,365,4.9,2180,450000,0,6,0,10,391,174,0,30,0
2026-06-01,4,VaxCare Củ Chi - Bình Mỹ,11,Vắc xin HPV (Human Papillomavirus),2,2,180,4.9,1240,1790000,0,6,0,4,56,565,0,30,0
2026-06-01,4,VaxCare Củ Chi - Bình Mỹ,12,Vắc xin COVID-19,3,2,180,4.7,1890,550000,0,6,0,12,95,368,0,30,0
2026-06-01,4,VaxCare Củ Chi - Bình Mỹ,13,Vắc xin Zona (Shingrix),4,2,60,4.9,640,3200000,0,6,0,2,2,267,0,30,1
2026-06-01,5,VaxCare Trung Mỹ Tây,1,Vắc xin BCG (Bacille Calmette–Guérin),1,1,0,4.9,860,250000,0,6,0,7,99,424,0,40,0
2026-06-01,5,VaxCare Trung Mỹ Tây,2,Vắc xin Viêm gan B (Hepatitis B),1,3,30,4.8,1420,350000,0,6,0,12,400,609,0,40,0
2026-06-01,5,VaxCare Trung Mỹ Tây,3,Vắc xin Bạch hầu – Ho gà – Uốn ván (DTaP/Tdap),2,5,60,4.9,1180,520000,0,6,0,12,172,351,0,40,0
2026-06-01,5,VaxCare Trung Mỹ Tây,4,Vắc xin Bại liệt (IPV),1,4,60,4.8,930,390000,0,6,0,8,164,377,0,40,0
2026-06-01,5,VaxCare Trung Mỹ Tây,5,Vắc xin Hib (Haemophilus influenzae type b),1,3,60,4.9,760,420000,0,6,0,8,173,326,0,40,0
2026-06-01,5,VaxCare Trung Mỹ Tây,6,Vắc xin MMR (Sởi – Quai bị – Rubella),2,2,28,4.9,1050,350000,0,6,0,8,193,466,0,40,0
2026-06-01,5,VaxCare Trung Mỹ Tây,7,Vắc xin Thủy đậu (Varicella),2,2,28,4.8,980,850000,0,6,0,9,54,208,0,40,0
2026-06-01,5,VaxCare Trung Mỹ Tây,8,Vắc xin Phế cầu (Pneumococcal),3,2,60,4.9,1360,1150000,0,6,0,10,39,444,0,40,1
2026-06-01,5,VaxCare Trung Mỹ Tây,9,Vắc xin Viêm não Nhật Bản,2,3,28,4.8,720,450000,0,6,0,7,149,532,0,40,0
2026-06-01,5,VaxCare Trung Mỹ Tây,10,Vắc xin Cúm mùa (Influenza),5,1,365,4.9,2180,450000,0,6,0,31,495,142,0,40,0
2026-06-01,5,VaxCare Trung Mỹ Tây,11,Vắc xin HPV (Human Papillomavirus),2,2,180,4.9,1240,1790000,0,6,0,9,82,323,0,40,0
2026-06-01,5,VaxCare Trung Mỹ Tây,12,Vắc xin COVID-19,3,2,180,4.7,1890,550000,0,6,0,17,290,697,0,40,0
2026-06-01,5,VaxCare Trung Mỹ Tây,13,Vắc xin Zona (Shingrix),4,2,60,4.9,640,3200000,0,6,0,5,5,229,0,40,1
2026-06-01,6,VaxCare Co.opmart Quang Trung,1,Vắc xin BCG (Bacille Calmette–Guérin),1,1,0,4.9,860,250000,0,6,0,9,80,439,0,50,0
2026-06-01,6,VaxCare Co.opmart Quang Trung,2,Vắc xin Viêm gan B (Hepatitis B),1,3,30,4.8,1420,350000,0,6,0,7,265,670,0,50,0
2026-06-01,6,VaxCare Co.opmart Quang Trung,3,Vắc xin Bạch hầu – Ho gà – Uốn ván (DTaP/Tdap),2,5,60,4.9,1180,520000,0,6,0,8,169,289,0,50,0
2026-06-01,6,VaxCare Co.opmart Quang Trung,4,Vắc xin Bại liệt (IPV),1,4,60,4.8,930,390000,0,6,0,9,176,350,0,50,0
2026-06-01,6,VaxCare Co.opmart Quang Trung,5,Vắc xin Hib (Haemophilus influenzae type b),1,3,60,4.9,760,420000,0,6,0,10,112,186,0,50,0
2026-06-01,6,VaxCare Co.opmart Quang Trung,6,Vắc xin MMR (Sởi – Quai bị – Rubella),2,2,28,4.9,1050,350000,0,6,0,7,151,489,0,50,0
2026-06-01,6,VaxCare Co.opmart Quang Trung,7,Vắc xin Thủy đậu (Varicella),2,2,28,4.8,980,850000,0,6,0,7,118,210,0,50,0
2026-06-01,6,VaxCare Co.opmart Quang Trung,8,Vắc xin Phế cầu (Pneumococcal),3,2,60,4.9,1360,1150000,0,6,0,12,18,637,0,50,1
2026-06-01,6,VaxCare Co.opmart Quang Trung,9,Vắc xin Viêm não Nhật Bản,2,3,28,4.8,720,450000,0,6,0,5,147,364,0,50,0
2026-06-01,6,VaxCare Co.opmart Quang Trung,10,Vắc xin Cúm mùa (Influenza),5,1,365,4.9,2180,450000,0,6,0,25,333,61,1,50,0
2026-06-01,6,VaxCare Co.opmart Quang Trung,11,Vắc xin HPV (Human Papillomavirus),2,2,180,4.9,1240,1790000,0,6,0,11,154,215,0,50,0
2026-06-01,6,VaxCare Co.opmart Quang Trung,12,Vắc xin COVID-19,3,2,180,4.7,1890,550000,0,6,0,21,350,513,0,50,0
2026-06-01,6,VaxCare Co.opmart Quang Trung,13,Vắc xin Zona (Shingrix),4,2,60,4.9,640,3200000,0,6,0,5,5,314,0,50,1
2026-06-01,7,VaxCare Oriental Plaza,1,Vắc xin BCG (Bacille Calmette–Guérin),1,1,0,4.9,860,250000,0,6,0,6,152,675,0,45,0
2026-06-01,7,VaxCare Oriental Plaza,2,Vắc xin Viêm gan B (Hepatitis B),1,3,30,4.8,1420,350000,0,6,0,13,168,258,0,45,0
2026-06-01,7,VaxCare Oriental Plaza,3,Vắc xin Bạch hầu – Ho gà – Uốn ván (DTaP/Tdap),2,5,60,4.9,1180,520000,0,6,0,14,161,497,0,45,0
2026-06-01,7,VaxCare Oriental Plaza,4,Vắc xin Bại liệt (IPV),1,4,60,4.8,930,390000,0,6,0,10,133,295,0,45,0
2026-06-01,7,VaxCare Oriental Plaza,5,Vắc xin Hib (Haemophilus influenzae type b),1,3,60,4.9,760,420000,0,6,0,3,98,487,0,45,0
2026-06-01,7,VaxCare Oriental Plaza,6,Vắc xin MMR (Sởi – Quai bị – Rubella),2,2,28,4.9,1050,350000,0,6,0,12,209,379,0,45,0
2026-06-01,7,VaxCare Oriental Plaza,7,Vắc xin Thủy đậu (Varicella),2,2,28,4.8,980,850000,0,6,0,9,169,184,0,45,0
2026-06-01,7,VaxCare Oriental Plaza,8,Vắc xin Phế cầu (Pneumococcal),3,2,60,4.9,1360,1150000,0,6,0,10,91,222,0,45,0
2026-06-01,7,VaxCare Oriental Plaza,9,Vắc xin Viêm não Nhật Bản,2,3,28,4.8,720,450000,0,6,0,6,16,526,0,45,1
2026-06-01,7,VaxCare Oriental Plaza,10,Vắc xin Cúm mùa (Influenza),5,1,365,4.9,2180,450000,0,6,0,17,493,67,1,45,0
2026-06-01,7,VaxCare Oriental Plaza,11,Vắc xin HPV (Human Papillomavirus),2,2,180,4.9,1240,1790000,0,6,0,9,180,680,0,45,0
2026-06-01,7,VaxCare Oriental Plaza,12,Vắc xin COVID-19,3,2,180,4.7,1890,550000,0,6,0,18,197,248,0,45,0
2026-06-01,7,VaxCare Oriental Plaza,13,Vắc xin Zona (Shingrix),4,2,60,4.9,640,3200000,0,6,0,4,4,320,0,45,1
2026-06-01,8,VaxCare Hóc Môn - Đông Thạnh,1,Vắc xin BCG (Bacille Calmette–Guérin),1,1,0,4.9,860,250000,0,6,0,7,180,455,0,30,0
2026-06-01,8,VaxCare Hóc Môn - Đông Thạnh,2,Vắc xin Viêm gan B (Hepatitis B),1,3,30,4.8,1420,350000,0,6,0,10,203,507,0,30,0
2026-06-01,8,VaxCare Hóc Môn - Đông Thạnh,3,Vắc xin Bạch hầu – Ho gà – Uốn ván (DTaP/Tdap),2,5,60,4.9,1180,520000,0,6,0,10,179,280,0,30,0
2026-06-01,8,VaxCare Hóc Môn - Đông Thạnh,4,Vắc xin Bại liệt (IPV),1,4,60,4.8,930,390000,0,6,0,8,72,638,0,30,0
2026-06-01,8,VaxCare Hóc Môn - Đông Thạnh,5,Vắc xin Hib (Haemophilus influenzae type b),1,3,60,4.9,760,420000,0,6,0,4,87,415,0,30,0
2026-06-01,8,VaxCare Hóc Môn - Đông Thạnh,6,Vắc xin MMR (Sởi – Quai bị – Rubella),2,2,28,4.9,1050,350000,0,6,0,8,136,672,0,30,0
2026-06-01,8,VaxCare Hóc Môn - Đông Thạnh,7,Vắc xin Thủy đậu (Varicella),2,2,28,4.8,980,850000,0,6,0,6,47,373,0,30,0
2026-06-01,8,VaxCare Hóc Môn - Đông Thạnh,8,Vắc xin Phế cầu (Pneumococcal),3,2,60,4.9,1360,1150000,0,6,0,6,11,685,0,30,1
2026-06-01,8,VaxCare Hóc Môn - Đông Thạnh,9,Vắc xin Viêm não Nhật Bản,2,3,28,4.8,720,450000,0,6,0,5,61,401,0,30,0
2026-06-01,8,VaxCare Hóc Môn - Đông Thạnh,10,Vắc xin Cúm mùa (Influenza),5,1,365,4.9,2180,450000,0,6,0,18,348,42,1,30,0
2026-06-01,8,VaxCare Hóc Môn - Đông Thạnh,11,Vắc xin HPV (Human Papillomavirus),2,2,180,4.9,1240,1790000,0,6,0,11,87,636,0,30,0
2026-06-01,8,VaxCare Hóc Môn - Đông Thạnh,12,Vắc xin COVID-19,3,2,180,4.7,1890,550000,0,6,0,3,230,317,0,30,0
2026-06-01,8,VaxCare Hóc Môn - Đông Thạnh,13,Vắc xin Zona (Shingrix),4,2,60,4.9,640,3200000,0,6,0,3,45,530,0,30,0
2026-06-01,9,VaxCare Hiệp Bình,1,Vắc xin BCG (Bacille Calmette–Guérin),1,1,0,4.9,860,250000,0,6,0,13,241,651,0,40,0
2026-06-01,9,VaxCare Hiệp Bình,2,Vắc xin Viêm gan B (Hepatitis B),1,3,30,4.8,1420,350000,0,6,0,12,168,289,0,40,0
2026-06-01,9,VaxCare Hiệp Bình,3,Vắc xin Bạch hầu – Ho gà – Uốn ván (DTaP/Tdap),2,5,60,4.9,1180,520000,0,6,0,12,127,674,0,40,0
2026-06-01,9,VaxCare Hiệp Bình,4,Vắc xin Bại liệt (IPV),1,4,60,4.8,930,390000,0,6,0,9,252,312,0,40,0
2026-06-01,9,VaxCare Hiệp Bình,5,Vắc xin Hib (Haemophilus influenzae type b),1,3,60,4.9,760,420000,0,6,0,7,139,302,0,40,0
2026-06-01,9,VaxCare Hiệp Bình,6,Vắc xin MMR (Sởi – Quai bị – Rubella),2,2,28,4.9,1050,350000,0,6,0,9,290,541,0,40,0
2026-06-01,9,VaxCare Hiệp Bình,7,Vắc xin Thủy đậu (Varicella),2,2,28,4.8,980,850000,0,6,0,7,97,332,0,40,0
2026-06-01,9,VaxCare Hiệp Bình,8,Vắc xin Phế cầu (Pneumococcal),3,2,60,4.9,1360,1150000,0,6,0,12,29,455,0,40,1
2026-06-01,9,VaxCare Hiệp Bình,9,Vắc xin Viêm não Nhật Bản,2,3,28,4.8,720,450000,0,6,0,6,121,668,0,40,0
2026-06-01,9,VaxCare Hiệp Bình,10,Vắc xin Cúm mùa (Influenza),5,1,365,4.9,2180,450000,0,6,0,23,485,56,1,40,0
2026-06-01,9,VaxCare Hiệp Bình,11,Vắc xin HPV (Human Papillomavirus),2,2,180,4.9,1240,1790000,0,6,0,10,96,307,0,40,0
2026-06-01,9,VaxCare Hiệp Bình,12,Vắc xin COVID-19,3,2,180,4.7,1890,550000,0,6,0,24,203,634,0,40,0
2026-06-01,9,VaxCare Hiệp Bình,13,Vắc xin Zona (Shingrix),4,2,60,4.9,640,3200000,0,6,0,6,10,657,0,40,1
2026-06-01,10,VaxCare Tân Định,1,Vắc xin BCG (Bacille Calmette–Guérin),1,1,0,4.9,860,250000,0,6,0,10,150,293,0,50,0
2026-06-01,10,VaxCare Tân Định,2,Vắc xin Viêm gan B (Hepatitis B),1,3,30,4.8,1420,350000,0,6,0,12,401,486,0,50,0
2026-06-01,10,VaxCare Tân Định,3,Vắc xin Bạch hầu – Ho gà – Uốn ván (DTaP/Tdap),2,5,60,4.9,1180,520000,0,6,0,16,146,601,0,50,0
2026-06-01,10,VaxCare Tân Định,4,Vắc xin Bại liệt (IPV),1,4,60,4.8,930,390000,0,6,0,11,180,261,0,50,0
2026-06-01,10,VaxCare Tân Định,5,Vắc xin Hib (Haemophilus influenzae type b),1,3,60,4.9,760,420000,0,6,0,10,206,251,0,50,0
2026-06-01,10,VaxCare Tân Định,6,Vắc xin MMR (Sởi – Quai bị – Rubella),2,2,28,4.9,1050,350000,0,6,0,13,174,640,0,50,0
2026-06-01,10,VaxCare Tân Định,7,Vắc xin Thủy đậu (Varicella),2,2,28,4.8,980,850000,0,6,0,9,62,652,0,50,0
2026-06-01,10,VaxCare Tân Định,8,Vắc xin Phế cầu (Pneumococcal),3,2,60,4.9,1360,1150000,0,6,0,12,57,375,0,50,0
2026-06-01,10,VaxCare Tân Định,9,Vắc xin Viêm não Nhật Bản,2,3,28,4.8,720,450000,0,6,0,11,142,530,0,50,0
2026-06-01,10,VaxCare Tân Định,10,Vắc xin Cúm mùa (Influenza),5,1,365,4.9,2180,450000,0,6,0,25,578,156,0,50,0
2026-06-01,10,VaxCare Tân Định,11,Vắc xin HPV (Human Papillomavirus),2,2,180,4.9,1240,1790000,0,6,0,10,71,667,0,50,0
2026-06-01,10,VaxCare Tân Định,12,Vắc xin COVID-19,3,2,180,4.7,1890,550000,0,6,0,15,178,494,0,50,0
2026-06-01,10,VaxCare Tân Định,13,Vắc xin Zona (Shingrix),4,2,60,4.9,640,3200000,0,6,0,5,60,228,0,50,0
2026-06-01,11,VaxCare An Lạc,1,Vắc xin BCG (Bacille Calmette–Guérin),1,1,0,4.9,860,250000,0,6,0,10,231,199,0,40,0
2026-06-01,11,VaxCare An Lạc,2,Vắc xin Viêm gan B (Hepatitis B),1,3,30,4.8,1420,350000,0,6,0,14,314,662,0,40,0
2026-06-01,11,VaxCare An Lạc,3,Vắc xin Bạch hầu – Ho gà – Uốn ván (DTaP/Tdap),2,5,60,4.9,1180,520000,0,6,0,14,110,211,0,40,0
2026-06-01,11,VaxCare An Lạc,4,Vắc xin Bại liệt (IPV),1,4,60,4.8,930,390000,0,6,0,10,177,247,0,40,0
2026-06-01,11,VaxCare An Lạc,5,Vắc xin Hib (Haemophilus influenzae type b),1,3,60,4.9,760,420000,0,6,0,7,129,413,0,40,0
2026-06-01,11,VaxCare An Lạc,6,Vắc xin MMR (Sởi – Quai bị – Rubella),2,2,28,4.9,1050,350000,0,6,0,9,230,351,0,40,0
2026-06-01,11,VaxCare An Lạc,7,Vắc xin Thủy đậu (Varicella),2,2,28,4.8,980,850000,0,6,0,9,100,554,0,40,0
2026-06-01,11,VaxCare An Lạc,8,Vắc xin Phế cầu (Pneumococcal),3,2,60,4.9,1360,1150000,0,6,0,9,52,406,0,40,0
2026-06-01,11,VaxCare An Lạc,9,Vắc xin Viêm não Nhật Bản,2,3,28,4.8,720,450000,0,6,0,8,86,266,0,40,0
2026-06-01,11,VaxCare An Lạc,10,Vắc xin Cúm mùa (Influenza),5,1,365,4.9,2180,450000,0,6,0,21,490,45,1,40,0
2026-06-01,11,VaxCare An Lạc,11,Vắc xin HPV (Human Papillomavirus),2,2,180,4.9,1240,1790000,0,6,0,9,141,657,0,40,0
2026-06-01,11,VaxCare An Lạc,12,Vắc xin COVID-19,3,2,180,4.7,1890,550000,0,6,0,16,257,651,0,40,0
2026-06-01,11,VaxCare An Lạc,13,Vắc xin Zona (Shingrix),4,2,60,4.9,640,3200000,0,6,0,5,26,498,0,40,1
2026-06-01,12,VaxCare Phú Thuận,1,Vắc xin BCG (Bacille Calmette–Guérin),1,1,0,4.9,860,250000,0,6,0,7,226,516,0,35,0
2026-06-01,12,VaxCare Phú Thuận,2,Vắc xin Viêm gan B (Hepatitis B),1,3,30,4.8,1420,350000,0,6,0,17,299,247,0,35,0
2026-06-01,12,VaxCare Phú Thuận,3,Vắc xin Bạch hầu – Ho gà – Uốn ván (DTaP/Tdap),2,5,60,4.9,1180,520000,0,6,0,10,184,408,0,35,0
2026-06-01,12,VaxCare Phú Thuận,4,Vắc xin Bại liệt (IPV),1,4,60,4.8,930,390000,0,6,0,10,137,459,0,35,0
2026-06-01,12,VaxCare Phú Thuận,5,Vắc xin Hib (Haemophilus influenzae type b),1,3,60,4.9,760,420000,0,6,0,6,122,341,0,35,0
2026-06-01,12,VaxCare Phú Thuận,6,Vắc xin MMR (Sởi – Quai bị – Rubella),2,2,28,4.9,1050,350000,0,6,0,9,260,510,0,35,0
2026-06-01,12,VaxCare Phú Thuận,7,Vắc xin Thủy đậu (Varicella),2,2,28,4.8,980,850000,0,6,0,11,72,672,0,35,0
2026-06-01,12,VaxCare Phú Thuận,8,Vắc xin Phế cầu (Pneumococcal),3,2,60,4.9,1360,1150000,0,6,0,13,123,435,0,35,0
2026-06-01,12,VaxCare Phú Thuận,9,Vắc xin Viêm não Nhật Bản,2,3,28,4.8,720,450000,0,6,0,7,173,352,0,35,0
2026-06-01,12,VaxCare Phú Thuận,10,Vắc xin Cúm mùa (Influenza),5,1,365,4.9,2180,450000,0,6,0,11,383,107,0,35,0
2026-06-01,12,VaxCare Phú Thuận,11,Vắc xin HPV (Human Papillomavirus),2,2,180,4.9,1240,1790000,0,6,0,10,140,512,0,35,0
2026-06-01,12,VaxCare Phú Thuận,12,Vắc xin COVID-19,3,2,180,4.7,1890,550000,0,6,0,24,172,196,0,35,0
2026-06-01,12,VaxCare Phú Thuận,13,Vắc xin Zona (Shingrix),4,2,60,4.9,640,3200000,0,6,0,5,72,487,0,35,0
2026-06-02,1,VaxCare Phú Nhuận,1,Vắc xin BCG (Bacille Calmette–Guérin),1,1,0,4.9,860,250000,1,6,0,10,211,499,0,50,0
2026-06-02,1,VaxCare Phú Nhuận,2,Vắc xin Viêm gan B (Hepatitis B),1,3,30,4.8,1420,350000,1,6,0,17,242,680,0,50,0
2026-06-02,1,VaxCare Phú Nhuận,3,Vắc xin Bạch hầu – Ho gà – Uốn ván (DTaP/Tdap),2,5,60,4.9,1180,520000,1,6,0,14,139,446,0,50,0
2026-06-02,1,VaxCare Phú Nhuận,4,Vắc xin Bại liệt (IPV),1,4,60,4.8,930,390000,1,6,0,9,290,470,0,50,0
2026-06-02,1,VaxCare Phú Nhuận,5,Vắc xin Hib (Haemophilus influenzae type b),1,3,60,4.9,760,420000,1,6,0,8,146,590,0,50,0
2026-06-02,1,VaxCare Phú Nhuận,6,Vắc xin MMR (Sởi – Quai bị – Rubella),2,2,28,4.9,1050,350000,1,6,0,12,306,242,0,50,0
2026-06-02,1,VaxCare Phú Nhuận,7,Vắc xin Thủy đậu (Varicella),2,2,28,4.8,980,850000,1,6,0,12,92,454,0,50,0
2026-06-02,1,VaxCare Phú Nhuận,8,Vắc xin Phế cầu (Pneumococcal),3,2,60,4.9,1360,1150000,1,6,0,7,127,381,0,50,0
2026-06-02,1,VaxCare Phú Nhuận,9,Vắc xin Viêm não Nhật Bản,2,3,28,4.8,720,450000,1,6,0,9,116,589,0,50,0
2026-06-02,1,VaxCare Phú Nhuận,10,Vắc xin Cúm mùa (Influenza),5,1,365,4.9,2180,450000,1,6,0,11,521,84,1,50,0
2026-06-02,1,VaxCare Phú Nhuận,11,Vắc xin HPV (Human Papillomavirus),2,2,180,4.9,1240,1790000,1,6,0,9,205,535,0,50,0
2026-06-02,1,VaxCare Phú Nhuận,12,Vắc xin COVID-19,3,2,180,4.7,1890,550000,1,6,0,21,179,407,0,50,0
2026-06-02,1,VaxCare Phú Nhuận,13,Vắc xin Zona (Shingrix),4,2,60,4.9,640,3200000,1,6,0,6,34,280,0,50,1
2026-06-02,2,VaxCare Thủ Đức - Bình Chiểu,1,Vắc xin BCG (Bacille Calmette–Guérin),1,1,0,4.9,860,250000,1,6,0,10,238,672,0,40,0
2026-06-02,2,VaxCare Thủ Đức - Bình Chiểu,2,Vắc xin Viêm gan B (Hepatitis B),1,3,30,4.8,1420,350000,1,6,0,12,210,393,0,40,0
2026-06-02,2,VaxCare Thủ Đức - Bình Chiểu,3,Vắc xin Bạch hầu – Ho gà – Uốn ván (DTaP/Tdap),2,5,60,4.9,1180,520000,1,6,0,13,126,497,0,40,0
2026-06-02,2,VaxCare Thủ Đức - Bình Chiểu,4,Vắc xin Bại liệt (IPV),1,4,60,4.8,930,390000,1,6,0,7,138,480,0,40,0
2026-06-02,2,VaxCare Thủ Đức - Bình Chiểu,5,Vắc xin Hib (Haemophilus influenzae type b),1,3,60,4.9,760,420000,1,6,0,5,147,563,0,40,0
2026-06-02,2,VaxCare Thủ Đức - Bình Chiểu,6,Vắc xin MMR (Sởi – Quai bị – Rubella),2,2,28,4.9,1050,350000,1,6,0,14,121,236,0,40,0
2026-06-02,2,VaxCare Thủ Đức - Bình Chiểu,7,Vắc xin Thủy đậu (Varicella),2,2,28,4.8,980,850000,1,6,0,11,52,511,0,40,0
2026-06-02,2,VaxCare Thủ Đức - Bình Chiểu,8,Vắc xin Phế cầu (Pneumococcal),3,2,60,4.9,1360,1150000,1,6,0,10,24,308,0,40,1
2026-06-02,2,VaxCare Thủ Đức - Bình Chiểu,9,Vắc xin Viêm não Nhật Bản,2,3,28,4.8,720,450000,1,6,0,4,83,278,0,40,0
2026-06-02,2,VaxCare Thủ Đức - Bình Chiểu,10,Vắc xin Cúm mùa (Influenza),5,1,365,4.9,2180,450000,1,6,0,13,484,52,1,40,0
2026-06-02,2,VaxCare Thủ Đức - Bình Chiểu,11,Vắc xin HPV (Human Papillomavirus),2,2,180,4.9,1240,1790000,1,6,0,11,96,690,0,40,0
2026-06-02,2,VaxCare Thủ Đức - Bình Chiểu,12,Vắc xin COVID-19,3,2,180,4.7,1890,550000,1,6,0,20,161,233,0,40,0
2026-06-02,2,VaxCare Thủ Đức - Bình Chiểu,13,Vắc xin Zona (Shingrix),4,2,60,4.9,640,3200000,1,6,0,3,36,486,0,40,1
2026-06-02,3,VaxCare Nowzone,1,Vắc xin BCG (Bacille Calmette–Guérin),1,1,0,4.9,860,250000,1,6,0,10,233,252,0,60,0
2026-06-02,3,VaxCare Nowzone,2,Vắc xin Viêm gan B (Hepatitis B),1,3,30,4.8,1420,350000,1,6,0,13,258,561,0,60,0
2026-06-02,3,VaxCare Nowzone,3,Vắc xin Bạch hầu – Ho gà – Uốn ván (DTaP/Tdap),2,5,60,4.9,1180,520000,1,6,0,8,246,418,0,60,0
2026-06-02,3,VaxCare Nowzone,4,Vắc xin Bại liệt (IPV),1,4,60,4.8,930,390000,1,6,0,8,263,257,0,60,0
2026-06-02,3,VaxCare Nowzone,5,Vắc xin Hib (Haemophilus influenzae type b),1,3,60,4.9,760,420000,1,6,0,10,215,533,0,60,0
2026-06-02,3,VaxCare Nowzone,6,Vắc xin MMR (Sởi – Quai bị – Rubella),2,2,28,4.9,1050,350000,1,6,0,7,318,408,0,60,0
2026-06-02,3,VaxCare Nowzone,7,Vắc xin Thủy đậu (Varicella),2,2,28,4.8,980,850000,1,6,0,9,131,440,0,60,0
2026-06-02,3,VaxCare Nowzone,8,Vắc xin Phế cầu (Pneumococcal),3,2,60,4.9,1360,1150000,1,6,0,10,158,661,0,60,0
2026-06-02,3,VaxCare Nowzone,9,Vắc xin Viêm não Nhật Bản,2,3,28,4.8,720,450000,1,6,0,10,39,501,0,60,1
2026-06-02,3,VaxCare Nowzone,10,Vắc xin Cúm mùa (Influenza),5,1,365,4.9,2180,450000,1,6,0,23,520,140,0,60,0
2026-06-02,3,VaxCare Nowzone,11,Vắc xin HPV (Human Papillomavirus),2,2,180,4.9,1240,1790000,1,6,0,13,203,314,0,60,0
2026-06-02,3,VaxCare Nowzone,12,Vắc xin COVID-19,3,2,180,4.7,1890,550000,1,6,0,15,307,197,0,60,0
2026-06-02,3,VaxCare Nowzone,13,Vắc xin Zona (Shingrix),4,2,60,4.9,640,3200000,1,6,0,5,5,600,0,60,1
2026-06-02,4,VaxCare Củ Chi - Bình Mỹ,1,Vắc xin BCG (Bacille Calmette–Guérin),1,1,0,4.9,860,250000,1,6,0,5,151,553,0,30,0
2026-06-02,4,VaxCare Củ Chi - Bình Mỹ,2,Vắc xin Viêm gan B (Hepatitis B),1,3,30,4.8,1420,350000,1,6,0,7,193,503,0,30,0
2026-06-02,4,VaxCare Củ Chi - Bình Mỹ,3,Vắc xin Bạch hầu – Ho gà – Uốn ván (DTaP/Tdap),2,5,60,4.9,1180,520000,1,6,0,7,127,626,0,30,0
2026-06-02,4,VaxCare Củ Chi - Bình Mỹ,4,Vắc xin Bại liệt (IPV),1,4,60,4.8,930,390000,1,6,0,6,133,476,0,30,0
2026-06-02,4,VaxCare Củ Chi - Bình Mỹ,5,Vắc xin Hib (Haemophilus influenzae type b),1,3,60,4.9,760,420000,1,6,0,4,64,574,0,30,0
2026-06-02,4,VaxCare Củ Chi - Bình Mỹ,6,Vắc xin MMR (Sởi – Quai bị – Rubella),2,2,28,4.9,1050,350000,1,6,0,9,146,610,0,30,0
2026-06-02,4,VaxCare Củ Chi - Bình Mỹ,7,Vắc xin Thủy đậu (Varicella),2,2,28,4.8,980,850000,1,6,0,5,10,493,0,30,1
2026-06-02,4,VaxCare Củ Chi - Bình Mỹ,8,Vắc xin Phế cầu (Pneumococcal),3,2,60,4.9,1360,1150000,1,6,0,10,46,612,0,30,0
2026-06-02,4,VaxCare Củ Chi - Bình Mỹ,9,Vắc xin Viêm não Nhật Bản,2,3,28,4.8,720,450000,1,6,0,4,87,218,0,30,0
2026-06-02,4,VaxCare Củ Chi - Bình Mỹ,10,Vắc xin Cúm mùa (Influenza),5,1,365,4.9,2180,450000,1,6,0,14,289,136,0,30,0
2026-06-02,4,VaxCare Củ Chi - Bình Mỹ,11,Vắc xin HPV (Human Papillomavirus),2,2,180,4.9,1240,1790000,1,6,0,5,157,401,0,30,0
2026-06-02,4,VaxCare Củ Chi - Bình Mỹ,12,Vắc xin COVID-19,3,2,180,4.7,1890,550000,1,6,0,13,132,692,0,30,0
2026-06-02,4,VaxCare Củ Chi - Bình Mỹ,13,Vắc xin Zona (Shingrix),4,2,60,4.9,640,3200000,1,6,0,3,10,467,0,30,1
2026-06-02,5,VaxCare Trung Mỹ Tây,1,Vắc xin BCG (Bacille Calmette–Guérin),1,1,0,4.9,860,250000,1,6,0,7,184,297,0,40,0
2026-06-02,5,VaxCare Trung Mỹ Tây,2,Vắc xin Viêm gan B (Hepatitis B),1,3,30,4.8,1420,350000,1,6,0,18,278,296,0,40,0
2026-06-02,5,VaxCare Trung Mỹ Tây,3,Vắc xin Bạch hầu – Ho gà – Uốn ván (DTaP/Tdap),2,5,60,4.9,1180,520000,1,6,0,14,110,540,0,40,0
2026-06-02,5,VaxCare Trung Mỹ Tây,4,Vắc xin Bại liệt (IPV),1,4,60,4.8,930,390000,1,6,0,13,113,226,0,40,0
2026-06-02,5,VaxCare Trung Mỹ Tây,5,Vắc xin Hib (Haemophilus influenzae type b),1,3,60,4.9,760,420000,1,6,0,7,256,570,0,40,0
2026-06-02,5,VaxCare Trung Mỹ Tây,6,Vắc xin MMR (Sởi – Quai bị – Rubella),2,2,28,4.9,1050,350000,1,6,0,6,160,344,0,40,0
2026-06-02,5,VaxCare Trung Mỹ Tây,7,Vắc xin Thủy đậu (Varicella),2,2,28,4.8,980,850000,1,6,0,8,109,215,0,40,0
2026-06-02,5,VaxCare Trung Mỹ Tây,8,Vắc xin Phế cầu (Pneumococcal),3,2,60,4.9,1360,1150000,1,6,0,9,58,679,0,40,0
2026-06-02,5,VaxCare Trung Mỹ Tây,9,Vắc xin Viêm não Nhật Bản,2,3,28,4.8,720,450000,1,6,0,6,121,294,0,40,0
2026-06-02,5,VaxCare Trung Mỹ Tây,10,Vắc xin Cúm mùa (Influenza),5,1,365,4.9,2180,450000,1,6,0,21,471,69,1,40,0
2026-06-02,5,VaxCare Trung Mỹ Tây,11,Vắc xin HPV (Human Papillomavirus),2,2,180,4.9,1240,1790000,1,6,0,13,84,540,0,40,0
2026-06-02,5,VaxCare Trung Mỹ Tây,12,Vắc xin COVID-19,3,2,180,4.7,1890,550000,1,6,0,18,273,408,0,40,0
2026-06-02,5,VaxCare Trung Mỹ Tây,13,Vắc xin Zona (Shingrix),4,2,60,4.9,640,3200000,1,6,0,7,81,407,0,40,0
2026-06-02,6,VaxCare Co.opmart Quang Trung,1,Vắc xin BCG (Bacille Calmette–Guérin),1,1,0,4.9,860,250000,1,6,0,7,90,634,0,50,0
2026-06-02,6,VaxCare Co.opmart Quang Trung,2,Vắc xin Viêm gan B (Hepatitis B),1,3,30,4.8,1420,350000,1,6,0,18,328,441,0,50,0
2026-06-02,6,VaxCare Co.opmart Quang Trung,3,Vắc xin Bạch hầu – Ho gà – Uốn ván (DTaP/Tdap),2,5,60,4.9,1180,520000,1,6,0,11,132,389,0,50,0
2026-06-02,6,VaxCare Co.opmart Quang Trung,4,Vắc xin Bại liệt (IPV),1,4,60,4.8,930,390000,1,6,0,5,210,576,0,50,0
2026-06-02,6,VaxCare Co.opmart Quang Trung,5,Vắc xin Hib (Haemophilus influenzae type b),1,3,60,4.9,760,420000,1,6,0,7,195,568,0,50,0
2026-06-02,6,VaxCare Co.opmart Quang Trung,6,Vắc xin MMR (Sởi – Quai bị – Rubella),2,2,28,4.9,1050,350000,1,6,0,12,177,561,0,50,0
2026-06-02,6,VaxCare Co.opmart Quang Trung,7,Vắc xin Thủy đậu (Varicella),2,2,28,4.8,980,850000,1,6,0,5,61,683,0,50,0
2026-06-02,6,VaxCare Co.opmart Quang Trung,8,Vắc xin Phế cầu (Pneumococcal),3,2,60,4.9,1360,1150000,1,6,0,10,131,491,0,50,0
2026-06-02,6,VaxCare Co.opmart Quang Trung,9,Vắc xin Viêm não Nhật Bản,2,3,28,4.8,720,450000,1,6,0,6,123,554,0,50,0
2026-06-02,6,VaxCare Co.opmart Quang Trung,10,Vắc xin Cúm mùa (Influenza),5,1,365,4.9,2180,450000,1,6,0,28,536,93,0,50,0
2026-06-02,6,VaxCare Co.opmart Quang Trung,11,Vắc xin HPV (Human Papillomavirus),2,2,180,4.9,1240,1790000,1,6,0,8,216,229,0,50,0
2026-06-02,6,VaxCare Co.opmart Quang Trung,12,Vắc xin COVID-19,3,2,180,4.7,1890,550000,1,6,0,15,243,330,0,50,0
2026-06-02,6,VaxCare Co.opmart Quang Trung,13,Vắc xin Zona (Shingrix),4,2,60,4.9,640,3200000,1,6,0,4,43,537,0,50,1
2026-06-02,7,VaxCare Oriental Plaza,1,Vắc xin BCG (Bacille Calmette–Guérin),1,1,0,4.9,860,250000,1,6,0,7,175,519,0,45,0
2026-06-02,7,VaxCare Oriental Plaza,2,Vắc xin Viêm gan B (Hepatitis B),1,3,30,4.8,1420,350000,1,6,0,11,331,660,0,45,0
2026-06-02,7,VaxCare Oriental Plaza,3,Vắc xin Bạch hầu – Ho gà – Uốn ván (DTaP/Tdap),2,5,60,4.9,1180,520000,1,6,0,8,145,427,0,45,0
2026-06-02,7,VaxCare Oriental Plaza,4,Vắc xin Bại liệt (IPV),1,4,60,4.8,930,390000,1,6,0,6,127,567,0,45,0
2026-06-02,7,VaxCare Oriental Plaza,5,Vắc xin Hib (Haemophilus influenzae type b),1,3,60,4.9,760,420000,1,6,0,9,91,344,0,45,0
2026-06-02,7,VaxCare Oriental Plaza,6,Vắc xin MMR (Sởi – Quai bị – Rubella),2,2,28,4.9,1050,350000,1,6,0,13,314,469,0,45,0
2026-06-02,7,VaxCare Oriental Plaza,7,Vắc xin Thủy đậu (Varicella),2,2,28,4.8,980,850000,1,6,0,11,106,285,0,45,0
2026-06-02,7,VaxCare Oriental Plaza,8,Vắc xin Phế cầu (Pneumococcal),3,2,60,4.9,1360,1150000,1,6,0,11,80,563,0,45,0
2026-06-02,7,VaxCare Oriental Plaza,9,Vắc xin Viêm não Nhật Bản,2,3,28,4.8,720,450000,1,6,0,6,100,508,0,45,0
2026-06-02,7,VaxCare Oriental Plaza,10,Vắc xin Cúm mùa (Influenza),5,1,365,4.9,2180,450000,1,6,0,25,364,105,0,45,0
2026-06-02,7,VaxCare Oriental Plaza,11,Vắc xin HPV (Human Papillomavirus),2,2,180,4.9,1240,1790000,1,6,0,12,186,217,0,45,0
2026-06-02,7,VaxCare Oriental Plaza,12,Vắc xin COVID-19,3,2,180,4.7,1890,550000,1,6,0,19,282,687,0,45,0
2026-06-02,7,VaxCare Oriental Plaza,13,Vắc xin Zona (Shingrix),4,2,60,4.9,640,3200000,1,6,0,4,4,669,0,45,1
2026-06-02,8,VaxCare Hóc Môn - Đông Thạnh,1,Vắc xin BCG (Bacille Calmette–Guérin),1,1,0,4.9,860,250000,1,6,0,7,38,581,0,30,0
2026-06-02,8,VaxCare Hóc Môn - Đông Thạnh,2,Vắc xin Viêm gan B (Hepatitis B),1,3,30,4.8,1420,350000,1,6,0,18,188,468,0,30,0
2026-06-02,8,VaxCare Hóc Môn - Đông Thạnh,3,Vắc xin Bạch hầu – Ho gà – Uốn ván (DTaP/Tdap),2,5,60,4.9,1180,520000,1,6,0,7,114,240,0,30,0
2026-06-02,8,VaxCare Hóc Môn - Đông Thạnh,4,Vắc xin Bại liệt (IPV),1,4,60,4.8,930,390000,1,6,0,5,124,408,0,30,0
2026-06-02,8,VaxCare Hóc Môn - Đông Thạnh,5,Vắc xin Hib (Haemophilus influenzae type b),1,3,60,4.9,760,420000,1,6,0,7,76,411,0,30,0
2026-06-02,8,VaxCare Hóc Môn - Đông Thạnh,6,Vắc xin MMR (Sởi – Quai bị – Rubella),2,2,28,4.9,1050,350000,1,6,0,9,166,464,0,30,0
2026-06-02,8,VaxCare Hóc Môn - Đông Thạnh,7,Vắc xin Thủy đậu (Varicella),2,2,28,4.8,980,850000,1,6,0,5,5,457,0,30,1
2026-06-02,8,VaxCare Hóc Môn - Đông Thạnh,8,Vắc xin Phế cầu (Pneumococcal),3,2,60,4.9,1360,1150000,1,6,0,9,9,688,0,30,1
2026-06-02,8,VaxCare Hóc Môn - Đông Thạnh,9,Vắc xin Viêm não Nhật Bản,2,3,28,4.8,720,450000,1,6,0,4,38,566,0,30,0
2026-06-02,8,VaxCare Hóc Môn - Đông Thạnh,10,Vắc xin Cúm mùa (Influenza),5,1,365,4.9,2180,450000,1,6,0,9,229,145,0,30,0
2026-06-02,8,VaxCare Hóc Môn - Đông Thạnh,11,Vắc xin HPV (Human Papillomavirus),2,2,180,4.9,1240,1790000,1,6,0,5,43,184,0,30,0
2026-06-02,8,VaxCare Hóc Môn - Đông Thạnh,12,Vắc xin COVID-19,3,2,180,4.7,1890,550000,1,6,0,11,133,312,0,30,0
2026-06-02,8,VaxCare Hóc Môn - Đông Thạnh,13,Vắc xin Zona (Shingrix),4,2,60,4.9,640,3200000,1,6,0,3,3,561,0,30,1
2026-06-02,9,VaxCare Hiệp Bình,1,Vắc xin BCG (Bacille Calmette–Guérin),1,1,0,4.9,860,250000,1,6,0,10,126,284,0,40,0
2026-06-02,9,VaxCare Hiệp Bình,2,Vắc xin Viêm gan B (Hepatitis B),1,3,30,4.8,1420,350000,1,6,0,13,280,557,0,40,0
2026-06-02,9,VaxCare Hiệp Bình,3,Vắc xin Bạch hầu – Ho gà – Uốn ván (DTaP/Tdap),2,5,60,4.9,1180,520000,1,6,0,10,204,284,0,40,0
2026-06-02,9,VaxCare Hiệp Bình,4,Vắc xin Bại liệt (IPV),1,4,60,4.8,930,390000,1,6,0,10,254,699,0,40,0
2026-06-02,9,VaxCare Hiệp Bình,5,Vắc xin Hib (Haemophilus influenzae type b),1,3,60,4.9,760,420000,1,6,0,7,233,251,0,40,0
2026-06-02,9,VaxCare Hiệp Bình,6,Vắc xin MMR (Sởi – Quai bị – Rubella),2,2,28,4.9,1050,350000,1,6,0,10,148,297,0,40,0
2026-06-02,9,VaxCare Hiệp Bình,7,Vắc xin Thủy đậu (Varicella),2,2,28,4.8,980,850000,1,6,0,11,147,310,0,40,0
2026-06-02,9,VaxCare Hiệp Bình,8,Vắc xin Phế cầu (Pneumococcal),3,2,60,4.9,1360,1150000,1,6,0,10,55,462,0,40,0
2026-06-02,9,VaxCare Hiệp Bình,9,Vắc xin Viêm não Nhật Bản,2,3,28,4.8,720,450000,1,6,0,6,140,570,0,40,0
2026-06-02,9,VaxCare Hiệp Bình,10,Vắc xin Cúm mùa (Influenza),5,1,365,4.9,2180,450000,1,6,0,17,459,113,0,40,0
2026-06-02,9,VaxCare Hiệp Bình,11,Vắc xin HPV (Human Papillomavirus),2,2,180,4.9,1240,1790000,1,6,0,9,52,510,0,40,0
2026-06-02,9,VaxCare Hiệp Bình,12,Vắc xin COVID-19,3,2,180,4.7,1890,550000,1,6,0,26,265,490,0,40,0
2026-06-02,9,VaxCare Hiệp Bình,13,Vắc xin Zona (Shingrix),4,2,60,4.9,640,3200000,1,6,0,5,17,445,0,40,1
2026-06-02,10,VaxCare Tân Định,1,Vắc xin BCG (Bacille Calmette–Guérin),1,1,0,4.9,860,250000,1,6,0,9,261,582,0,50,0
2026-06-02,10,VaxCare Tân Định,2,Vắc xin Viêm gan B (Hepatitis B),1,3,30,4.8,1420,350000,1,6,0,16,308,652,0,50,0
2026-06-02,10,VaxCare Tân Định,3,Vắc xin Bạch hầu – Ho gà – Uốn ván (DTaP/Tdap),2,5,60,4.9,1180,520000,1,6,0,15,201,555,0,50,0
2026-06-02,10,VaxCare Tân Định,4,Vắc xin Bại liệt (IPV),1,4,60,4.8,930,390000,1,6,0,10,187,212,0,50,0
2026-06-02,10,VaxCare Tân Định,5,Vắc xin Hib (Haemophilus influenzae type b),1,3,60,4.9,760,420000,1,6,0,8,162,569,0,50,0
2026-06-02,10,VaxCare Tân Định,6,Vắc xin MMR (Sởi – Quai bị – Rubella),2,2,28,4.9,1050,350000,1,6,0,13,325,304,0,50,0
2026-06-02,10,VaxCare Tân Định,7,Vắc xin Thủy đậu (Varicella),2,2,28,4.8,980,850000,1,6,0,8,154,598,0,50,0
2026-06-02,10,VaxCare Tân Định,8,Vắc xin Phế cầu (Pneumococcal),3,2,60,4.9,1360,1150000,1,6,0,18,80,450,0,50,0
2026-06-02,10,VaxCare Tân Định,9,Vắc xin Viêm não Nhật Bản,2,3,28,4.8,720,450000,1,6,0,11,155,307,0,50,0
2026-06-02,10,VaxCare Tân Định,10,Vắc xin Cúm mùa (Influenza),5,1,365,4.9,2180,450000,1,6,0,25,638,110,0,50,0
2026-06-02,10,VaxCare Tân Định,11,Vắc xin HPV (Human Papillomavirus),2,2,180,4.9,1240,1790000,1,6,0,10,149,326,0,50,0
2026-06-02,10,VaxCare Tân Định,12,Vắc xin COVID-19,3,2,180,4.7,1890,550000,1,6,0,14,297,396,0,50,0
2026-06-02,10,VaxCare Tân Định,13,Vắc xin Zona (Shingrix),4,2,60,4.9,640,3200000,1,6,0,5,65,448,0,50,0
2026-06-02,11,VaxCare An Lạc,1,Vắc xin BCG (Bacille Calmette–Guérin),1,1,0,4.9,860,250000,1,6,0,6,177,251,0,40,0
2026-06-02,11,VaxCare An Lạc,2,Vắc xin Viêm gan B (Hepatitis B),1,3,30,4.8,1420,350000,1,6,0,13,332,286,0,40,0
2026-06-02,11,VaxCare An Lạc,3,Vắc xin Bạch hầu – Ho gà – Uốn ván (DTaP/Tdap),2,5,60,4.9,1180,520000,1,6,0,13,112,417,0,40,0
2026-06-02,11,VaxCare An Lạc,4,Vắc xin Bại liệt (IPV),1,4,60,4.8,930,390000,1,6,0,11,186,182,0,40,0
2026-06-02,11,VaxCare An Lạc,5,Vắc xin Hib (Haemophilus influenzae type b),1,3,60,4.9,760,420000,1,6,0,9,70,694,0,40,0
2026-06-02,11,VaxCare An Lạc,6,Vắc xin MMR (Sởi – Quai bị – Rubella),2,2,28,4.9,1050,350000,1,6,0,11,254,461,0,40,0
2026-06-02,11,VaxCare An Lạc,7,Vắc xin Thủy đậu (Varicella),2,2,28,4.8,980,850000,1,6,0,7,75,282,0,40,0
2026-06-02,11,VaxCare An Lạc,8,Vắc xin Phế cầu (Pneumococcal),3,2,60,4.9,1360,1150000,1,6,0,15,15,397,0,40,1
2026-06-02,11,VaxCare An Lạc,9,Vắc xin Viêm não Nhật Bản,2,3,28,4.8,720,450000,1,6,0,8,63,448,0,40,0
2026-06-02,11,VaxCare An Lạc,10,Vắc xin Cúm mùa (Influenza),5,1,365,4.9,2180,450000,1,6,0,18,516,129,0,40,0
2026-06-02,11,VaxCare An Lạc,11,Vắc xin HPV (Human Papillomavirus),2,2,180,4.9,1240,1790000,1,6,0,7,49,336,0,40,0
2026-06-02,11,VaxCare An Lạc,12,Vắc xin COVID-19,3,2,180,4.7,1890,550000,1,6,0,19,188,455,0,40,0
2026-06-02,11,VaxCare An Lạc,13,Vắc xin Zona (Shingrix),4,2,60,4.9,640,3200000,1,6,0,6,6,454,0,40,1
2026-06-02,12,VaxCare Phú Thuận,1,Vắc xin BCG (Bacille Calmette–Guérin),1,1,0,4.9,860,250000,1,6,0,8,146,451,0,35,0
2026-06-02,12,VaxCare Phú Thuận,2,Vắc xin Viêm gan B (Hepatitis B),1,3,30,4.8,1420,350000,1,6,0,14,175,415,0,35,0
2026-06-02,12,VaxCare Phú Thuận,3,Vắc xin Bạch hầu – Ho gà – Uốn ván (DTaP/Tdap),2,5,60,4.9,1180,520000,1,6,0,12,189,414,0,35,0
2026-06-02,12,VaxCare Phú Thuận,4,Vắc xin Bại liệt (IPV),1,4,60,4.8,930,390000,1,6,0,6,138,370,0,35,0
2026-06-02,12,VaxCare Phú Thuận,5,Vắc xin Hib (Haemophilus influenzae type b),1,3,60,4.9,760,420000,1,6,0,6,130,252,0,35,0
2026-06-02,12,VaxCare Phú Thuận,6,Vắc xin MMR (Sởi – Quai bị – Rubella),2,2,28,4.9,1050,350000,1,6,0,14,90,409,0,35,0
2026-06-02,12,VaxCare Phú Thuận,7,Vắc xin Thủy đậu (Varicella),2,2,28,4.8,980,850000,1,6,0,5,24,419,0,35,1
2026-06-02,12,VaxCare Phú Thuận,8,Vắc xin Phế cầu (Pneumococcal),3,2,60,4.9,1360,1150000,1,6,0,14,131,680,0,35,0
2026-06-02,12,VaxCare Phú Thuận,9,Vắc xin Viêm não Nhật Bản,2,3,28,4.8,720,450000,1,6,0,8,63,269,0,35,0
2026-06-02,12,VaxCare Phú Thuận,10,Vắc xin Cúm mùa (Influenza),5,1,365,4.9,2180,450000,1,6,0,24,526,36,1,35,0
2026-06-02,12,VaxCare Phú Thuận,11,Vắc xin HPV (Human Papillomavirus),2,2,180,4.9,1240,1790000,1,6,0,9,131,520,0,35,0
2026-06-02,12,VaxCare Phú Thuận,12,Vắc xin COVID-19,3,2,180,4.7,1890,550000,1,6,0,8,246,509,0,35,0
2026-06-02,12,VaxCare Phú Thuận,13,Vắc xin Zona (Shingrix),4,2,60,4.9,640,3200000,1,6,0,5,58,475,0,35,0
2026-06-03,1,VaxCare Phú Nhuận,1,Vắc xin BCG (Bacille Calmette–Guérin),1,1,0,4.9,860,250000,2,6,0,9,138,477,0,50,0
2026-06-03,1,VaxCare Phú Nhuận,2,Vắc xin Viêm gan B (Hepatitis B),1,3,30,4.8,1420,350000,2,6,0,20,364,487,0,50,0
2026-06-03,1,VaxCare Phú Nhuận,3,Vắc xin Bạch hầu – Ho gà – Uốn ván (DTaP/Tdap),2,5,60,4.9,1180,520000,2,6,0,14,196,458,0,50,0
2026-06-03,1,VaxCare Phú Nhuận,4,Vắc xin Bại liệt (IPV),1,4,60,4.8,930,390000,2,6,0,7,261,192,0,50,0
2026-06-03,1,VaxCare Phú Nhuận,5,Vắc xin Hib (Haemophilus influenzae type b),1,3,60,4.9,760,420000,2,6,0,7,239,289,0,50,0
2026-06-03,1,VaxCare Phú Nhuận,6,Vắc xin MMR (Sởi – Quai bị – Rubella),2,2,28,4.9,1050,350000,2,6,0,8,233,659,0,50,0
2026-06-03,1,VaxCare Phú Nhuận,7,Vắc xin Thủy đậu (Varicella),2,2,28,4.8,980,850000,2,6,0,7,127,677,0,50,0
2026-06-03,1,VaxCare Phú Nhuận,8,Vắc xin Phế cầu (Pneumococcal),3,2,60,4.9,1360,1150000,2,6,0,15,127,672,0,50,0
2026-06-03,1,VaxCare Phú Nhuận,9,Vắc xin Viêm não Nhật Bản,2,3,28,4.8,720,450000,2,6,0,7,80,382,0,50,0
2026-06-03,1,VaxCare Phú Nhuận,10,Vắc xin Cúm mùa (Influenza),5,1,365,4.9,2180,450000,2,6,0,18,654,165,0,50,0
2026-06-03,1,VaxCare Phú Nhuận,11,Vắc xin HPV (Human Papillomavirus),2,2,180,4.9,1240,1790000,2,6,0,10,160,289,0,50,0
2026-06-03,1,VaxCare Phú Nhuận,12,Vắc xin COVID-19,3,2,180,4.7,1890,550000,2,6,0,18,228,217,0,50,0
2026-06-03,1,VaxCare Phú Nhuận,13,Vắc xin Zona (Shingrix),4,2,60,4.9,640,3200000,2,6,0,5,62,275,0,50,0
2026-06-03,2,VaxCare Thủ Đức - Bình Chiểu,1,Vắc xin BCG (Bacille Calmette–Guérin),1,1,0,4.9,860,250000,2,6,0,12,130,545,0,40,0
2026-06-03,2,VaxCare Thủ Đức - Bình Chiểu,2,Vắc xin Viêm gan B (Hepatitis B),1,3,30,4.8,1420,350000,2,6,0,14,199,466,0,40,0
2026-06-03,2,VaxCare Thủ Đức - Bình Chiểu,3,Vắc xin Bạch hầu – Ho gà – Uốn ván (DTaP/Tdap),2,5,60,4.9,1180,520000,2,6,0,14,152,490,0,40,0
2026-06-03,2,VaxCare Thủ Đức - Bình Chiểu,4,Vắc xin Bại liệt (IPV),1,4,60,4.8,930,390000,2,6,0,5,155,530,0,40,0
2026-06-03,2,VaxCare Thủ Đức - Bình Chiểu,5,Vắc xin Hib (Haemophilus influenzae type b),1,3,60,4.9,760,420000,2,6,0,6,145,291,0,40,0
2026-06-03,2,VaxCare Thủ Đức - Bình Chiểu,6,Vắc xin MMR (Sởi – Quai bị – Rubella),2,2,28,4.9,1050,350000,2,6,0,7,259,419,0,40,0
2026-06-03,2,VaxCare Thủ Đức - Bình Chiểu,7,Vắc xin Thủy đậu (Varicella),2,2,28,4.8,980,850000,2,6,0,9,148,236,0,40,0
2026-06-03,2,VaxCare Thủ Đức - Bình Chiểu,8,Vắc xin Phế cầu (Pneumococcal),3,2,60,4.9,1360,1150000,2,6,0,13,64,593,0,40,0
2026-06-03,2,VaxCare Thủ Đức - Bình Chiểu,9,Vắc xin Viêm não Nhật Bản,2,3,28,4.8,720,450000,2,6,0,8,146,575,0,40,0
2026-06-03,2,VaxCare Thủ Đức - Bình Chiểu,10,Vắc xin Cúm mùa (Influenza),5,1,365,4.9,2180,450000,2,6,0,20,453,146,0,40,0
2026-06-03,2,VaxCare Thủ Đức - Bình Chiểu,11,Vắc xin HPV (Human Papillomavirus),2,2,180,4.9,1240,1790000,2,6,0,12,45,490,0,40,0
2026-06-03,2,VaxCare Thủ Đức - Bình Chiểu,12,Vắc xin COVID-19,3,2,180,4.7,1890,550000,2,6,0,20,285,698,0,40,0
2026-06-03,2,VaxCare Thủ Đức - Bình Chiểu,13,Vắc xin Zona (Shingrix),4,2,60,4.9,640,3200000,2,6,0,5,29,537,0,40,1
2026-06-03,3,VaxCare Nowzone,1,Vắc xin BCG (Bacille Calmette–Guérin),1,1,0,4.9,860,250000,2,6,0,9,217,429,0,60,0
2026-06-03,3,VaxCare Nowzone,2,Vắc xin Viêm gan B (Hepatitis B),1,3,30,4.8,1420,350000,2,6,0,14,409,577,0,60,0
2026-06-03,3,VaxCare Nowzone,3,Vắc xin Bạch hầu – Ho gà – Uốn ván (DTaP/Tdap),2,5,60,4.9,1180,520000,2,6,0,12,239,260,0,60,0
2026-06-03,3,VaxCare Nowzone,4,Vắc xin Bại liệt (IPV),1,4,60,4.8,930,390000,2,6,0,13,288,385,0,60,0
2026-06-03,3,VaxCare Nowzone,5,Vắc xin Hib (Haemophilus influenzae type b),1,3,60,4.9,760,420000,2,6,0,7,168,579,0,60,0
2026-06-03,3,VaxCare Nowzone,6,Vắc xin MMR (Sởi – Quai bị – Rubella),2,2,28,4.9,1050,350000,2,6,0,8,299,186,0,60,0
2026-06-03,3,VaxCare Nowzone,7,Vắc xin Thủy đậu (Varicella),2,2,28,4.8,980,850000,2,6,0,9,159,414,0,60,0
2026-06-03,3,VaxCare Nowzone,8,Vắc xin Phế cầu (Pneumococcal),3,2,60,4.9,1360,1150000,2,6,0,11,52,308,0,60,1
2026-06-03,3,VaxCare Nowzone,9,Vắc xin Viêm não Nhật Bản,2,3,28,4.8,720,450000,2,6,0,10,124,319,0,60,0
2026-06-03,3,VaxCare Nowzone,10,Vắc xin Cúm mùa (Influenza),5,1,365,4.9,2180,450000,2,6,0,26,425,180,0,60,0
2026-06-03,3,VaxCare Nowzone,11,Vắc xin HPV (Human Papillomavirus),2,2,180,4.9,1240,1790000,2,6,0,12,171,449,0,60,0
2026-06-03,3,VaxCare Nowzone,12,Vắc xin COVID-19,3,2,180,4.7,1890,550000,2,6,0,28,202,638,0,60,0
2026-06-03,3,VaxCare Nowzone,13,Vắc xin Zona (Shingrix),4,2,60,4.9,640,3200000,2,6,0,6,6,515,0,60,1
2026-06-03,4,VaxCare Củ Chi - Bình Mỹ,1,Vắc xin BCG (Bacille Calmette–Guérin),1,1,0,4.9,860,250000,2,6,0,5,158,423,0,30,0
2026-06-03,4,VaxCare Củ Chi - Bình Mỹ,2,Vắc xin Viêm gan B (Hepatitis B),1,3,30,4.8,1420,350000,2,6,0,11,182,281,0,30,0
2026-06-03,4,VaxCare Củ Chi - Bình Mỹ,3,Vắc xin Bạch hầu – Ho gà – Uốn ván (DTaP/Tdap),2,5,60,4.9,1180,520000,2,6,0,10,74,334,0,30,0
2026-06-03,4,VaxCare Củ Chi - Bình Mỹ,4,Vắc xin Bại liệt (IPV),1,4,60,4.8,930,390000,2,6,0,7,131,236,0,30,0
2026-06-03,4,VaxCare Củ Chi - Bình Mỹ,5,Vắc xin Hib (Haemophilus influenzae type b),1,3,60,4.9,760,420000,2,6,0,5,101,234,0,30,0
2026-06-03,4,VaxCare Củ Chi - Bình Mỹ,6,Vắc xin MMR (Sởi – Quai bị – Rubella),2,2,28,4.9,1050,350000,2,6,0,7,162,293,0,30,0
2026-06-03,4,VaxCare Củ Chi - Bình Mỹ,7,Vắc xin Thủy đậu (Varicella),2,2,28,4.8,980,850000,2,6,0,6,110,514,0,30,0
2026-06-03,4,VaxCare Củ Chi - Bình Mỹ,8,Vắc xin Phế cầu (Pneumococcal),3,2,60,4.9,1360,1150000,2,6,0,9,9,650,0,30,1
2026-06-03,4,VaxCare Củ Chi - Bình Mỹ,9,Vắc xin Viêm não Nhật Bản,2,3,28,4.8,720,450000,2,6,0,6,32,438,0,30,0
2026-06-03,4,VaxCare Củ Chi - Bình Mỹ,10,Vắc xin Cúm mùa (Influenza),5,1,365,4.9,2180,450000,2,6,0,25,449,52,1,30,0
2026-06-03,4,VaxCare Củ Chi - Bình Mỹ,11,Vắc xin HPV (Human Papillomavirus),2,2,180,4.9,1240,1790000,2,6,0,7,144,323,0,30,0
2026-06-03,4,VaxCare Củ Chi - Bình Mỹ,12,Vắc xin COVID-19,3,2,180,4.7,1890,550000,2,6,0,20,201,490,0,30,0
2026-06-03,4,VaxCare Củ Chi - Bình Mỹ,13,Vắc xin Zona (Shingrix),4,2,60,4.9,640,3200000,2,6,0,3,3,232,0,30,1
2026-06-03,5,VaxCare Trung Mỹ Tây,1,Vắc xin BCG (Bacille Calmette–Guérin),1,1,0,4.9,860,250000,2,6,0,10,171,310,0,40,0
2026-06-03,5,VaxCare Trung Mỹ Tây,2,Vắc xin Viêm gan B (Hepatitis B),1,3,30,4.8,1420,350000,2,6,0,22,230,242,0,40,0
2026-06-03,5,VaxCare Trung Mỹ Tây,3,Vắc xin Bạch hầu – Ho gà – Uốn ván (DTaP/Tdap),2,5,60,4.9,1180,520000,2,6,0,11,118,307,0,40,0
2026-06-03,5,VaxCare Trung Mỹ Tây,4,Vắc xin Bại liệt (IPV),1,4,60,4.8,930,390000,2,6,0,7,133,430,0,40,0
2026-06-03,5,VaxCare Trung Mỹ Tây,5,Vắc xin Hib (Haemophilus influenzae type b),1,3,60,4.9,760,420000,2,6,0,11,109,504,0,40,0
2026-06-03,5,VaxCare Trung Mỹ Tây,6,Vắc xin MMR (Sởi – Quai bị – Rubella),2,2,28,4.9,1050,350000,2,6,0,12,306,321,0,40,0
2026-06-03,5,VaxCare Trung Mỹ Tây,7,Vắc xin Thủy đậu (Varicella),2,2,28,4.8,980,850000,2,6,0,6,130,319,0,40,0
2026-06-03,5,VaxCare Trung Mỹ Tây,8,Vắc xin Phế cầu (Pneumococcal),3,2,60,4.9,1360,1150000,2,6,0,11,130,398,0,40,0
2026-06-03,5,VaxCare Trung Mỹ Tây,9,Vắc xin Viêm não Nhật Bản,2,3,28,4.8,720,450000,2,6,0,7,50,304,0,40,0
2026-06-03,5,VaxCare Trung Mỹ Tây,10,Vắc xin Cúm mùa (Influenza),5,1,365,4.9,2180,450000,2,6,0,16,491,191,0,40,0
2026-06-03,5,VaxCare Trung Mỹ Tây,11,Vắc xin HPV (Human Papillomavirus),2,2,180,4.9,1240,1790000,2,6,0,7,140,339,0,40,0
2026-06-03,5,VaxCare Trung Mỹ Tây,12,Vắc xin COVID-19,3,2,180,4.7,1890,550000,2,6,0,23,183,299,0,40,0
2026-06-03,5,VaxCare Trung Mỹ Tây,13,Vắc xin Zona (Shingrix),4,2,60,4.9,640,3200000,2,6,0,3,3,424,0,40,1
2026-06-03,6,VaxCare Co.opmart Quang Trung,1,Vắc xin BCG (Bacille Calmette–Guérin),1,1,0,4.9,860,250000,2,6,0,7,190,247,0,50,0
2026-06-03,6,VaxCare Co.opmart Quang Trung,2,Vắc xin Viêm gan B (Hepatitis B),1,3,30,4.8,1420,350000,2,6,0,12,212,460,0,50,0
2026-06-03,6,VaxCare Co.opmart Quang Trung,3,Vắc xin Bạch hầu – Ho gà – Uốn ván (DTaP/Tdap),2,5,60,4.9,1180,520000,2,6,0,9,113,410,0,50,0
2026-06-03,6,VaxCare Co.opmart Quang Trung,4,Vắc xin Bại liệt (IPV),1,4,60,4.8,930,390000,2,6,0,8,268,413,0,50,0
2026-06-03,6,VaxCare Co.opmart Quang Trung,5,Vắc xin Hib (Haemophilus influenzae type b),1,3,60,4.9,760,420000,2,6,0,7,139,332,0,50,0
2026-06-03,6,VaxCare Co.opmart Quang Trung,6,Vắc xin MMR (Sởi – Quai bị – Rubella),2,2,28,4.9,1050,350000,2,6,0,3,235,645,0,50,0
2026-06-03,6,VaxCare Co.opmart Quang Trung,7,Vắc xin Thủy đậu (Varicella),2,2,28,4.8,980,850000,2,6,0,9,145,426,0,50,0
2026-06-03,6,VaxCare Co.opmart Quang Trung,8,Vắc xin Phế cầu (Pneumococcal),3,2,60,4.9,1360,1150000,2,6,0,13,46,508,0,50,1
2026-06-03,6,VaxCare Co.opmart Quang Trung,9,Vắc xin Viêm não Nhật Bản,2,3,28,4.8,720,450000,2,6,0,9,119,500,0,50,0
2026-06-03,6,VaxCare Co.opmart Quang Trung,10,Vắc xin Cúm mùa (Influenza),5,1,365,4.9,2180,450000,2,6,0,21,321,95,0,50,0
2026-06-03,6,VaxCare Co.opmart Quang Trung,11,Vắc xin HPV (Human Papillomavirus),2,2,180,4.9,1240,1790000,2,6,0,5,98,434,0,50,0
2026-06-03,6,VaxCare Co.opmart Quang Trung,12,Vắc xin COVID-19,3,2,180,4.7,1890,550000,2,6,0,23,241,625,0,50,0
2026-06-03,6,VaxCare Co.opmart Quang Trung,13,Vắc xin Zona (Shingrix),4,2,60,4.9,640,3200000,2,6,0,5,58,496,0,50,0
2026-06-03,7,VaxCare Oriental Plaza,1,Vắc xin BCG (Bacille Calmette–Guérin),1,1,0,4.9,860,250000,2,6,0,10,231,227,0,45,0
2026-06-03,7,VaxCare Oriental Plaza,2,Vắc xin Viêm gan B (Hepatitis B),1,3,30,4.8,1420,350000,2,6,0,14,319,205,0,45,0
2026-06-03,7,VaxCare Oriental Plaza,3,Vắc xin Bạch hầu – Ho gà – Uốn ván (DTaP/Tdap),2,5,60,4.9,1180,520000,2,6,0,12,90,267,0,45,0
2026-06-03,7,VaxCare Oriental Plaza,4,Vắc xin Bại liệt (IPV),1,4,60,4.8,930,390000,2,6,0,7,209,536,0,45,0
2026-06-03,7,VaxCare Oriental Plaza,5,Vắc xin Hib (Haemophilus influenzae type b),1,3,60,4.9,760,420000,2,6,0,5,218,577,0,45,0
2026-06-03,7,VaxCare Oriental Plaza,6,Vắc xin MMR (Sởi – Quai bị – Rubella),2,2,28,4.9,1050,350000,2,6,0,10,274,673,0,45,0
2026-06-03,7,VaxCare Oriental Plaza,7,Vắc xin Thủy đậu (Varicella),2,2,28,4.8,980,850000,2,6,0,8,142,544,0,45,0
2026-06-03,7,VaxCare Oriental Plaza,8,Vắc xin Phế cầu (Pneumococcal),3,2,60,4.9,1360,1150000,2,6,0,9,67,452,0,45,0
2026-06-03,7,VaxCare Oriental Plaza,9,Vắc xin Viêm não Nhật Bản,2,3,28,4.8,720,450000,2,6,0,5,135,352,0,45,0
2026-06-03,7,VaxCare Oriental Plaza,10,Vắc xin Cúm mùa (Influenza),5,1,365,4.9,2180,450000,2,6,0,15,368,131,0,45,0
2026-06-03,7,VaxCare Oriental Plaza,11,Vắc xin HPV (Human Papillomavirus),2,2,180,4.9,1240,1790000,2,6,0,11,158,329,0,45,0
2026-06-03,7,VaxCare Oriental Plaza,12,Vắc xin COVID-19,3,2,180,4.7,1890,550000,2,6,0,12,161,186,0,45,0
2026-06-03,7,VaxCare Oriental Plaza,13,Vắc xin Zona (Shingrix),4,2,60,4.9,640,3200000,2,6,0,5,5,681,0,45,1
2026-06-03,8,VaxCare Hóc Môn - Đông Thạnh,1,Vắc xin BCG (Bacille Calmette–Guérin),1,1,0,4.9,860,250000,2,6,0,5,151,646,0,30,0
2026-06-03,8,VaxCare Hóc Môn - Đông Thạnh,2,Vắc xin Viêm gan B (Hepatitis B),1,3,30,4.8,1420,350000,2,6,0,11,278,547,0,30,0
2026-06-03,8,VaxCare Hóc Môn - Đông Thạnh,3,Vắc xin Bạch hầu – Ho gà – Uốn ván (DTaP/Tdap),2,5,60,4.9,1180,520000,2,6,0,11,139,534,0,30,0
2026-06-03,8,VaxCare Hóc Môn - Đông Thạnh,4,Vắc xin Bại liệt (IPV),1,4,60,4.8,930,390000,2,6,0,8,94,642,0,30,0
2026-06-03,8,VaxCare Hóc Môn - Đông Thạnh,5,Vắc xin Hib (Haemophilus influenzae type b),1,3,60,4.9,760,420000,2,6,0,5,120,245,0,30,0
2026-06-03,8,VaxCare Hóc Môn - Đông Thạnh,6,Vắc xin MMR (Sởi – Quai bị – Rubella),2,2,28,4.9,1050,350000,2,6,0,8,166,646,0,30,0
2026-06-03,8,VaxCare Hóc Môn - Đông Thạnh,7,Vắc xin Thủy đậu (Varicella),2,2,28,4.8,980,850000,2,6,0,6,6,543,0,30,1
2026-06-03,8,VaxCare Hóc Môn - Đông Thạnh,8,Vắc xin Phế cầu (Pneumococcal),3,2,60,4.9,1360,1150000,2,6,0,10,10,286,0,30,1
2026-06-03,8,VaxCare Hóc Môn - Đông Thạnh,9,Vắc xin Viêm não Nhật Bản,2,3,28,4.8,720,450000,2,6,0,5,19,478,0,30,1
2026-06-03,8,VaxCare Hóc Môn - Đông Thạnh,10,Vắc xin Cúm mùa (Influenza),5,1,365,4.9,2180,450000,2,6,0,23,372,83,1,30,0
2026-06-03,8,VaxCare Hóc Môn - Đông Thạnh,11,Vắc xin HPV (Human Papillomavirus),2,2,180,4.9,1240,1790000,2,6,0,5,104,223,0,30,0
2026-06-03,8,VaxCare Hóc Môn - Đông Thạnh,12,Vắc xin COVID-19,3,2,180,4.7,1890,550000,2,6,0,10,153,700,0,30,0
2026-06-03,8,VaxCare Hóc Môn - Đông Thạnh,13,Vắc xin Zona (Shingrix),4,2,60,4.9,640,3200000,2,6,0,4,32,438,0,30,0
2026-06-03,9,VaxCare Hiệp Bình,1,Vắc xin BCG (Bacille Calmette–Guérin),1,1,0,4.9,860,250000,2,6,0,9,266,657,0,40,0
2026-06-03,9,VaxCare Hiệp Bình,2,Vắc xin Viêm gan B (Hepatitis B),1,3,30,4.8,1420,350000,2,6,0,19,257,293,0,40,0
2026-06-03,9,VaxCare Hiệp Bình,3,Vắc xin Bạch hầu – Ho gà – Uốn ván (DTaP/Tdap),2,5,60,4.9,1180,520000,2,6,0,10,66,387,0,40,0
2026-06-03,9,VaxCare Hiệp Bình,4,Vắc xin Bại liệt (IPV),1,4,60,4.8,930,390000,2,6,0,8,72,617,0,40,0
2026-06-03,9,VaxCare Hiệp Bình,5,Vắc xin Hib (Haemophilus influenzae type b),1,3,60,4.9,760,420000,2,6,0,6,185,537,0,40,0
2026-06-03,9,VaxCare Hiệp Bình,6,Vắc xin MMR (Sởi – Quai bị – Rubella),2,2,28,4.9,1050,350000,2,6,0,9,221,316,0,40,0
2026-06-03,9,VaxCare Hiệp Bình,7,Vắc xin Thủy đậu (Varicella),2,2,28,4.8,980,850000,2,6,0,9,9,482,0,40,1
2026-06-03,9,VaxCare Hiệp Bình,8,Vắc xin Phế cầu (Pneumococcal),3,2,60,4.9,1360,1150000,2,6,0,7,7,251,0,40,1
2026-06-03,9,VaxCare Hiệp Bình,9,Vắc xin Viêm não Nhật Bản,2,3,28,4.8,720,450000,2,6,0,5,100,620,0,40,0
2026-06-03,9,VaxCare Hiệp Bình,10,Vắc xin Cúm mùa (Influenza),5,1,365,4.9,2180,450000,2,6,0,23,531,131,0,40,0
2026-06-03,9,VaxCare Hiệp Bình,11,Vắc xin HPV (Human Papillomavirus),2,2,180,4.9,1240,1790000,2,6,0,10,132,515,0,40,0
2026-06-03,9,VaxCare Hiệp Bình,12,Vắc xin COVID-19,3,2,180,4.7,1890,550000,2,6,0,16,271,199,0,40,0
2026-06-03,9,VaxCare Hiệp Bình,13,Vắc xin Zona (Shingrix),4,2,60,4.9,640,3200000,2,6,0,5,5,213,0,40,1
2026-06-03,10,VaxCare Tân Định,1,Vắc xin BCG (Bacille Calmette–Guérin),1,1,0,4.9,860,250000,2,6,0,6,215,442,0,50,0
2026-06-03,10,VaxCare Tân Định,2,Vắc xin Viêm gan B (Hepatitis B),1,3,30,4.8,1420,350000,2,6,0,13,382,357,0,50,0
2026-06-03,10,VaxCare Tân Định,3,Vắc xin Bạch hầu – Ho gà – Uốn ván (DTaP/Tdap),2,5,60,4.9,1180,520000,2,6,0,11,188,394,0,50,0
2026-06-03,10,VaxCare Tân Định,4,Vắc xin Bại liệt (IPV),1,4,60,4.8,930,390000,2,6,0,8,140,312,0,50,0
2026-06-03,10,VaxCare Tân Định,5,Vắc xin Hib (Haemophilus influenzae type b),1,3,60,4.9,760,420000,2,6,0,10,187,416,0,50,0
2026-06-03,10,VaxCare Tân Định,6,Vắc xin MMR (Sởi – Quai bị – Rubella),2,2,28,4.9,1050,350000,2,6,0,14,203,458,0,50,0
2026-06-03,10,VaxCare Tân Định,7,Vắc xin Thủy đậu (Varicella),2,2,28,4.8,980,850000,2,6,0,5,112,647,0,50,0
2026-06-03,10,VaxCare Tân Định,8,Vắc xin Phế cầu (Pneumococcal),3,2,60,4.9,1360,1150000,2,6,0,7,86,297,0,50,0
2026-06-03,10,VaxCare Tân Định,9,Vắc xin Viêm não Nhật Bản,2,3,28,4.8,720,450000,2,6,0,8,165,210,0,50,0
2026-06-03,10,VaxCare Tân Định,10,Vắc xin Cúm mùa (Influenza),5,1,365,4.9,2180,450000,2,6,0,19,670,131,0,50,0
2026-06-03,10,VaxCare Tân Định,11,Vắc xin HPV (Human Papillomavirus),2,2,180,4.9,1240,1790000,2,6,0,10,84,616,0,50,0
2026-06-03,10,VaxCare Tân Định,12,Vắc xin COVID-19,3,2,180,4.7,1890,550000,2,6,0,23,257,492,0,50,0
2026-06-03,10,VaxCare Tân Định,13,Vắc xin Zona (Shingrix),4,2,60,4.9,640,3200000,2,6,0,7,13,440,0,50,1
2026-06-03,11,VaxCare An Lạc,1,Vắc xin BCG (Bacille Calmette–Guérin),1,1,0,4.9,860,250000,2,6,0,8,143,199,0,40,0
2026-06-03,11,VaxCare An Lạc,2,Vắc xin Viêm gan B (Hepatitis B),1,3,30,4.8,1420,350000,2,6,0,16,207,450,0,40,0
2026-06-03,11,VaxCare An Lạc,3,Vắc xin Bạch hầu – Ho gà – Uốn ván (DTaP/Tdap),2,5,60,4.9,1180,520000,2,6,0,10,202,474,0,40,0
2026-06-03,11,VaxCare An Lạc,4,Vắc xin Bại liệt (IPV),1,4,60,4.8,930,390000,2,6,0,10,139,208,0,40,0
2026-06-03,11,VaxCare An Lạc,5,Vắc xin Hib (Haemophilus influenzae type b),1,3,60,4.9,760,420000,2,6,0,8,158,596,0,40,0
2026-06-03,11,VaxCare An Lạc,6,Vắc xin MMR (Sởi – Quai bị – Rubella),2,2,28,4.9,1050,350000,2,6,0,9,150,354,0,40,0
2026-06-03,11,VaxCare An Lạc,7,Vắc xin Thủy đậu (Varicella),2,2,28,4.8,980,850000,2,6,0,7,112,278,0,40,0
2026-06-03,11,VaxCare An Lạc,8,Vắc xin Phế cầu (Pneumococcal),3,2,60,4.9,1360,1150000,2,6,0,10,84,198,0,40,0
2026-06-03,11,VaxCare An Lạc,9,Vắc xin Viêm não Nhật Bản,2,3,28,4.8,720,450000,2,6,0,8,53,605,0,40,0
2026-06-03,11,VaxCare An Lạc,10,Vắc xin Cúm mùa (Influenza),5,1,365,4.9,2180,450000,2,6,0,26,344,114,0,40,0
2026-06-03,11,VaxCare An Lạc,11,Vắc xin HPV (Human Papillomavirus),2,2,180,4.9,1240,1790000,2,6,0,4,137,343,0,40,0
2026-06-03,11,VaxCare An Lạc,12,Vắc xin COVID-19,3,2,180,4.7,1890,550000,2,6,0,15,272,229,0,40,0
2026-06-03,11,VaxCare An Lạc,13,Vắc xin Zona (Shingrix),4,2,60,4.9,640,3200000,2,6,0,5,31,635,0,40,1
2026-06-03,12,VaxCare Phú Thuận,1,Vắc xin BCG (Bacille Calmette–Guérin),1,1,0,4.9,860,250000,2,6,0,11,217,457,0,35,0
2026-06-03,12,VaxCare Phú Thuận,2,Vắc xin Viêm gan B (Hepatitis B),1,3,30,4.8,1420,350000,2,6,0,14,302,594,0,35,0
2026-06-03,12,VaxCare Phú Thuận,3,Vắc xin Bạch hầu – Ho gà – Uốn ván (DTaP/Tdap),2,5,60,4.9,1180,520000,2,6,0,12,116,383,0,35,0
2026-06-03,12,VaxCare Phú Thuận,4,Vắc xin Bại liệt (IPV),1,4,60,4.8,930,390000,2,6,0,9,248,289,0,35,0
2026-06-03,12,VaxCare Phú Thuận,5,Vắc xin Hib (Haemophilus influenzae type b),1,3,60,4.9,760,420000,2,6,0,6,100,342,0,35,0
2026-06-03,12,VaxCare Phú Thuận,6,Vắc xin MMR (Sởi – Quai bị – Rubella),2,2,28,4.9,1050,350000,2,6,0,7,250,625,0,35,0
2026-06-03,12,VaxCare Phú Thuận,7,Vắc xin Thủy đậu (Varicella),2,2,28,4.8,980,850000,2,6,0,6,75,361,0,35,0
2026-06-03,12,VaxCare Phú Thuận,8,Vắc xin Phế cầu (Pneumococcal),3,2,60,4.9,1360,1150000,2,6,0,13,59,635,0,35,0
2026-06-03,12,VaxCare Phú Thuận,9,Vắc xin Viêm não Nhật Bản,2,3,28,4.8,720,450000,2,6,0,7,114,200,0,35,0
2026-06-03,12,VaxCare Phú Thuận,10,Vắc xin Cúm mùa (Influenza),5,1,365,4.9,2180,450000,2,6,0,16,373,166,0,35,0
2026-06-03,12,VaxCare Phú Thuận,11,Vắc xin HPV (Human Papillomavirus),2,2,180,4.9,1240,1790000,2,6,0,6,219,662,0,35,0
2026-06-03,12,VaxCare Phú Thuận,12,Vắc xin COVID-19,3,2,180,4.7,1890,550000,2,6,0,23,118,496,0,35,0
2026-06-03,12,VaxCare Phú Thuận,13,Vắc xin Zona (Shingrix),4,2,60,4.9,640,3200000,2,6,0,3,39,405,0,35,0
2026-06-04,1,VaxCare Phú Nhuận,1,Vắc xin BCG (Bacille Calmette–Guérin),1,1,0,4.9,860,250000,3,6,0,11,193,482,0,50,0
2026-06-04,1,VaxCare Phú Nhuận,2,Vắc xin Viêm gan B (Hepatitis B),1,3,30,4.8,1420,350000,3,6,0,16,343,365,0,50,0
2026-06-04,1,VaxCare Phú Nhuận,3,Vắc xin Bạch hầu – Ho gà – Uốn ván (DTaP/Tdap),2,5,60,4.9,1180,520000,3,6,0,13,118,596,0,50,0
2026-06-04,1,VaxCare Phú Nhuận,4,Vắc xin Bại liệt (IPV),1,4,60,4.8,930,390000,3,6,0,14,152,270,0,50,0
2026-06-04,1,VaxCare Phú Nhuận,5,Vắc xin Hib (Haemophilus influenzae type b),1,3,60,4.9,760,420000,3,6,0,4,158,639,0,50,0
2026-06-04,1,VaxCare Phú Nhuận,6,Vắc xin MMR (Sởi – Quai bị – Rubella),2,2,28,4.9,1050,350000,3,6,0,9,340,492,0,50,0
2026-06-04,1,VaxCare Phú Nhuận,7,Vắc xin Thủy đậu (Varicella),2,2,28,4.8,980,850000,3,6,0,13,90,326,0,50,0
2026-06-04,1,VaxCare Phú Nhuận,8,Vắc xin Phế cầu (Pneumococcal),3,2,60,4.9,1360,1150000,3,6,0,15,50,286,0,50,0
2026-06-04,1,VaxCare Phú Nhuận,9,Vắc xin Viêm não Nhật Bản,2,3,28,4.8,720,450000,3,6,0,7,7,545,0,50,1
2026-06-04,1,VaxCare Phú Nhuận,10,Vắc xin Cúm mùa (Influenza),5,1,365,4.9,2180,450000,3,6,0,40,586,57,1,50,0
2026-06-04,1,VaxCare Phú Nhuận,11,Vắc xin HPV (Human Papillomavirus),2,2,180,4.9,1240,1790000,3,6,0,13,198,299,0,50,0
2026-06-04,1,VaxCare Phú Nhuận,12,Vắc xin COVID-19,3,2,180,4.7,1890,550000,3,6,0,17,339,564,0,50,0
2026-06-04,1,VaxCare Phú Nhuận,13,Vắc xin Zona (Shingrix),4,2,60,4.9,640,3200000,3,6,0,4,22,649,0,50,1
2026-06-04,2,VaxCare Thủ Đức - Bình Chiểu,1,Vắc xin BCG (Bacille Calmette–Guérin),1,1,0,4.9,860,250000,3,6,0,11,218,699,0,40,0
2026-06-04,2,VaxCare Thủ Đức - Bình Chiểu,2,Vắc xin Viêm gan B (Hepatitis B),1,3,30,4.8,1420,350000,3,6,0,11,302,687,0,40,0
2026-06-04,2,VaxCare Thủ Đức - Bình Chiểu,3,Vắc xin Bạch hầu – Ho gà – Uốn ván (DTaP/Tdap),2,5,60,4.9,1180,520000,3,6,0,12,193,299,0,40,0
2026-06-04,2,VaxCare Thủ Đức - Bình Chiểu,4,Vắc xin Bại liệt (IPV),1,4,60,4.8,930,390000,3,6,0,12,158,309,0,40,0
2026-06-04,2,VaxCare Thủ Đức - Bình Chiểu,5,Vắc xin Hib (Haemophilus influenzae type b),1,3,60,4.9,760,420000,3,6,0,7,135,583,0,40,0
2026-06-04,2,VaxCare Thủ Đức - Bình Chiểu,6,Vắc xin MMR (Sởi – Quai bị – Rubella),2,2,28,4.9,1050,350000,3,6,0,10,288,677,0,40,0
2026-06-04,2,VaxCare Thủ Đức - Bình Chiểu,7,Vắc xin Thủy đậu (Varicella),2,2,28,4.8,980,850000,3,6,0,5,89,554,0,40,0
2026-06-04,2,VaxCare Thủ Đức - Bình Chiểu,8,Vắc xin Phế cầu (Pneumococcal),3,2,60,4.9,1360,1150000,3,6,0,13,23,287,0,40,1
2026-06-04,2,VaxCare Thủ Đức - Bình Chiểu,9,Vắc xin Viêm não Nhật Bản,2,3,28,4.8,720,450000,3,6,0,4,82,420,0,40,0
2026-06-04,2,VaxCare Thủ Đức - Bình Chiểu,10,Vắc xin Cúm mùa (Influenza),5,1,365,4.9,2180,450000,3,6,0,31,507,92,0,40,0
2026-06-04,2,VaxCare Thủ Đức - Bình Chiểu,11,Vắc xin HPV (Human Papillomavirus),2,2,180,4.9,1240,1790000,3,6,0,6,141,184,0,40,0
2026-06-04,2,VaxCare Thủ Đức - Bình Chiểu,12,Vắc xin COVID-19,3,2,180,4.7,1890,550000,3,6,0,13,183,471,0,40,0
2026-06-04,2,VaxCare Thủ Đức - Bình Chiểu,13,Vắc xin Zona (Shingrix),4,2,60,4.9,640,3200000,3,6,0,6,17,463,0,40,1
2026-06-04,3,VaxCare Nowzone,1,Vắc xin BCG (Bacille Calmette–Guérin),1,1,0,4.9,860,250000,3,6,0,13,188,497,0,60,0
2026-06-04,3,VaxCare Nowzone,2,Vắc xin Viêm gan B (Hepatitis B),1,3,30,4.8,1420,350000,3,6,0,16,331,592,0,60,0
2026-06-04,3,VaxCare Nowzone,3,Vắc xin Bạch hầu – Ho gà – Uốn ván (DTaP/Tdap),2,5,60,4.9,1180,520000,3,6,0,12,223,616,0,60,0
2026-06-04,3,VaxCare Nowzone,4,Vắc xin Bại liệt (IPV),1,4,60,4.8,930,390000,3,6,0,11,138,417,0,60,0
2026-06-04,3,VaxCare Nowzone,5,Vắc xin Hib (Haemophilus influenzae type b),1,3,60,4.9,760,420000,3,6,0,5,99,291,0,60,0
2026-06-04,3,VaxCare Nowzone,6,Vắc xin MMR (Sởi – Quai bị – Rubella),2,2,28,4.9,1050,350000,3,6,0,15,351,445,0,60,0
2026-06-04,3,VaxCare Nowzone,7,Vắc xin Thủy đậu (Varicella),2,2,28,4.8,980,850000,3,6,0,8,119,517,0,60,0
2026-06-04,3,VaxCare Nowzone,8,Vắc xin Phế cầu (Pneumococcal),3,2,60,4.9,1360,1150000,3,6,0,12,155,619,0,60,0
2026-06-04,3,VaxCare Nowzone,9,Vắc xin Viêm não Nhật Bản,2,3,28,4.8,720,450000,3,6,0,8,77,699,0,60,0
2026-06-04,3,VaxCare Nowzone,10,Vắc xin Cúm mùa (Influenza),5,1,365,4.9,2180,450000,3,6,0,27,533,136,0,60,0
2026-06-04,3,VaxCare Nowzone,11,Vắc xin HPV (Human Papillomavirus),2,2,180,4.9,1240,1790000,3,6,0,12,217,668,0,60,0
2026-06-04,3,VaxCare Nowzone,12,Vắc xin COVID-19,3,2,180,4.7,1890,550000,3,6,0,29,293,219,0,60,0
2026-06-04,3,VaxCare Nowzone,13,Vắc xin Zona (Shingrix),4,2,60,4.9,640,3200000,3,6,0,7,33,633,0,60,1
2026-06-04,4,VaxCare Củ Chi - Bình Mỹ,1,Vắc xin BCG (Bacille Calmette–Guérin),1,1,0,4.9,860,250000,3,6,0,6,203,657,0,30,0
2026-06-04,4,VaxCare Củ Chi - Bình Mỹ,2,Vắc xin Viêm gan B (Hepatitis B),1,3,30,4.8,1420,350000,3,6,0,12,128,377,0,30,0
2026-06-04,4,VaxCare Củ Chi - Bình Mỹ,3,Vắc xin Bạch hầu – Ho gà – Uốn ván (DTaP/Tdap),2,5,60,4.9,1180,520000,3,6,0,10,148,182,0,30,0
2026-06-04,4,VaxCare Củ Chi - Bình Mỹ,4,Vắc xin Bại liệt (IPV),1,4,60,4.8,930,390000,3,6,0,4,134,340,0,30,0
2026-06-04,4,VaxCare Củ Chi - Bình Mỹ,5,Vắc xin Hib (Haemophilus influenzae type b),1,3,60,4.9,760,420000,3,6,0,5,97,693,0,30,0
2026-06-04,4,VaxCare Củ Chi - Bình Mỹ,6,Vắc xin MMR (Sởi – Quai bị – Rubella),2,2,28,4.9,1050,350000,3,6,0,6,177,373,0,30,0
2026-06-04,4,VaxCare Củ Chi - Bình Mỹ,7,Vắc xin Thủy đậu (Varicella),2,2,28,4.8,980,850000,3,6,0,6,29,521,0,30,1
2026-06-04,4,VaxCare Củ Chi - Bình Mỹ,8,Vắc xin Phế cầu (Pneumococcal),3,2,60,4.9,1360,1150000,3,6,0,10,100,371,0,30,0
2026-06-04,4,VaxCare Củ Chi - Bình Mỹ,9,Vắc xin Viêm não Nhật Bản,2,3,28,4.8,720,450000,3,6,0,6,62,582,0,30,0
2026-06-04,4,VaxCare Củ Chi - Bình Mỹ,10,Vắc xin Cúm mùa (Influenza),5,1,365,4.9,2180,450000,3,6,0,20,299,90,0,30,0
2026-06-04,4,VaxCare Củ Chi - Bình Mỹ,11,Vắc xin HPV (Human Papillomavirus),2,2,180,4.9,1240,1790000,3,6,0,6,63,301,0,30,0
2026-06-04,4,VaxCare Củ Chi - Bình Mỹ,12,Vắc xin COVID-19,3,2,180,4.7,1890,550000,3,6,0,11,79,448,0,30,0
2026-06-04,4,VaxCare Củ Chi - Bình Mỹ,13,Vắc xin Zona (Shingrix),4,2,60,4.9,640,3200000,3,6,0,3,48,323,0,30,0
2026-06-04,5,VaxCare Trung Mỹ Tây,1,Vắc xin BCG (Bacille Calmette–Guérin),1,1,0,4.9,860,250000,3,6,0,7,254,673,0,40,0
2026-06-04,5,VaxCare Trung Mỹ Tây,2,Vắc xin Viêm gan B (Hepatitis B),1,3,30,4.8,1420,350000,3,6,0,16,255,517,0,40,0
2026-06-04,5,VaxCare Trung Mỹ Tây,3,Vắc xin Bạch hầu – Ho gà – Uốn ván (DTaP/Tdap),2,5,60,4.9,1180,520000,3,6,0,10,223,545,0,40,0
2026-06-04,5,VaxCare Trung Mỹ Tây,4,Vắc xin Bại liệt (IPV),1,4,60,4.8,930,390000,3,6,0,6,145,642,0,40,0
2026-06-04,5,VaxCare Trung Mỹ Tây,5,Vắc xin Hib (Haemophilus influenzae type b),1,3,60,4.9,760,420000,3,6,0,8,238,217,0,40,0
2026-06-04,5,VaxCare Trung Mỹ Tây,6,Vắc xin MMR (Sởi – Quai bị – Rubella),2,2,28,4.9,1050,350000,3,6,0,10,206,437,0,40,0
2026-06-04,5,VaxCare Trung Mỹ Tây,7,Vắc xin Thủy đậu (Varicella),2,2,28,4.8,980,850000,3,6,0,9,9,451,0,40,1
2026-06-04,5,VaxCare Trung Mỹ Tây,8,Vắc xin Phế cầu (Pneumococcal),3,2,60,4.9,1360,1150000,3,6,0,15,70,460,0,40,0
2026-06-04,5,VaxCare Trung Mỹ Tây,9,Vắc xin Viêm não Nhật Bản,2,3,28,4.8,720,450000,3,6,0,7,44,343,0,40,0
2026-06-04,5,VaxCare Trung Mỹ Tây,10,Vắc xin Cúm mùa (Influenza),5,1,365,4.9,2180,450000,3,6,0,16,363,182,0,40,0
2026-06-04,5,VaxCare Trung Mỹ Tây,11,Vắc xin HPV (Human Papillomavirus),2,2,180,4.9,1240,1790000,3,6,0,8,106,194,0,40,0
2026-06-04,5,VaxCare Trung Mỹ Tây,12,Vắc xin COVID-19,3,2,180,4.7,1890,550000,3,6,0,12,254,628,0,40,0
2026-06-04,5,VaxCare Trung Mỹ Tây,13,Vắc xin Zona (Shingrix),4,2,60,4.9,640,3200000,3,6,0,4,68,352,0,40,0
2026-06-04,6,VaxCare Co.opmart Quang Trung,1,Vắc xin BCG (Bacille Calmette–Guérin),1,1,0,4.9,860,250000,3,6,0,6,253,207,0,50,0
2026-06-04,6,VaxCare Co.opmart Quang Trung,2,Vắc xin Viêm gan B (Hepatitis B),1,3,30,4.8,1420,350000,3,6,0,14,230,609,0,50,0
2026-06-04,6,VaxCare Co.opmart Quang Trung,3,Vắc xin Bạch hầu – Ho gà – Uốn ván (DTaP/Tdap),2,5,60,4.9,1180,520000,3,6,0,9,139,184,0,50,0
2026-06-04,6,VaxCare Co.opmart Quang Trung,4,Vắc xin Bại liệt (IPV),1,4,60,4.8,930,390000,3,6,0,9,207,511,0,50,0
2026-06-04,6,VaxCare Co.opmart Quang Trung,5,Vắc xin Hib (Haemophilus influenzae type b),1,3,60,4.9,760,420000,3,6,0,7,166,520,0,50,0
2026-06-04,6,VaxCare Co.opmart Quang Trung,6,Vắc xin MMR (Sởi – Quai bị – Rubella),2,2,28,4.9,1050,350000,3,6,0,10,97,520,0,50,0
2026-06-04,6,VaxCare Co.opmart Quang Trung,7,Vắc xin Thủy đậu (Varicella),2,2,28,4.8,980,850000,3,6,0,12,42,678,0,50,1
2026-06-04,6,VaxCare Co.opmart Quang Trung,8,Vắc xin Phế cầu (Pneumococcal),3,2,60,4.9,1360,1150000,3,6,0,14,68,401,0,50,0
2026-06-04,6,VaxCare Co.opmart Quang Trung,9,Vắc xin Viêm não Nhật Bản,2,3,28,4.8,720,450000,3,6,0,4,85,599,0,50,0
2026-06-04,6,VaxCare Co.opmart Quang Trung,10,Vắc xin Cúm mùa (Influenza),5,1,365,4.9,2180,450000,3,6,0,17,552,183,0,50,0
2026-06-04,6,VaxCare Co.opmart Quang Trung,11,Vắc xin HPV (Human Papillomavirus),2,2,180,4.9,1240,1790000,3,6,0,5,21,209,0,50,1
2026-06-04,6,VaxCare Co.opmart Quang Trung,12,Vắc xin COVID-19,3,2,180,4.7,1890,550000,3,6,0,15,252,566,0,50,0
2026-06-04,6,VaxCare Co.opmart Quang Trung,13,Vắc xin Zona (Shingrix),4,2,60,4.9,640,3200000,3,6,0,5,43,197,0,50,1
2026-06-04,7,VaxCare Oriental Plaza,1,Vắc xin BCG (Bacille Calmette–Guérin),1,1,0,4.9,860,250000,3,6,0,10,154,243,0,45,0
2026-06-04,7,VaxCare Oriental Plaza,2,Vắc xin Viêm gan B (Hepatitis B),1,3,30,4.8,1420,350000,3,6,0,17,265,203,0,45,0
2026-06-04,7,VaxCare Oriental Plaza,3,Vắc xin Bạch hầu – Ho gà – Uốn ván (DTaP/Tdap),2,5,60,4.9,1180,520000,3,6,0,12,105,218,0,45,0
2026-06-04,7,VaxCare Oriental Plaza,4,Vắc xin Bại liệt (IPV),1,4,60,4.8,930,390000,3,6,0,7,103,248,0,45,0
2026-06-04,7,VaxCare Oriental Plaza,5,Vắc xin Hib (Haemophilus influenzae type b),1,3,60,4.9,760,420000,3,6,0,8,236,219,0,45,0
2026-06-04,7,VaxCare Oriental Plaza,6,Vắc xin MMR (Sởi – Quai bị – Rubella),2,2,28,4.9,1050,350000,3,6,0,10,167,496,0,45,0
2026-06-04,7,VaxCare Oriental Plaza,7,Vắc xin Thủy đậu (Varicella),2,2,28,4.8,980,850000,3,6,0,9,54,667,0,45,0
2026-06-04,7,VaxCare Oriental Plaza,8,Vắc xin Phế cầu (Pneumococcal),3,2,60,4.9,1360,1150000,3,6,0,16,130,366,0,45,0
2026-06-04,7,VaxCare Oriental Plaza,9,Vắc xin Viêm não Nhật Bản,2,3,28,4.8,720,450000,3,6,0,5,125,423,0,45,0
2026-06-04,7,VaxCare Oriental Plaza,10,Vắc xin Cúm mùa (Influenza),5,1,365,4.9,2180,450000,3,6,0,36,526,192,0,45,0
2026-06-04,7,VaxCare Oriental Plaza,11,Vắc xin HPV (Human Papillomavirus),2,2,180,4.9,1240,1790000,3,6,0,13,217,341,0,45,0
2026-06-04,7,VaxCare Oriental Plaza,12,Vắc xin COVID-19,3,2,180,4.7,1890,550000,3,6,0,18,206,330,0,45,0
2026-06-04,7,VaxCare Oriental Plaza,13,Vắc xin Zona (Shingrix),4,2,60,4.9,640,3200000,3,6,0,5,5,205,0,45,1
2026-06-04,8,VaxCare Hóc Môn - Đông Thạnh,1,Vắc xin BCG (Bacille Calmette–Guérin),1,1,0,4.9,860,250000,3,6,0,5,133,607,0,30,0
2026-06-04,8,VaxCare Hóc Môn - Đông Thạnh,2,Vắc xin Viêm gan B (Hepatitis B),1,3,30,4.8,1420,350000,3,6,0,11,190,308,0,30,0
2026-06-04,8,VaxCare Hóc Môn - Đông Thạnh,3,Vắc xin Bạch hầu – Ho gà – Uốn ván (DTaP/Tdap),2,5,60,4.9,1180,520000,3,6,0,8,160,654,0,30,0
2026-06-04,8,VaxCare Hóc Môn - Đông Thạnh,4,Vắc xin Bại liệt (IPV),1,4,60,4.8,930,390000,3,6,0,5,89,644,0,30,0
2026-06-04,8,VaxCare Hóc Môn - Đông Thạnh,5,Vắc xin Hib (Haemophilus influenzae type b),1,3,60,4.9,760,420000,3,6,0,4,98,511,0,30,0
2026-06-04,8,VaxCare Hóc Môn - Đông Thạnh,6,Vắc xin MMR (Sởi – Quai bị – Rubella),2,2,28,4.9,1050,350000,3,6,0,7,111,350,0,30,0
2026-06-04,8,VaxCare Hóc Môn - Đông Thạnh,7,Vắc xin Thủy đậu (Varicella),2,2,28,4.8,980,850000,3,6,0,6,87,589,0,30,0
2026-06-04,8,VaxCare Hóc Môn - Đông Thạnh,8,Vắc xin Phế cầu (Pneumococcal),3,2,60,4.9,1360,1150000,3,6,0,5,44,206,0,30,0
2026-06-04,8,VaxCare Hóc Môn - Đông Thạnh,9,Vắc xin Viêm não Nhật Bản,2,3,28,4.8,720,450000,3,6,0,6,92,234,0,30,0
2026-06-04,8,VaxCare Hóc Môn - Đông Thạnh,10,Vắc xin Cúm mùa (Influenza),5,1,365,4.9,2180,450000,3,6,0,13,377,137,0,30,0
2026-06-04,8,VaxCare Hóc Môn - Đông Thạnh,11,Vắc xin HPV (Human Papillomavirus),2,2,180,4.9,1240,1790000,3,6,0,6,46,457,0,30,0
2026-06-04,8,VaxCare Hóc Môn - Đông Thạnh,12,Vắc xin COVID-19,3,2,180,4.7,1890,550000,3,6,0,14,218,606,0,30,0
2026-06-04,8,VaxCare Hóc Môn - Đông Thạnh,13,Vắc xin Zona (Shingrix),4,2,60,4.9,640,3200000,3,6,0,3,68,616,0,30,0
2026-06-04,9,VaxCare Hiệp Bình,1,Vắc xin BCG (Bacille Calmette–Guérin),1,1,0,4.9,860,250000,3,6,0,11,216,339,0,40,0
2026-06-04,9,VaxCare Hiệp Bình,2,Vắc xin Viêm gan B (Hepatitis B),1,3,30,4.8,1420,350000,3,6,0,13,288,361,0,40,0
2026-06-04,9,VaxCare Hiệp Bình,3,Vắc xin Bạch hầu – Ho gà – Uốn ván (DTaP/Tdap),2,5,60,4.9,1180,520000,3,6,0,10,159,656,0,40,0
2026-06-04,9,VaxCare Hiệp Bình,4,Vắc xin Bại liệt (IPV),1,4,60,4.8,930,390000,3,6,0,10,149,447,0,40,0
2026-06-04,9,VaxCare Hiệp Bình,5,Vắc xin Hib (Haemophilus influenzae type b),1,3,60,4.9,760,420000,3,6,0,8,159,459,0,40,0
2026-06-04,9,VaxCare Hiệp Bình,6,Vắc xin MMR (Sởi – Quai bị – Rubella),2,2,28,4.9,1050,350000,3,6,0,16,156,649,0,40,0
2026-06-04,9,VaxCare Hiệp Bình,7,Vắc xin Thủy đậu (Varicella),2,2,28,4.8,980,850000,3,6,0,5,168,268,0,40,0
2026-06-04,9,VaxCare Hiệp Bình,8,Vắc xin Phế cầu (Pneumococcal),3,2,60,4.9,1360,1150000,3,6,0,11,11,493,0,40,1
2026-06-04,9,VaxCare Hiệp Bình,9,Vắc xin Viêm não Nhật Bản,2,3,28,4.8,720,450000,3,6,0,8,123,319,0,40,0
2026-06-04,9,VaxCare Hiệp Bình,10,Vắc xin Cúm mùa (Influenza),5,1,365,4.9,2180,450000,3,6,0,14,458,48,1,40,0
2026-06-04,9,VaxCare Hiệp Bình,11,Vắc xin HPV (Human Papillomavirus),2,2,180,4.9,1240,1790000,3,6,0,12,86,302,0,40,0
2026-06-04,9,VaxCare Hiệp Bình,12,Vắc xin COVID-19,3,2,180,4.7,1890,550000,3,6,0,14,272,380,0,40,0
2026-06-04,9,VaxCare Hiệp Bình,13,Vắc xin Zona (Shingrix),4,2,60,4.9,640,3200000,3,6,0,5,89,614,0,40,0
2026-06-04,10,VaxCare Tân Định,1,Vắc xin BCG (Bacille Calmette–Guérin),1,1,0,4.9,860,250000,3,6,0,12,112,587,0,50,0
2026-06-04,10,VaxCare Tân Định,2,Vắc xin Viêm gan B (Hepatitis B),1,3,30,4.8,1420,350000,3,6,0,12,394,386,0,50,0
2026-06-04,10,VaxCare Tân Định,3,Vắc xin Bạch hầu – Ho gà – Uốn ván (DTaP/Tdap),2,5,60,4.9,1180,520000,3,6,0,12,82,492,0,50,0
2026-06-04,10,VaxCare Tân Định,4,Vắc xin Bại liệt (IPV),1,4,60,4.8,930,390000,3,6,0,12,266,245,0,50,0
2026-06-04,10,VaxCare Tân Định,5,Vắc xin Hib (Haemophilus influenzae type b),1,3,60,4.9,760,420000,3,6,0,9,141,358,0,50,0
2026-06-04,10,VaxCare Tân Định,6,Vắc xin MMR (Sởi – Quai bị – Rubella),2,2,28,4.9,1050,350000,3,6,0,13,273,549,0,50,0
2026-06-04,10,VaxCare Tân Định,7,Vắc xin Thủy đậu (Varicella),2,2,28,4.8,980,850000,3,6,0,11,86,456,0,50,0
2026-06-04,10,VaxCare Tân Định,8,Vắc xin Phế cầu (Pneumococcal),3,2,60,4.9,1360,1150000,3,6,0,11,11,198,0,50,1
2026-06-04,10,VaxCare Tân Định,9,Vắc xin Viêm não Nhật Bản,2,3,28,4.8,720,450000,3,6,0,11,128,447,0,50,0
2026-06-04,10,VaxCare Tân Định,10,Vắc xin Cúm mùa (Influenza),5,1,365,4.9,2180,450000,3,6,0,17,464,60,1,50,0
2026-06-04,10,VaxCare Tân Định,11,Vắc xin HPV (Human Papillomavirus),2,2,180,4.9,1240,1790000,3,6,0,14,98,285,0,50,0
2026-06-04,10,VaxCare Tân Định,12,Vắc xin COVID-19,3,2,180,4.7,1890,550000,3,6,0,23,306,658,0,50,0
2026-06-04,10,VaxCare Tân Định,13,Vắc xin Zona (Shingrix),4,2,60,4.9,640,3200000,3,6,0,4,87,472,0,50,0
2026-06-04,11,VaxCare An Lạc,1,Vắc xin BCG (Bacille Calmette–Guérin),1,1,0,4.9,860,250000,3,6,0,7,141,614,0,40,0
2026-06-04,11,VaxCare An Lạc,2,Vắc xin Viêm gan B (Hepatitis B),1,3,30,4.8,1420,350000,3,6,0,15,348,633,0,40,0
2026-06-04,11,VaxCare An Lạc,3,Vắc xin Bạch hầu – Ho gà – Uốn ván (DTaP/Tdap),2,5,60,4.9,1180,520000,3,6,0,11,124,335,0,40,0
2026-06-04,11,VaxCare An Lạc,4,Vắc xin Bại liệt (IPV),1,4,60,4.8,930,390000,3,6,0,10,175,265,0,40,0
2026-06-04,11,VaxCare An Lạc,5,Vắc xin Hib (Haemophilus influenzae type b),1,3,60,4.9,760,420000,3,6,0,7,136,273,0,40,0
2026-06-04,11,VaxCare An Lạc,6,Vắc xin MMR (Sởi – Quai bị – Rubella),2,2,28,4.9,1050,350000,3,6,0,10,191,660,0,40,0
2026-06-04,11,VaxCare An Lạc,7,Vắc xin Thủy đậu (Varicella),2,2,28,4.8,980,850000,3,6,0,9,115,550,0,40,0
2026-06-04,11,VaxCare An Lạc,8,Vắc xin Phế cầu (Pneumococcal),3,2,60,4.9,1360,1150000,3,6,0,11,35,561,0,40,1
2026-06-04,11,VaxCare An Lạc,9,Vắc xin Viêm não Nhật Bản,2,3,28,4.8,720,450000,3,6,0,6,44,475,0,40,0
2026-06-04,11,VaxCare An Lạc,10,Vắc xin Cúm mùa (Influenza),5,1,365,4.9,2180,450000,3,6,0,24,480,190,0,40,0
2026-06-04,11,VaxCare An Lạc,11,Vắc xin HPV (Human Papillomavirus),2,2,180,4.9,1240,1790000,3,6,0,8,104,263,0,40,0
2026-06-04,11,VaxCare An Lạc,12,Vắc xin COVID-19,3,2,180,4.7,1890,550000,3,6,0,22,184,661,0,40,0
2026-06-04,11,VaxCare An Lạc,13,Vắc xin Zona (Shingrix),4,2,60,4.9,640,3200000,3,6,0,5,5,651,0,40,1
2026-06-04,12,VaxCare Phú Thuận,1,Vắc xin BCG (Bacille Calmette–Guérin),1,1,0,4.9,860,250000,3,6,0,10,196,415,0,35,0
2026-06-04,12,VaxCare Phú Thuận,2,Vắc xin Viêm gan B (Hepatitis B),1,3,30,4.8,1420,350000,3,6,0,16,283,642,0,35,0
2026-06-04,12,VaxCare Phú Thuận,3,Vắc xin Bạch hầu – Ho gà – Uốn ván (DTaP/Tdap),2,5,60,4.9,1180,520000,3,6,0,10,176,351,0,35,0
2026-06-04,12,VaxCare Phú Thuận,4,Vắc xin Bại liệt (IPV),1,4,60,4.8,930,390000,3,6,0,5,114,444,0,35,0
2026-06-04,12,VaxCare Phú Thuận,5,Vắc xin Hib (Haemophilus influenzae type b),1,3,60,4.9,760,420000,3,6,0,7,169,468,0,35,0
2026-06-04,12,VaxCare Phú Thuận,6,Vắc xin MMR (Sởi – Quai bị – Rubella),2,2,28,4.9,1050,350000,3,6,0,11,132,537,0,35,0
2026-06-04,12,VaxCare Phú Thuận,7,Vắc xin Thủy đậu (Varicella),2,2,28,4.8,980,850000,3,6,0,8,136,478,0,35,0
2026-06-04,12,VaxCare Phú Thuận,8,Vắc xin Phế cầu (Pneumococcal),3,2,60,4.9,1360,1150000,3,6,0,9,9,372,0,35,1
2026-06-04,12,VaxCare Phú Thuận,9,Vắc xin Viêm não Nhật Bản,2,3,28,4.8,720,450000,3,6,0,9,84,613,0,35,0
2026-06-04,12,VaxCare Phú Thuận,10,Vắc xin Cúm mùa (Influenza),5,1,365,4.9,2180,450000,3,6,0,15,473,176,0,35,0
2026-06-04,12,VaxCare Phú Thuận,11,Vắc xin HPV (Human Papillomavirus),2,2,180,4.9,1240,1790000,3,6,0,8,96,297,0,35,0
2026-06-04,12,VaxCare Phú Thuận,12,Vắc xin COVID-19,3,2,180,4.7,1890,550000,3,6,0,15,229,184,0,35,0
2026-06-04,12,VaxCare Phú Thuận,13,Vắc xin Zona (Shingrix),4,2,60,4.9,640,3200000,3,6,0,4,10,688,0,35,1
